-- MySQL dump 10.13  Distrib 5.5.43, for debian-linux-gnu (i686)
--
-- Host: localhost    Database: notes
-- ------------------------------------------------------
-- Server version	5.5.43-0ubuntu0.14.04.1

/*!40101 SET @OLD_CHARACTER_SET_CLIENT=@@CHARACTER_SET_CLIENT */;
/*!40101 SET @OLD_CHARACTER_SET_RESULTS=@@CHARACTER_SET_RESULTS */;
/*!40101 SET @OLD_COLLATION_CONNECTION=@@COLLATION_CONNECTION */;
/*!40101 SET NAMES utf8 */;
/*!40103 SET @OLD_TIME_ZONE=@@TIME_ZONE */;
/*!40103 SET TIME_ZONE='+00:00' */;
/*!40014 SET @OLD_UNIQUE_CHECKS=@@UNIQUE_CHECKS, UNIQUE_CHECKS=0 */;
/*!40014 SET @OLD_FOREIGN_KEY_CHECKS=@@FOREIGN_KEY_CHECKS, FOREIGN_KEY_CHECKS=0 */;
/*!40101 SET @OLD_SQL_MODE=@@SQL_MODE, SQL_MODE='NO_AUTO_VALUE_ON_ZERO' */;
/*!40111 SET @OLD_SQL_NOTES=@@SQL_NOTES, SQL_NOTES=0 */;

--
-- Current Database: `notes`
--

CREATE DATABASE /*!32312 IF NOT EXISTS*/ `notes` /*!40100 DEFAULT CHARACTER SET latin1 */;

USE `notes`;

--
-- Table structure for table `ANNEEACADEMIQUE`
--

DROP TABLE IF EXISTS `ANNEEACADEMIQUE`;
/*!40101 SET @saved_cs_client     = @@character_set_client */;
/*!40101 SET character_set_client = utf8 */;
CREATE TABLE `ANNEEACADEMIQUE` (
  `ID` bigint(20) NOT NULL,
  `ACTIVE` int(11) DEFAULT '1',
  `DEBUT` date DEFAULT NULL,
  `FIN` date DEFAULT NULL,
  `VERSION` int(11) DEFAULT NULL,
  PRIMARY KEY (`ID`)
) ENGINE=InnoDB DEFAULT CHARSET=latin1;
/*!40101 SET character_set_client = @saved_cs_client */;

--
-- Dumping data for table `ANNEEACADEMIQUE`
--

LOCK TABLES `ANNEEACADEMIQUE` WRITE;
/*!40000 ALTER TABLE `ANNEEACADEMIQUE` DISABLE KEYS */;
INSERT INTO `ANNEEACADEMIQUE` VALUES (29,1,'2014-10-06','2015-09-26',1),(2451,1,'2013-10-07','2014-09-27',2),(2851,1,'2012-10-01','2013-09-28',1),(2852,1,'2011-10-03','2012-09-28',1),(2853,1,'2010-10-04','2011-09-30',1),(2854,1,'2009-10-05','2010-09-30',1);
/*!40000 ALTER TABLE `ANNEEACADEMIQUE` ENABLE KEYS */;
UNLOCK TABLES;

--
-- Table structure for table `COURS`
--

DROP TABLE IF EXISTS `COURS`;
/*!40101 SET @saved_cs_client     = @@character_set_client */;
/*!40101 SET character_set_client = utf8 */;
CREATE TABLE `COURS` (
  `ID` bigint(20) NOT NULL,
  `ACTIVE` int(11) DEFAULT '1',
  `CREDIT` int(11) DEFAULT NULL,
  `INTITULE` varchar(255) DEFAULT NULL,
  `VERSION` int(11) DEFAULT NULL,
  `TYPECOURS_ID` bigint(20) DEFAULT NULL,
  PRIMARY KEY (`ID`),
  UNIQUE KEY `INTITULE` (`INTITULE`),
  KEY `FK_COURS_TYPECOURS_ID` (`TYPECOURS_ID`),
  CONSTRAINT `FK_COURS_TYPECOURS_ID` FOREIGN KEY (`TYPECOURS_ID`) REFERENCES `TYPECOURS` (`ID`)
) ENGINE=InnoDB DEFAULT CHARSET=latin1;
/*!40101 SET character_set_client = @saved_cs_client */;

--
-- Dumping data for table `COURS`
--

LOCK TABLES `COURS` WRITE;
/*!40000 ALTER TABLE `COURS` DISABLE KEYS */;
INSERT INTO `COURS` VALUES (351,1,3,'Analyse 1',1,41),(352,1,3,'Algèbre 1',1,41),(353,1,3,'Circuits Logiques 1',1,41),(354,1,3,'TP Electronique 1',1,304),(355,1,2,'Electronique de base',1,41),(356,1,2,'Circuits Electriques',1,41),(357,1,2,'Electromagnétisme 1',1,41),(358,1,2,'Optique Géométrique',1,41),(359,1,4,'Algorithmique et Programmation',1,41),(360,1,2,'Introduction à l\'informatique',1,41),(361,1,2,'Mécanique du Point Matériel',1,41),(362,1,2,'Schéma Electrique',1,41),(363,1,2,'Communation Scientifique',1,41),(2609,1,2,'Analyse 3',1,41),(2610,1,2,'Probabilités et Statistiques',1,41),(2611,1,3,'Architecture des Ordinateurs',1,41),(2612,1,2,'Programmation avancée en C',1,41),(2613,1,2,'Introduction aux bases de données',1,41),(2614,1,2,'Electrotechnique de base',1,41),(2615,1,2,'Electronique de puissance',1,41),(2616,1,2,'Traitement du signal',1,41),(2617,1,2,'Systèmes et Signaux de Communication',1,41),(2618,1,2,'Propagation des ondes',1,41),(2619,1,2,'Bases de communication analogique 1',1,41),(2620,1,2,'Communication technique',1,41),(2621,1,2,'Economie Générale',1,41),(2622,1,2,'Droit Civil et Social',1,41),(4959,1,3,'Analyse 2',1,41),(4960,1,3,'Algèbre 2',1,41),(4961,1,3,'TP Electronique 2',1,304),(4962,1,2,'Circuits Logiques 2',1,41),(4963,1,2,'Système d\'Exploitation 1',1,41),(4964,1,2,'Logique Formelle',1,41),(4965,1,2,'Algorithmique et Structures de données 1',1,41),(4966,1,2,'Introduction au Réseau',1,201),(4967,1,2,'Technologies et Applications Web',1,41),(4968,1,2,'Electromagnétisme 2',1,41),(4969,1,3,'Dessin Technique et Fabrication Mécanique',1,41),(4970,1,2,'Technologies des Matériaux',1,41),(4971,1,2,'Sports et Education Physique',3,1051),(4972,1,2,'Stage',1,304);
/*!40000 ALTER TABLE `COURS` ENABLE KEYS */;
UNLOCK TABLES;

--
-- Table structure for table `CYCLES`
--

DROP TABLE IF EXISTS `CYCLES`;
/*!40101 SET @saved_cs_client     = @@character_set_client */;
/*!40101 SET character_set_client = utf8 */;
CREATE TABLE `CYCLES` (
  `ID` bigint(20) NOT NULL,
  `ACTIVE` int(11) DEFAULT '1',
  `NOM` varchar(255) DEFAULT NULL,
  `VERSION` int(11) DEFAULT NULL,
  PRIMARY KEY (`ID`),
  UNIQUE KEY `NOM` (`NOM`)
) ENGINE=InnoDB DEFAULT CHARSET=latin1;
/*!40101 SET character_set_client = @saved_cs_client */;

--
-- Dumping data for table `CYCLES`
--

LOCK TABLES `CYCLES` WRITE;
/*!40000 ALTER TABLE `CYCLES` DISABLE KEYS */;
INSERT INTO `CYCLES` VALUES (1,1,'Licence',1),(2,1,'Master',1);
/*!40000 ALTER TABLE `CYCLES` ENABLE KEYS */;
UNLOCK TABLES;

--
-- Table structure for table `DEPARTEMENT`
--

DROP TABLE IF EXISTS `DEPARTEMENT`;
/*!40101 SET @saved_cs_client     = @@character_set_client */;
/*!40101 SET character_set_client = utf8 */;
CREATE TABLE `DEPARTEMENT` (
  `ID` bigint(20) NOT NULL,
  `ACTIVE` int(11) DEFAULT '1',
  `CODE` varchar(255) DEFAULT NULL,
  `DESCRIPTION` varchar(255) DEFAULT NULL,
  `VERSION` int(11) DEFAULT NULL,
  `ENGLISHDESCRIPTION` varchar(255) DEFAULT NULL,
  `FRENCHDESCRIPTION` varchar(255) DEFAULT NULL,
  PRIMARY KEY (`ID`),
  UNIQUE KEY `CODE` (`CODE`)
) ENGINE=InnoDB DEFAULT CHARSET=latin1;
/*!40101 SET character_set_client = @saved_cs_client */;

--
-- Dumping data for table `DEPARTEMENT`
--

LOCK TABLES `DEPARTEMENT` WRITE;
/*!40000 ALTER TABLE `DEPARTEMENT` DISABLE KEYS */;
INSERT INTO `DEPARTEMENT` VALUES (8,1,'INFOTEL','Informatique et Télécommunications',1,'Computer Science and Telecommunications','Informatique et Télécommunications'),(9,1,'AGEPD','Agriculture, Elevage et Produits Dérivés',1,'Agriculture Live and Derived Products','Agriculture, Elevage et Produits Dérivés'),(2301,1,'ENREN',NULL,1,NULL,NULL);
/*!40000 ALTER TABLE `DEPARTEMENT` ENABLE KEYS */;
UNLOCK TABLES;

--
-- Table structure for table `ENSEIGNANT`
--

DROP TABLE IF EXISTS `ENSEIGNANT`;
/*!40101 SET @saved_cs_client     = @@character_set_client */;
/*!40101 SET character_set_client = utf8 */;
CREATE TABLE `ENSEIGNANT` (
  `ID` bigint(20) NOT NULL,
  `ACTIVE` int(11) DEFAULT '1',
  `NOM` varchar(255) DEFAULT NULL,
  `VERSION` int(11) DEFAULT NULL,
  PRIMARY KEY (`ID`)
) ENGINE=InnoDB DEFAULT CHARSET=latin1;
/*!40101 SET character_set_client = @saved_cs_client */;

--
-- Dumping data for table `ENSEIGNANT`
--

LOCK TABLES `ENSEIGNANT` WRITE;
/*!40000 ALTER TABLE `ENSEIGNANT` DISABLE KEYS */;
INSERT INTO `ENSEIGNANT` VALUES (801,1,'Vincent Douwe',1),(7151,1,'Nounamo',1);
/*!40000 ALTER TABLE `ENSEIGNANT` ENABLE KEYS */;
UNLOCK TABLES;

--
-- Table structure for table `ENSEIGNEMENT`
--

DROP TABLE IF EXISTS `ENSEIGNEMENT`;
/*!40101 SET @saved_cs_client     = @@character_set_client */;
/*!40101 SET character_set_client = utf8 */;
CREATE TABLE `ENSEIGNEMENT` (
  `ID` bigint(20) NOT NULL,
  `ACTIVE` int(11) DEFAULT '1',
  `VERSION` int(11) DEFAULT NULL,
  `ANNEEACADEMIQUE_ID` bigint(20) DEFAULT NULL,
  `COURS_ID` bigint(20) DEFAULT NULL,
  PRIMARY KEY (`ID`),
  KEY `FK_ENSEIGNEMENT_COURS_ID` (`COURS_ID`),
  KEY `FK_ENSEIGNEMENT_ANNEEACADEMIQUE_ID` (`ANNEEACADEMIQUE_ID`),
  CONSTRAINT `FK_ENSEIGNEMENT_ANNEEACADEMIQUE_ID` FOREIGN KEY (`ANNEEACADEMIQUE_ID`) REFERENCES `ANNEEACADEMIQUE` (`ID`),
  CONSTRAINT `FK_ENSEIGNEMENT_COURS_ID` FOREIGN KEY (`COURS_ID`) REFERENCES `COURS` (`ID`)
) ENGINE=InnoDB DEFAULT CHARSET=latin1;
/*!40101 SET character_set_client = @saved_cs_client */;

--
-- Dumping data for table `ENSEIGNEMENT`
--

LOCK TABLES `ENSEIGNEMENT` WRITE;
/*!40000 ALTER TABLE `ENSEIGNEMENT` DISABLE KEYS */;
INSERT INTO `ENSEIGNEMENT` VALUES (1101,1,1,29,359);
/*!40000 ALTER TABLE `ENSEIGNEMENT` ENABLE KEYS */;
UNLOCK TABLES;

--
-- Table structure for table `ENSEIGNEMENT_ENSEIGNANT`
--

DROP TABLE IF EXISTS `ENSEIGNEMENT_ENSEIGNANT`;
/*!40101 SET @saved_cs_client     = @@character_set_client */;
/*!40101 SET character_set_client = utf8 */;
CREATE TABLE `ENSEIGNEMENT_ENSEIGNANT` (
  `enseignants_ID` bigint(20) NOT NULL,
  `enseignements_ID` bigint(20) NOT NULL,
  PRIMARY KEY (`enseignants_ID`,`enseignements_ID`),
  KEY `FK_ENSEIGNEMENT_ENSEIGNANT_enseignements_ID` (`enseignements_ID`),
  CONSTRAINT `FK_ENSEIGNEMENT_ENSEIGNANT_enseignants_ID` FOREIGN KEY (`enseignants_ID`) REFERENCES `ENSEIGNANT` (`ID`),
  CONSTRAINT `FK_ENSEIGNEMENT_ENSEIGNANT_enseignements_ID` FOREIGN KEY (`enseignements_ID`) REFERENCES `ENSEIGNEMENT` (`ID`)
) ENGINE=InnoDB DEFAULT CHARSET=latin1;
/*!40101 SET character_set_client = @saved_cs_client */;

--
-- Dumping data for table `ENSEIGNEMENT_ENSEIGNANT`
--

LOCK TABLES `ENSEIGNEMENT_ENSEIGNANT` WRITE;
/*!40000 ALTER TABLE `ENSEIGNEMENT_ENSEIGNANT` DISABLE KEYS */;
INSERT INTO `ENSEIGNEMENT_ENSEIGNANT` VALUES (801,1101);
/*!40000 ALTER TABLE `ENSEIGNEMENT_ENSEIGNANT` ENABLE KEYS */;
UNLOCK TABLES;

--
-- Table structure for table `ETUDIANT`
--

DROP TABLE IF EXISTS `ETUDIANT`;
/*!40101 SET @saved_cs_client     = @@character_set_client */;
/*!40101 SET character_set_client = utf8 */;
CREATE TABLE `ETUDIANT` (
  `ID` bigint(20) NOT NULL,
  `ACTIVE` int(11) DEFAULT '1',
  `DATEDENAISSANCE` date DEFAULT NULL,
  `EMAIL` varchar(255) DEFAULT NULL,
  `GENRE` int(11) DEFAULT NULL,
  `LIEUDENAISSANCE` varchar(255) DEFAULT NULL,
  `MATRICULE` varchar(255) DEFAULT NULL,
  `NOM` varchar(255) NOT NULL,
  `NUMEROTELEPHONE` varchar(255) DEFAULT NULL,
  `VERSION` int(11) DEFAULT NULL,
  `VALIDDATE` tinyint(1) DEFAULT '1',
  PRIMARY KEY (`ID`),
  UNIQUE KEY `MATRICULE` (`MATRICULE`)
) ENGINE=InnoDB DEFAULT CHARSET=latin1;
/*!40101 SET character_set_client = @saved_cs_client */;

--
-- Dumping data for table `ETUDIANT`
--

LOCK TABLES `ETUDIANT` WRITE;
/*!40000 ALTER TABLE `ETUDIANT` DISABLE KEYS */;
INSERT INTO `ETUDIANT` VALUES (372,1,'1991-03-26',NULL,0,'MAROUA','14A756S','ABDOUL-AZIZ YOUGOUDA',NULL,1,1),(374,1,'1992-03-08',NULL,0,'DJARENGOL KODEK','14A311S','ABDOUL-AZIZE ALIOUM',NULL,1,1),(376,1,'1992-06-18',NULL,0,'GAROUA','14A686S','ABDOULKADIRI BELLO',NULL,1,1),(378,1,'1996-10-24',NULL,0,'LAGDO','14A495S','ABDOULRAMANE ABOU DJAFAR',NULL,1,1),(380,1,'1994-12-18',NULL,0,'MAROUA','14A687S','ADOUM ALI TAIGA',NULL,1,1),(382,1,'1993-10-15',NULL,0,'NGAOUNDAL','14A409S','ALGER SOULEYMANOU ABDOU',NULL,1,1),(384,1,'1996-01-18',NULL,0,'MESKINE','14A481S','AOUDAI BARTHELEMY',NULL,1,1),(386,1,'1992-11-16',NULL,0,'BAFOUSSAM','14A353S','ATTALA DOMPTUE THIERRY EMMANUEL',NULL,1,1),(388,1,'1990-05-15',NULL,0,'BERTOUA','14A666S','BASSONG STEVE DARYL DAN',NULL,1,1),(390,1,'1993-07-11',NULL,0,'BERTOUA','14A565S','BIET MOADOUGOU DELASTEYRIE',NULL,1,1),(392,1,'1997-11-07',NULL,1,'TOUBORO','14A616S','BOUGH JEMIMA',NULL,1,1),(394,1,'1997-09-30',NULL,0,'GODOLA-MERI','14A688S','DELI ETIENNE',NULL,1,1),(396,1,'1994-07-31',NULL,1,'TCHEBOA','14A442S','DIDIWA FATOUMATA',NULL,1,1),(398,1,'1991-06-23',NULL,0,'GAROUA','14A279S','DOBA MANGASSE VALERE FRANCIS',NULL,1,1),(400,1,'1992-04-22',NULL,0,'YAOUNDE','14A319S','EL HADJ ADAM MAHAMAT ADAM',NULL,1,1),(402,1,'1989-07-02',NULL,1,'MBOUROUKOU','14A164S','EMATI EPOTE JEANINE POUPINA',NULL,1,1),(404,1,'1992-08-28',NULL,0,'MAYO-OULO','14A341S','FAOUZI EL MANSOUR',NULL,1,1),(406,1,'1993-06-13',NULL,0,'YAOUNDE','14A386S','FOTSING TADJOU STEPHANE',NULL,1,1),(408,1,'1992-03-09',NULL,0,'NGAOUNDERE','14A312S','GUEDENA ADOLPHE',NULL,1,1),(410,1,'1994-06-29',NULL,0,'MOKOLO','14A439S','GUEDJEO ABDOUL NASSER',NULL,1,1),(412,1,'1997-02-23',NULL,0,'YAOUNDE','14A500S','GUY MBEREBE GUIDONA',NULL,1,1),(414,1,'1993-09-12',NULL,1,'BERTOUA','14A403S','HADJA EMITE MALAM',NULL,1,1),(416,1,'1984-04-04',NULL,0,'NGAOUNDERE','14A689S','HAMADAMA BOBBO EMILE',NULL,1,1),(418,1,'1991-08-22',NULL,0,'MAROUA','14A667S','HAMAWA DAIROU',NULL,1,1),(420,1,'1991-07-19',NULL,1,'MAROUA','14A690S','HAWA BELLO KOBE',NULL,1,1),(422,1,'1993-07-15',NULL,0,'DJERENGOL-KODEK','14A393S','IBNOU MOUBARAK',NULL,1,1),(424,1,'1995-01-16',NULL,0,'YAOUNDE','14A456S','JEUDONG DZOMO GERVAIS',NULL,1,1),(426,1,'1993-04-23',NULL,0,'FIGUIL','14A380S','KOUE DAYANA GABIN',NULL,1,1),(428,1,'1994-08-17',NULL,1,'NGAOUNDERE','14A691S','MARYAMOU OUMAROU',NULL,1,1),(430,1,'1998-01-02',NULL,0,'BERTOUA','14A615S','MBIABA MBATO ULRICH',NULL,1,1),(432,1,'1994-03-01',NULL,0,'CSD DE MOMO','14A576S','METOU\'OU AFANA RENE PEGUY STEPHANE PRINCE',NULL,1,1),(434,1,'1998-12-11',NULL,0,'DJARENGOL-KODEK','14A504S','MOHAMMAD MOURAD ABDOULAHI',NULL,1,1),(436,1,'1992-08-24',NULL,0,'DOUALA','14A554S','NDOUWE BAMO ERIC',NULL,1,1),(438,1,'1991-09-12',NULL,0,'BAFOUSSAM','14A692S','NGUIATSI GOUFACK JOLYVEAU CROWL',NULL,1,1),(440,1,'1986-02-10',NULL,0,'SANGMELIMA','14A067S','NKOMOZO\'O ANDOU FERDINAND GUY',NULL,1,1),(442,1,'1993-01-01',NULL,0,'NKOL-MGBANA','14A693S','ONGUENE MARCELIN',NULL,1,1),(444,1,'1996-08-20',NULL,0,'BALOUM','14A492S','OUEMBA TAGNE ARMEL BORIS',NULL,1,1),(446,1,'1995-03-20',NULL,0,'MEME','14A464S','OUMATE',NULL,1,1),(448,1,'1991-11-30',NULL,0,'GAROUA','14A300S','SENEPOULE RADIEU-AUSTIN',NULL,1,1),(450,1,'1993-08-24',NULL,0,'DOUALA','14A399S','SIMO VANICK JOEL',NULL,1,1),(452,1,'1994-01-01',NULL,0,'MAYO BANI HAMAN','14A612S','SOUGNABE ELYSEE',NULL,1,1),(454,1,'1998-11-19',NULL,0,'KARANTCHI','14A503S','TAKEDE MADIGA ALBERT',NULL,1,1),(456,1,'1994-02-25',NULL,0,'BAFOUSSAM','14A575S','TANKUI DJECHE FRANK KEVIN',NULL,1,1),(458,1,'1992-08-15',NULL,0,'MBOUDA','14A553S','TATSINDA NZAPA NARCISSE',NULL,1,1),(460,1,'1987-05-12',NULL,0,'YAOUNDE','14A088S','TCHUO TAKUETE BRICE',NULL,1,1),(462,1,'1990-03-13',NULL,0,'YAOUNDE','14A206S','WADOU BEKAME CAMILLE QUENTIN',NULL,1,1),(464,1,'1993-02-06',NULL,0,'BANKA-BAFANG','14A562S','WAKO RAOUL',NULL,1,1),(466,1,'1993-07-26',NULL,0,'YAOUNDE','14A694S','WATCHOU NJIKE GAUÏS PATIEN',NULL,1,1),(468,1,'1994-06-04',NULL,0,'MBANDJOCK','14A434S','WOUWE BERNARD YVES',NULL,1,1),(470,1,'1994-05-15',NULL,0,'DJIDOMA','14A695S','YAKNO BOLIVARD',NULL,1,1),(472,1,'1993-09-06',NULL,0,'MBALMAYO','14A569S','ZANGUE CEDRIC',NULL,1,1),(474,1,'1992-02-04',NULL,0,'BERTOUA','14A647S','ZEFONE ZACHARIE',NULL,1,1),(1401,1,'1989-07-30',NULL,0,'GAROUA','14A704S','ABDOULAYE HAMAN BOUBA LOUIS',NULL,1,1),(1403,1,'1983-02-01',NULL,0,'BAIZIDI-YAGOUA','14A510S','ABOUSSALAYE MARCEL',NULL,1,0),(1405,1,'1991-08-01',NULL,1,'GAROUA','14A282S','AMINATOU GISLAINE',NULL,1,1),(1407,1,'1992-01-02',NULL,1,'BALATCHI','12X130S','AYONTA MELI DOUDOU',NULL,1,1),(1409,1,'1990-10-02',NULL,1,'BACHUA-BABADJ','12X203S','CHEWAC ADELAÏDE',NULL,1,1),(1411,1,'1993-10-13',NULL,1,'BAFANG','14A408S','FABOUPE IRENE',NULL,1,1),(1413,1,'1994-03-12',NULL,1,'MAROUA','12X038S','FADIMATOU LEILA',NULL,1,1),(1415,1,'1990-05-21',NULL,0,'GUILI','14A212S','HAMADOU',NULL,1,1),(1417,1,'1988-01-17',NULL,0,'MBANDJOCK','14A109S','KABOUI ANDRE',NULL,1,1),(1419,1,'1991-01-02',NULL,0,'YOKADOUMA','12X189S','KAMGA FOTSO ALEX-SIDOINE',NULL,1,1),(1421,1,'1991-11-02',NULL,0,'BANGANGTE','14A541S','KAMGA KUATE MOISE DIMITRI',NULL,1,1),(1423,1,'1993-05-22',NULL,1,'BAFOUSSAM','12X070S','KENGNE FOTSING REGINE STEPHANIE',NULL,1,1),(1425,1,'1991-01-13',NULL,1,'GUIDER','14A255S','KOUIYOSSI DINA',NULL,1,1),(1427,1,'1995-06-07',NULL,0,'BAFOUSSAM','12X012S','LANDO MANFOUO FRANCK DERICK',NULL,1,1),(1429,1,'1987-05-26',NULL,1,'N\'DJAMENA','11V204S','MADJILEM BLANDINE NEBARIM ',NULL,1,1),(1431,1,'1994-03-24',NULL,1,'BAFOUSSAM','14A655S','MAWENANG SAHA ECHO BERELISE',NULL,1,1),(1433,1,'1993-01-15',NULL,1,'BERTOUA','14A561S','MBIA ANGE FRIQUETTE',NULL,1,1),(1435,1,'1992-07-27',NULL,0,'MORA','11V420S','MISKEY HALIL HESSANA ',NULL,1,1),(1437,1,'1987-01-12',NULL,0,'NGOG-MAPUBI','11V182S','MIYEM MBEY LUC BAYARD',NULL,1,1),(1439,1,'1984-06-26',NULL,0,'GAROUA','14A708S','MOHAMADOU SAÏDOU',NULL,1,1),(1441,1,'1975-11-17',NULL,0,'MATAKAM-REBOGO','12X636S','NDOUVNA DOUMBA',NULL,1,1),(1443,1,'1988-06-06',NULL,0,'ETOK','14A709S','NGONO HUGUES PASCAL',NULL,1,1),(1445,1,'1991-04-21',NULL,1,'MFOU-VILLE','12X170S','NGONO MBALA TATIANA JEANNE',NULL,1,1),(1447,1,'1989-01-14',NULL,0,'ESSE','12X315S','ONANA MELIGA JEAN PIERRE CYRILE',NULL,1,1),(1449,1,'1992-10-14',NULL,0,'LELEM-MAGWETE','12X100S','SEUMO NGONGANG GILLES BRICE',NULL,1,1),(1451,1,'1990-01-06',NULL,0,'BAFANG','12X258S','SOH DZO DANIEL ULRICH',NULL,1,1),(1453,1,'1994-11-13',NULL,0,'EBOLOWA','14A452S','TANGWA AMOUR FRANCIS',NULL,1,1),(1455,1,'1986-05-25',NULL,0,'LOUM','12X478S','TCHOUPO CHRISTIAN WILLIAM CYRIL',NULL,1,1),(1457,1,'1993-01-01',NULL,0,'BAFOUSSAM','12X084S','TIOZANG TSAGUE ERIC',NULL,1,1),(1459,1,'1989-01-30',NULL,1,'NJISSE','12X312S','TSAPI KENNE ESTELLE',NULL,1,1),(1461,1,'1992-09-04',NULL,0,'BIDZAR','11V425S','VONDOU WAKAYA JEAN-BAPTISTE',NULL,1,1),(1463,1,'1992-01-31',NULL,0,'MANGWETE MELONG','12X125S','YOUMBI DORLY ARELLE',NULL,1,1),(1465,1,'1969-11-25',NULL,0,'BAFANG','12X654S','YOUMBI YAMDJEU DENIS',NULL,1,1),(1467,1,'1993-12-26',NULL,0,'MAROUA','14A414S','ALIOU GARGA HAMADOU',NULL,1,1),(1469,1,'1991-07-13',NULL,0,'MAROUA','12X154S','BADAI YACOUBOU',NULL,1,1),(1471,1,'1990-10-10',NULL,0,'MOSKOTA','14A241S','BADAMAI JOSEPH',NULL,1,1),(1473,1,'1992-06-03',NULL,1,'GAROUA','12X114S','BAHANE MANHOULI LYNDA',NULL,1,1),(1475,1,'1986-03-14',NULL,0,'MANELON','11V145S','BILOA THIERRY MARTIAL',NULL,1,1),(1477,1,'1975-09-12',NULL,0,'GAROUA','14A750S','BOUBAKARI',NULL,1,1),(1479,1,'1989-04-14',NULL,0,'MAROUA','14A155S','BOYABO BOUVOURNE MAXIME',NULL,1,1),(1481,1,'1989-04-28',NULL,0,'YAOUNDE','14A156S','DASSI TAMKO JEAN MARC',NULL,1,1),(1483,1,'1982-01-01',NULL,0,'ZIAMI-MAGA','12X580S','DOBARA WANGKAGUE ANTOINE',NULL,1,1),(1485,1,'1985-01-15',NULL,1,'MEYOMADJOM','14A706S','EKEMELA ENGOLO JULIETTE ANITA',NULL,1,1),(1487,1,'1989-06-23',NULL,0,'WUM','14A654S','FOTIE SAHA MARTIABAUT',NULL,1,1),(1489,1,'1992-02-08',NULL,1,'YAOUNDE','14A308S','GOUPAYOU TCHUENTE VANESSA LINDA',NULL,1,1),(1491,1,'1990-12-09',NULL,0,'KOUSSERI','12X192S','HASSANA AHMAT ALIFA',NULL,1,1),(1493,1,'1992-09-20',NULL,0,'MAROUA','12X102S','IBRAHIMA ALAMINE',NULL,1,1),(1495,1,'1990-07-24',NULL,1,'YAOUNDE','14A751S','KAMGA MBOMBACK DANIELE',NULL,1,1),(1497,1,'1994-09-10',NULL,0,'BAFOUSSAM','12X027S','KAMGANG NDADA ALEX',NULL,1,1),(1499,1,'1977-02-01',NULL,0,'KAOULARI (DOUKOULA)','14A507S','KAOUNA DJARSOUM',NULL,1,0),(1501,1,'1993-04-24',NULL,1,'AYOS','12X073S','KENFACK LESSON SYLVIANE',NULL,1,1),(1503,1,'1989-09-13',NULL,0,'MAVOUMAI','14A177S','KITA MAMTSAI MAMTSAI',NULL,1,1),(1505,1,'1989-02-14',NULL,1,'GAMBOURA','14A150S','KONAÏ ROSINE',NULL,1,1),(1507,1,'1987-05-24',NULL,0,'YAGOUA','12X430S','MAINAZANGA GAOU JEAN CALVIN',NULL,1,1),(1509,1,'1982-09-01',NULL,1,'DOUMROU','14A036S','NANA HAWAOU',NULL,1,1),(1511,1,'1989-09-29',NULL,0,'YAOUNDE','14A180S','NDJOUMOU NDJOUMOU FRANCK JERRY',NULL,1,1),(1513,1,'1990-10-28',NULL,0,'YAOUNDÉ IV','12X199S','NJOCK NGUIDJOI GABRIEL BIENVENU',NULL,1,1),(1515,1,'1991-03-01',NULL,1,'MAROUA','14A261S','NOURATOU BOUBA HADJA',NULL,1,1),(1517,1,'1988-02-21',NULL,0,'MEIGANGA','12X380S','OTABELA NGA HERVE SUN',NULL,1,1),(1519,1,'1995-09-29',NULL,1,'YAOUNDE','12X010S','POUEMO NANA FLEUR SORELLE',NULL,1,1),(1521,1,'1991-01-28',NULL,1,'DOUALA','12X184S','SIMO POKA FLORA',NULL,1,1),(1523,1,'1989-01-10',NULL,0,'BALEVENG','14A230S','AGUIASSUE ALAIN GIRESS',NULL,1,1),(1525,1,'1989-04-01',NULL,1,'MAROUA','12X297S','AISSATOU ALI MOUSSA',NULL,1,1),(1527,1,'1979-01-01',NULL,0,'SALAK-MAROUA','12X612S','BABINE ARRIVE',NULL,1,1),(1529,1,'1969-06-17',NULL,1,'MAROUA','14A006S','DEA ANNIE SOLANGE',NULL,1,1),(1531,1,'1987-09-20',NULL,0,'GUIDER','14A100S','DIPELING MATHIEU',NULL,1,1),(1533,1,'1988-08-16',NULL,0,'MAROUA','14A705S','DJAFSIA DINAMOU ROLAND AIME',NULL,1,1),(1535,1,'1971-01-08',NULL,0,'NKOMETOU','14A632S','ESSEMZE FLORENT',NULL,1,1),(1537,1,'1991-10-18',NULL,0,'GAROUA','12X141S','FACTCHOMI YERIMA SADOU LUC',NULL,1,1),(1539,1,'1992-01-06',NULL,0,'BAMENDOU','14A707S','FEUDJIO BACK ARMEL',NULL,1,1),(1541,1,'1973-01-06',NULL,0,'NGAOUNDERE','12X647S','GOFFA AHIDJO DAVID',NULL,1,1),(1543,1,'1990-12-20',NULL,0,'YAGOUA','14A251S','HAMMADOU YAYA',NULL,1,1),(1545,1,'1968-02-25',NULL,0,'DJIQUILAO','12X662S','IGRI GILBERT',NULL,1,1),(1547,1,'1989-08-04',NULL,1,'DOUKOULA','12X274S','MAÏ HAOUSSA NGAFWE FELICITE',NULL,1,1),(1549,1,'1994-02-06',NULL,1,'MBOUO','14A421S','MAKOUNDJOU MBA RUTH',NULL,1,1),(1551,1,'1970-06-25',NULL,1,'EBOLOWA','12X652S','MALE VERONIQUE EPSE HOULI',NULL,1,1),(1553,1,'1972-03-07',NULL,1,'DOUME','14A642S','MEZO NGUELE PULCHERIE',NULL,1,1),(1555,1,'1990-02-14',NULL,0,'NGAOUNDERE','12X247S','NANSE ADRIEN',NULL,1,1),(1557,1,'1989-06-27',NULL,0,'SANTCHOU-VILLE','12X280S','NCHOUMELOU IRENEE',NULL,1,1),(1559,1,'1993-07-18',NULL,0,'GAROUA','12X058S','NGUEMFFO TAFACKDA THIERRY',NULL,1,1),(1562,1,'1992-11-12',NULL,0,'DOUALA','12X095S','TAMWO NOUBISSI FRANKLIN',NULL,1,1),(1564,1,'1990-04-04',NULL,0,'DOUALA','12X237S','TCHEPYEP SANDJOUO JEAN JACQUES ROUSEAU',NULL,1,1),(1566,1,'1986-01-07',NULL,0,'KOUNDI','14A065S','TOME NJAKO DAVID RAMSES',NULL,1,1),(1568,1,'1977-08-25',NULL,0,'MANDAIGOUM','12X622S','WANG DJONWE',NULL,1,1),(1570,1,'1989-02-14',NULL,0,'MINDIF','12X307S','WOUTANZOUI MARTIN',NULL,1,1),(1572,1,'1979-10-23',NULL,0,'BOULA','12X608S','YAOUBA',NULL,1,1),(1574,1,'1986-05-10',NULL,0,'GAROUA','14A710S','ZAHNKOU KOUSSINKO HAMMADOU',NULL,1,1),(1576,1,'1989-11-24',NULL,1,'MAROUA','14A188S','ZOUBEÏDATOU ABDOURAMAN',NULL,1,1),(1578,1,'1990-04-01',NULL,0,'FONDONERA','12X238S','ADJIFACK – NKENG JUDAO',NULL,1,1),(1580,1,'1979-01-01',NULL,0,'MOUTA-FIANGA','12X613S','DOURGUI BARABELE',NULL,1,1),(1582,1,'1993-01-22',NULL,1,'FONGO-NDENG','14A361S','FOULEFACK TIEUDEM AUGUSTINE-BERLINE',NULL,1,1),(1584,1,'1992-06-14',NULL,1,'GAROUA','14A329S','MAMMAHAOUSSA ABDOULAYE ZEINAB YASMINE',NULL,1,1),(1586,1,'1992-06-01',NULL,1,'MBALMAYO','14A326S','MEFEU NENKAM DIANE',NULL,1,1),(1588,1,'1991-01-15',NULL,0,'EBOLOWA','14A256S','MEKA ADZABA HERVE JONES',NULL,1,1),(1590,1,'1994-01-01',NULL,1,'MORA','12X021S','NANFACK MANAZEU RUTH LAURETTE',NULL,1,1),(1592,1,'1995-02-03',NULL,1,'DSCHANG','12X018S','NGANYET LEUDEM ORNELLA',NULL,1,1),(1594,1,'1989-10-02',NULL,0,'BAFOUSSAM','12X268S','NZIE NOUFELE YVON ROMEO',NULL,1,1),(1596,1,'1992-06-13',NULL,1,'YAOUNDE','12X113S','TEGUEM ARIANE CHRISTELLE',NULL,1,1),(1598,1,'1988-09-01',NULL,0,'MAROUA','14A133S','ZOUA WILLIAM',NULL,1,1),(1600,1,'1986-03-24',NULL,0,'BAGODO','11V147S','ADAMOU SODEA',NULL,1,1),(1602,1,'1991-02-01',NULL,0,'ARDEBE (GOULFEY)','14A511S','APAÏ SALOMON',NULL,1,0),(1604,1,'1990-07-20',NULL,0,'DOUROUM-MERI','11V352S','BAKA JEREMIE',NULL,1,1),(1606,1,'1972-01-01',NULL,0,'GOUBARA','11V004S','BELLO RENE',NULL,1,1),(1608,1,'1990-11-10',NULL,0,'YAOUNDE','11V485S','BIKONO PASCAL FREDDY',NULL,1,1),(1610,1,'1990-09-26',NULL,0,'SOROMBEO','10S095S','DJIBRILLA ISSA',NULL,1,1),(1612,1,'1991-08-26',NULL,0,'BALIMBA/SARH','14A286S','DJIDAINA MADETOINGUE ARSENE',NULL,1,1),(1614,1,'1987-02-22',NULL,0,'YAOUNDE','11V186S','ESSOLA ESSOLA EMMANUEL JUNIOR',NULL,1,1),(1616,1,'1987-08-25',NULL,1,'YAGOUA','14A098S','FITA VICTORINE',NULL,1,1),(1618,1,'1993-02-25',NULL,0,'BAHOUAN','14A370S','FOKOUO TALLA BORIS HERMANN',NULL,1,1),(1620,1,'1990-03-23',NULL,0,'DOUALA','11V340S','HYAMEN KOUANKAM YANNICK',NULL,1,1),(1622,1,'1991-08-15',NULL,1,'BABOATE','14A717S','KOLIEGHEU KAMGA STEPHANY JOELLE',NULL,1,1),(1624,1,'1988-11-14',NULL,0,'YAGOYE-TCHOLLIRE','11V277S','MBARBAYE GEDEON',NULL,1,1),(1626,1,'1987-08-19',NULL,0,'BELEL','14A096S','MOHAMADOU IYA',NULL,1,1),(1628,1,'1989-07-04',NULL,0,'GAROUA','14A073S','NGAWA DOBA FRANÇOIS',NULL,1,1),(1630,1,'1989-10-13',NULL,0,'LARAO GUIDIGUIS','14A185S','OUMAROU HAMADOU',NULL,1,1),(1632,1,'1990-08-09',NULL,0,'BANYO','14A226S','PALAÏ ROLAND',NULL,1,1),(1634,1,'1987-12-27',NULL,0,'LOUM','11V229S','SEUTIO NANGMO JOSEPH DOMINIQUE',NULL,1,1),(1636,1,'1986-10-01',NULL,0,'BANDJOUN','14A435S','TABUE TAGNE ERIC',NULL,1,1),(1638,1,'1991-01-03',NULL,0,'GUIDER','14A721S','TOUMBAYA SALIHOU TIZI',NULL,1,1),(1640,1,'1990-06-14',NULL,0,'NDOUNGUE','11V349S','WAKAM PUEUFO EDGAR ROUSSEL',NULL,1,1),(1642,1,'1991-10-09',NULL,0,'SALAK','14A663S','WANKAKE GUISWE RENE',NULL,1,1),(1644,1,'1988-07-31',NULL,0,'EDZEN','14A722S','ZOBO MISSONGO JOSEPH DESIRE',NULL,1,1),(1646,1,'1991-12-10',NULL,0,'MTE MOKOLO','11V407S','NGATCHEBAI BALDENA ARMAND',NULL,1,1),(1648,1,'1990-12-25',NULL,0,'LARA-KAÉLÉ','10S378S','WANIE JACOB',NULL,1,1),(1650,1,'1983-11-23',NULL,0,'LOMIE','10S398S','ZIZOH ERASME',NULL,1,1),(1652,1,'1980-12-10',NULL,0,'GAROUA','14A029S','ADJI ABADJI',NULL,1,1),(1654,1,'1992-09-06',NULL,0,'MAROUA','11V426S','AHAMAT TIDJANI HISSEIN',NULL,1,1),(1656,1,'1991-05-02',NULL,0,'POUSS','14A657S','BARA OUMAR FIDEL',NULL,1,1),(1658,1,'1970-05-01',NULL,0,'YAOUNDE','11V003S','DANGWANG BOHOUMBELE',NULL,1,1),(1660,1,'1976-01-01',NULL,0,'GOLONGHINI','11V011S','DOURMO',NULL,1,1),(1662,1,'1985-05-30',NULL,0,'BAKOA','14A715S','EBONG CASIMIR',NULL,1,1),(1664,1,'1989-01-19',NULL,0,'L’HÔPITAL D\'OMBESSA','14A146S','ENGOLO ESSELE PAUL JODEL',NULL,1,1),(1666,1,'1990-12-19',NULL,0,'MOKOLO','11V373S','FANAVA BOUBA',NULL,1,1),(1668,1,'1989-08-12',NULL,0,'KRIBI','14A172S','FOTSING FOGOU DERRICK',NULL,1,1),(1670,1,'1988-02-14',NULL,0,'MAROUA DJARENGOL','14A112S','HAMADOU',NULL,1,1),(1672,1,'1983-08-24',NULL,0,'MOKOLO','14A716S','HAMADOU',NULL,1,1),(1674,1,'1987-11-22',NULL,0,'BANGOUA','11V224S','HONANG PENKOUO ALAIN BLAISE',NULL,1,1),(1676,1,'1984-09-12',NULL,1,'MBO-BANDJOUN','14A668S','KAYOU TAYOU CLEMENCE',NULL,1,1),(1678,1,'1991-05-18',NULL,0,'MBARANG-MEIGANGA','11V390S','MADOUKOU TENMBAR ERIC',NULL,1,1),(1680,1,'1987-08-09',NULL,0,'ZINA','14A094S','MAHAMAT MAMA',NULL,1,1),(1682,1,'1987-02-23',NULL,1,'BANDJOUN','14A081S','MAZEMDA TOUOZE GISLAINE BLONDE',NULL,1,1),(1684,1,'1989-10-08',NULL,0,'NDONG-ELANG','11V318S','METE EFONDO NARCISSE',NULL,1,1),(1686,1,'1985-07-08',NULL,0,'MAROUA','14A056S','MOHAMADOU AHMADOU ALI',NULL,1,1),(1688,1,'1988-09-21',NULL,0,'GAROUA','11V271S','TCHOUAFENE EVARISTE',NULL,1,1),(1690,1,'1983-11-24',NULL,0,'YAOUNDE','14A044S','TEFOUET TONLIO PATRICK',NULL,1,1),(1692,1,'1986-02-09',NULL,0,'BAMENDA','14A066S','TOUOTSAP SERGE DELFUNTS',NULL,1,1),(1694,1,'1992-10-15',NULL,1,'YAOUNDE','11V429','YENDJE TCHOUANCHE GESBELLE AUDREY',NULL,1,1),(1696,1,'1983-02-22',NULL,0,'Guili','09K162S','HAMIDOU BIANZOUMBE',NULL,1,1),(1698,1,'1989-08-30',NULL,0,'BATOURI','09K251S','MOUSTAFA',NULL,1,1),(1700,1,'1989-10-01',NULL,0,'YAOUNDE','11V316S','BIBI MARTIAL ARNAUD',NULL,1,1),(1702,1,'1986-04-06',NULL,0,'FOUMBOT','11V149S','BINDA TIOGNING HUGUES',NULL,1,1),(1704,1,'1988-10-10',NULL,0,'BUEA-FAKO','14A138S','CHAM JOSHUA MAI',NULL,1,1),(1706,1,'1989-09-27',NULL,0,'MBOUDA','14A179S','DEFRE MEGUIANNI SODDY',NULL,1,1),(1708,1,'1992-02-01',NULL,0,'MAYO-DARLE','14A306S','FEUHKU MBA CYRILLE',NULL,1,1),(1710,1,'1987-11-14',NULL,0,'MAROUA','14A101S','HASSANA BERNARD',NULL,1,1),(1712,1,'1990-07-27',NULL,0,'BAFOUSSAM','14A222S','KAGOUANBE PALOUMA BENJAMIN',NULL,1,1),(1714,1,'1991-08-15',NULL,1,'DOUALA','14A284S','KAPCHE LEUNGUE CLOTILDE ELLA',NULL,1,1),(1716,1,'1989-05-12',NULL,1,'FOUMBOT','14A718S','KOM MIREILLE',NULL,1,1),(1718,1,'1983-11-30',NULL,1,'DOUALA','14A052S','LOLO PAULINE VICTORINE',NULL,1,1),(1720,1,'1992-07-02',NULL,1,'MBO-BANDJOUN','11V418S','MATSOWA BOUOPDA SIDOINE ORNELLA',NULL,1,1),(1722,1,'1993-04-03',NULL,1,'BALEVENG','14A376S','MBOULA BERDELINE LARISSA',NULL,1,1),(1724,1,'1987-08-28',NULL,1,'MAROUA','14A621S','MEWONKO AUGUSTINE',NULL,1,1),(1726,1,'1991-10-27',NULL,1,'MINTA','10S411S','NDJANDA NGONGANG PRISCILLE',NULL,1,1),(1728,1,'1986-06-27',NULL,1,'YAOUNDE','14A719S','NGO BIDJEK FRANÇOISE',NULL,1,1),(1730,1,'1987-05-06',NULL,0,'YAOUNDE','14A659S','NZAMEYO GEORGES STEPHANE',NULL,1,1),(1732,1,'1988-03-24',NULL,0,'LABLE','14A116S','OUMAROU AHOUDOU DANLADI',NULL,1,1),(1734,1,'1990-04-07',NULL,1,'BAFOUSSAM','14A208S','PIAGNA WANTCHO AURELIE',NULL,1,1),(1736,1,'1988-07-15',NULL,0,'YAOUNDE','14A126S','SINGUI SAMUEL',NULL,1,1),(1738,1,'1988-04-22',NULL,0,'MOUMEE','14A720S','SOPTCHA SIELATCHOM ELVIS AIME',NULL,1,1),(1740,1,'1989-05-23',NULL,0,'BAFOUSSAM','14A158S','TEUGUIA DJOMOU CHRISTIAN YANNICK',NULL,1,1),(1742,1,'1985-10-12',NULL,0,'RHUMSIKI','14A129S','TIZE DELI ENOCH',NULL,1,1),(1744,1,'1991-06-26',NULL,0,'NKONGSAMBA','14A280S','VOUGMO FOULEFACK ARMEL',NULL,1,1),(1746,1,'1991-04-01',NULL,1,'MBÔ BANDJOUN','14A268S','WAMBO MATCHUENWO RUTH CAROLINE',NULL,1,1),(1748,1,'1990-06-13',NULL,0,'KOUTABA','14A633S','WOUWE DIEUDONNE',NULL,1,1),(1750,1,'1990-05-14',NULL,0,'KUMBA','13Z352S','AKHOBAKOH MIKHAÏL',NULL,1,1),(1752,1,'1991-07-05',NULL,0,'DOUALA','13Z273S','EYEBE EBELA JEAN PAUL',NULL,1,1),(1754,1,'1973-03-17',NULL,0,'GAYAK-MAROUA','11V009S','ARGO OUMAROU JEAN-CLAUDE',NULL,1,1),(1756,1,'1987-05-10',NULL,0,'KOFIDE','14A231S','BAH BELLO',NULL,1,1),(1758,1,'1977-01-01',NULL,0,'ZOULLA','11V014S','BARZINA JUSTIN',NULL,1,1),(1760,1,'1986-04-02',NULL,0,'BANKA-BAFANG','14A713S','DJIALIEK ROGER MARTIAL',NULL,1,1),(1762,1,'1987-05-15',NULL,0,'FONGO-NDENG','14A360S','DJOUMESSI MATHIAS-BLAISE',NULL,1,1),(1764,1,'1990-08-17',NULL,0,'BANDJOUN','14A714S','DOPNA ERIC FERNAND',NULL,1,1),(1766,1,'1985-11-03',NULL,0,'YAOUNDE','11V137S','ELO AYISSI ANTOINE',NULL,1,1),(1768,1,'1987-05-04',NULL,0,'YAOUNDE','11V199S','FEKAPING SYLVAIN',NULL,1,1),(1770,1,'1990-02-03',NULL,1,'NKAMBE','14A198S','MASSONNYEM BOUSSEKO TATIANE',NULL,1,1),(1772,1,'1987-03-21',NULL,0,'DOUALA','11V188S','MEKONTSO NJEOTTAH BERLINE',NULL,1,1),(1774,1,'1987-02-27',NULL,1,'MAYAKOUE','14A082S','MENGHUEO TCHIDA NADEGE PATRICIA',NULL,1,1),(1776,1,'1977-03-07',NULL,0,'MANGUIEMBOU','11V015S','MFOUJOUEM FEWOU FELIX',NULL,1,1),(1778,1,'1984-07-11',NULL,0,'MELONG','14A258S','MOUMBE GILLES ROMUALD',NULL,1,1),(1780,1,'1989-08-07',NULL,0,'DSCHANG','14A170S','NJOJO NOUBENSI ROMARIC',NULL,1,1),(1782,1,'1987-01-01',NULL,0,'LOGBIKOY','14A658S','NYEMEG THOMAS BIENVENU',NULL,1,1),(1784,1,'1980-09-05',NULL,0,'NDOU-GORE/BENOYE','14A026S','RIMBAR BERTIN',NULL,1,1),(1786,1,'1988-10-03',NULL,0,'DOURBEYE','14A137S','SAHNONE PAMBOURO JEAN-MARC',NULL,1,1),(1788,1,'1984-09-15',NULL,0,'GODIGONG','14A048S','SALI',NULL,1,1),(1790,1,'1967-02-02',NULL,0,'OUM-HADJER','14A004S','SOSSAL AL-HABO ALHABO ABDEL SALAM',NULL,1,1),(1792,1,'1967-12-08',NULL,0,'BUEA','11V002S','TCHINDEBEU ABRAHAM',NULL,1,1),(1794,1,'1989-03-30',NULL,0,'TOUBORO','14A153S','TCHINZOUMBE DANGABBE HONORE',NULL,1,1),(1796,1,'1986-06-24',NULL,0,'DOUALA','10S369S','TSAGOUA YEMELE FRANCIS',NULL,1,1),(1798,1,'1987-08-02',NULL,0,'MBO BANDJOUN','14A093S','WOUOGUE FEUTO ROLAND',NULL,1,1),(1800,1,'1990-01-17',NULL,0,'YAOUNDE','13Z366S','ABANDA KOMBE CESAR PATIENT',NULL,1,1),(1802,1,'1989-02-20',NULL,0,'DOUALA','13Z761S','BIYACK WOULBO CYRILLE',NULL,1,1),(1804,1,'1990-11-08',NULL,0,'MATERNITE DE MOKOLO','10S067S','BOUBAKARY NASSOUROU BADAÏ',NULL,1,1),(1806,1,'1985-03-14',NULL,1,'ABONG-MBANG','10S094S','DJENATOU PELAGIE',NULL,1,1),(1808,1,'1988-09-07',NULL,0,'SANTCHOU','13Z434S','ENOCK FOTAZOU SEGUY',NULL,1,1),(1810,1,'1986-08-16',NULL,0,'KAELE','13Z526S','GONNE TOROU BIENVENU',NULL,1,1),(1812,1,'1988-09-11',NULL,1,'KAELE','10S146S','HALIMATOU MONGLO BIENVENUE NENE',NULL,1,1),(1814,1,'1988-01-26',NULL,0,'GAROUA','09K193S','KOSGA FRANCK AIMÉ',NULL,1,1),(1816,1,'1989-01-11',NULL,1,'BAFOUSSAM','13Z417S','MAGOUDJI MARESSE DALIE',NULL,1,1),(1818,1,'1988-01-01',NULL,0,'LIMBE','10S233S','MBONGAYA SAMY EWARE',NULL,1,1),(1820,1,'1984-02-01',NULL,0,'BESKAVAI','13Z010S','METSENA PIERRE',NULL,1,0),(1822,1,'1986-03-02',NULL,0,'MAKENENE','13Z542S','MULUH RENE',NULL,1,1),(1824,1,'1988-03-13',NULL,0,'MOKOLO','09K427S','NDONAYE BEALOUM MAXIME',NULL,1,1),(1826,1,'1990-10-03',NULL,0,'BANGA BAKUNDE','10S285S','NGOE NGOE OSCAR',NULL,1,1),(1828,1,'1988-07-13',NULL,0,'SONG MBENGUE','13Z442S','NGUEHI HANS THIERRY',NULL,1,1),(1830,1,'1990-09-21',NULL,1,'BANGANG','13Z323S','TSAPI FOKENG MARLYSE',NULL,1,1),(1832,1,'1990-11-21',NULL,0,'MOKOLO','13Z311S','WASSOUO BEL BELLO CHARLES',NULL,1,1),(1835,1,'1981-09-18',NULL,0,'TIKO','13Z615S','AGBOR FRANKLIN AGBOR',NULL,1,1),(1837,1,'1980-04-29',NULL,0,'TIDING','13Z629S','BAYANG BENOIT',NULL,1,1),(1839,1,'1990-01-19',NULL,0,'GAROUA','13Z365S','BOUBA ZOUA BLAISE',NULL,1,1),(1841,1,'1974-02-01',NULL,0,'GAGAL','13Z662S','DAOUDONGAR MAGLOIRE',NULL,1,1),(1843,1,'1988-04-27',NULL,0,'DOUMBOUO','13Z453S','DONGMO PAUL HERVE',NULL,1,1),(1845,1,'1982-06-07',NULL,0,'DSCHANG','13Z609S','FOGANG NANFACK ROVIER',NULL,1,1),(1847,1,'1976-11-01',NULL,0,'EDEA','13Z762S','HAMAN MATHIEU',NULL,1,1),(1849,1,'1990-06-19',NULL,0,'NKAMBE','10S154S','HAWADAK ACHU CARL',NULL,1,1),(1851,1,'1989-08-14',NULL,0,'EBOLOWA','13Z713S','KENMOE FOZEU FABRICE AUDRICK',NULL,1,1),(1853,1,'1983-08-05',NULL,0,'MAO','13Z598S','MAHAMAT ELHADJ DJIDDA',NULL,1,1),(1855,1,'1980-12-26',NULL,0,'OUM  HADJER','13Z622S','MAHAMAT SEID SOULEYMAN',NULL,1,1),(1857,1,'1978-01-01',NULL,0,'KASSINE','13Z645S','MAHAMAT TCHONG TCHONG',NULL,1,1),(1859,1,'1989-11-06',NULL,1,'BELEL','13Z379S','MAIDALNE BAMBE FLORENCE',NULL,1,1),(1861,1,'1988-12-03',NULL,0,'MAROUA','09K214S','MANGA EMMANUEL ROI',NULL,1,1),(1863,1,'1987-07-29',NULL,0,'MEIGANGA','13Z781S','NELSON GADE WADJOU DOULEUR',NULL,1,1),(1865,1,'1989-06-14',NULL,1,'BANGANGTE','10S282S','NGATCHOU NOUMEN ARIANE',NULL,1,1),(1867,1,'1990-02-01',NULL,0,'ZAWADA','13Z005S','TABOUAL TIVTIVE GABRIEL',NULL,1,0),(1869,1,'1983-01-14',NULL,0,'YAOUNDE','13Z756S','TCHANDJIN MBIABO ROUSSEL',NULL,1,1),(1871,1,'1985-07-03',NULL,0,'SOUZA','10S355S','TCHIFFO FOKOU CARNOT',NULL,1,1),(1873,1,'1985-08-18',NULL,0,'DOUALA','13Z557S','TCHOUMI YIMGA RAOUL',NULL,1,1),(1875,1,'1987-12-17',NULL,0,'MATERNITE DE MBO BANDJOUN','13Z472S','WABO PIERRE LUDOVIC',NULL,1,1),(1877,1,'1979-02-01',NULL,0,'GAREY','13Z016S','WALA',NULL,1,0),(1879,1,'1988-02-10',NULL,0,'KOUSSERI','10S004S','ABAMOU DA-AWE',NULL,1,1),(1881,1,'1986-07-29',NULL,0,'BALEVENG','13Z529S','AKANA DOUANLA WALTER',NULL,1,1),(1884,1,'1985-08-24',NULL,0,'BANDJOUN','13Z556S','AZEMFACK TEMATIO BILLY',NULL,1,1),(1886,1,'1988-06-18',NULL,0,'WUM','13Z445S','BAA-MBARA MARTIN LUTHER KING',NULL,1,1),(1888,1,'1985-03-10',NULL,0,' NKONDJOCK','13Z568S','BASSI DISSAKE NDOUN ETIENNE',NULL,1,1),(1890,1,'1988-10-18',NULL,1,'MBO BANDJOUN','13Z429S','DJENISSI FAVOR GRACE',NULL,1,1),(1893,1,'1986-07-03',NULL,0,'LOUM','13Z532S','KAPTUE FANGO ERIC MARTIAL',NULL,1,1),(1895,1,'1989-04-18',NULL,0,'DOUALA','09K213S','MANDENGUE  EYANGO VIANNEY',NULL,1,1),(1897,1,'1989-09-27',NULL,1,'DOUALA','13Z385S','MBATKAM NADIANE',NULL,1,1),(1899,1,'1991-11-13',NULL,0,'DOUALA','13Z246S','MONTHE BOREL GAETAN',NULL,1,1),(1901,1,'1988-03-14',NULL,0,'MOYA','13Z458S','NANA DUBLESSE ROMEO',NULL,1,1),(1903,1,'1989-12-20',NULL,1,'YAOUNDE','13Z373S','NOMO NOMO GHISLAINE',NULL,1,1),(1905,1,'1990-06-17',NULL,0,'BAFOUSSAM','13Z344S','POUTON  KEMGANG FABRICE',NULL,1,1),(1907,1,'1987-03-28',NULL,1,'BANA','13Z502S','SEUKOU NYA HAROLD ROCHELLE',NULL,1,1),(1909,1,'1990-07-04',NULL,0,'BAMENDOU','13Z339S','WAMBA SOB JEAN ROMAIN',NULL,1,1),(1911,1,'1985-06-21',NULL,0,'LINGANG FOTO','13Z561S','ZEUKENG-KASSE STEPHAN',NULL,1,1),(1913,1,'1983-11-28',NULL,0,'MOKOLO','10S023S','AHMED IBRAHIM DMONA',NULL,1,1),(1915,1,'1981-01-23',NULL,0,'BOGO','13Z620S','ALIOUM HAMADOU',NULL,1,1),(1917,1,'1987-01-14',NULL,0,'MAROUA','13Z510S','BEDA MARTIN',NULL,1,1),(1919,1,'1992-10-16',NULL,0,'MAROUA','10S097S','DJINGUI SOUGA Léonard',NULL,1,1),(1921,1,'1982-06-16',NULL,0,'MOUYENGUE','13Z608S','GALA KLANG',NULL,1,1),(1923,1,'1984-08-05',NULL,0,'GAROUA','13Z579S','HAMADOU AMADOU',NULL,1,1),(1925,1,'1988-02-09',NULL,0,'GOUZDA','10S167S','JEAN BEDEM',NULL,1,1),(1927,1,'1989-06-10',NULL,0,'MAROUA','13Z400S','MAMOUDOU OUMAROU',NULL,1,1),(1930,1,'1984-10-16',NULL,0,'SARH','13Z575S','NARCISSE MADJIBAYE',NULL,1,1),(1932,1,'1986-09-29',NULL,0,'GODOLA MERI','13Z519S','NASSER YOUSSOUFA',NULL,1,1),(1934,1,'1988-02-07',NULL,1,'GAROUA','13Z464S','NGO-LONGA AGNES YOLLAINE',NULL,1,1),(1936,1,'1990-03-15',NULL,1,'BAMOUGOUM','10S318S','PENKA BENEDICTE LUCIE',NULL,1,1),(1938,1,'1968-01-23',NULL,0,'GAGONG BABADJOU','13Z619S','SAHA FERDINAND',NULL,1,1),(1940,1,'1989-07-23',NULL,0,'MAROUA','09K335S','SIDDI KALDAME CHRISTIAN',NULL,1,1),(1942,1,'1987-05-30',NULL,1,'KOZA','13Z495S','TANGOCHE BRIGITTE',NULL,1,1),(1944,1,'1980-01-14',NULL,0,'DJIDOMA KAELE','13Z631S','YANGKA ROSENIUS',NULL,1,1),(1946,1,'1985-06-07',NULL,0,'MAROUA','13Z562S','YAYA',NULL,1,1),(1948,1,'1994-06-19',NULL,0,'BODO','14A436S','ABAKAR ABASS',NULL,1,1),(1950,1,'1992-06-20',NULL,0,'BAHIGRA','14A330S','ABDOU HATIKIYA',NULL,1,1),(1952,1,'1991-04-05',NULL,0,'GUIRVIZA','14A269S','ABDOULAYE MANA',NULL,1,1),(1954,1,'1994-09-12',NULL,0,'MEDINA-AFADE','14A445S','ABDOULKADRE MOUSSA',NULL,1,1),(1956,1,'1989-04-02',NULL,0,'NDJOUM','14A249S','ABOMO EYA\'AMAME GAEL ROSTAND',NULL,1,1),(1958,1,'1995-01-27',NULL,0,'NGATTO','14A675S','AKONO ESSIMBI ROMARIC',NULL,1,1),(1960,1,'1992-09-04',NULL,0,'BODO','14A343S','ALABE DJIBRILLA',NULL,1,1),(1962,1,'1995-05-20',NULL,0,'MAROUA','14A467S','ALIM ALAIN JEAN LIZIN',NULL,1,1),(1964,1,'1993-08-29',NULL,0,'MAROUA DJARENGOL','14A400S','ALIOU KHALIL',NULL,1,1),(1966,1,'1995-06-26',NULL,0,'MAKARY','14A469S','AMINE MAHAMAT SALIOU',NULL,1,1),(1968,1,'1991-04-20',NULL,0,'TOUPPERE KODEK MAROUA','14A272S','AMINOU DAIBOU DAIBOU',NULL,1,1),(1970,1,'1994-02-18',NULL,0,'DJARENGOL KODEK','14A423S','ANNAS ALIOUM BOUBA',NULL,1,1),(1972,1,'1990-08-12',NULL,0,'MAROUA','14A227S','ARMEL TEBONG ABOUBAKAR',NULL,1,1),(1974,1,'1992-03-14',NULL,0,'YAOUNDE','14A313S','AVODO AVODO MAURICE',NULL,1,1),(1976,1,'1993-03-01',NULL,1,'EYEN MEYONG','14A563S','AWONO MELANIE RACHELLE',NULL,1,1),(1978,1,'1994-05-20',NULL,0,'EFOK','14A433S','AWONO ONANA IRENEE CEDRIC',NULL,1,1),(1980,1,'1996-04-24',NULL,1,'YAOUNDE','14A488S','BOGNING ZANGUE MIRIANE',NULL,1,1),(1982,1,'1993-02-01',NULL,0,'MBALMAYO','14A364S','BONDOA BONDOA DONALSON',NULL,1,1),(1984,1,'1997-04-20',NULL,0,'BAFOUSSAM','14A606S','DEMANOU NANFACK GHISLAIN',NULL,1,1),(1986,1,'1998-02-01',NULL,1,'PITOA','14A514S','DJAMRABELE MAÏKAOGA INES VERONICA',NULL,1,0),(1988,1,'1994-10-18',NULL,1,'BANGOUA','14A450S','DJIMELI GOULEDA EMMA RUTH',NULL,1,1),(1990,1,'1996-06-11',NULL,0,'BATCHAM','14A489S','DJIOKENG FOFFOU ROMARIC',NULL,1,1),(1992,1,'1988-09-08',NULL,1,'MOKOLO','14A676S','DOUMBICHE DELPHINE',NULL,1,1),(1994,1,'1995-08-28',NULL,0,'NIMBARI','14A625S','DOURLAI IGRITOING CHRISTOPHE',NULL,1,1),(1996,1,'1995-01-01',NULL,0,'BABADJOU','14A677S','DZANGUE KEVINE',NULL,1,1),(1998,1,'1994-02-15',NULL,0,'YAOUNDE','14A422S','DZIETCHUENG KOM PATRICK HERVE',NULL,1,1),(2000,1,'1992-02-15',NULL,0,'NGOUMA','14A545S','EGRE JONAS',NULL,1,1),(2002,1,'1996-10-28',NULL,0,'EFOK','14A496S','ENYEGUE ALAIN BLAISE',NULL,1,1),(2004,1,'1994-02-22',NULL,0,'BERTOUA','14A424S','ESSOGO ADA CEDRIQUE ARTHUR CLEMENT',NULL,1,1),(2006,1,'1996-01-21',NULL,1,'MAROUA','14A482S','FADIMATOU ALIM',NULL,1,1),(2008,1,'1992-02-19',NULL,0,'TCHATIBALI','14A310S','FENFEGUE FANWA',NULL,1,1),(2010,1,'1994-01-15',NULL,0,'DOUALA','14A419S','FOGANG NZONGANG HANS HERMANN',NULL,1,1),(2012,1,'1993-01-01',NULL,0,'KOZA','14A358S','GANAVA PIERRE',NULL,1,1),(2014,1,'1991-02-01',NULL,0,'MAYO-BOCKI','14A512S','GARGA JEAN',NULL,1,0),(2016,1,'1995-05-10',NULL,1,'NGAOUNDERE','14A466S','HADIDJATOU ALIOU',NULL,1,1),(2018,1,'1994-03-14',NULL,0,'SALAK-MAROUA','14A426S','HAIWE MBOUDGA HONORE',NULL,1,1),(2020,1,'1993-03-09',NULL,0,'BAIKWA','14A373S','HAMADOU HALIDOU',NULL,1,1),(2022,1,'1990-11-18',NULL,0,'NGAOUNDERE','14A678S','HAMOA ABDOUL AZIZ',NULL,1,1),(2024,1,'1991-10-08',NULL,0,'NGAOUNDERE','14A293S','JAHTAIWOUR NOE GUISIMO',NULL,1,1),(2026,1,'1987-12-10',NULL,0,'NKONGSAMBA','14A102S','KARLAY DJONGRE FIDELE',NULL,1,1),(2028,1,'1997-11-07',NULL,0,'BAFOUSSAM','14A608S','KEMNHOU NOUPA JEAN-MARIE',NULL,1,1),(2030,1,'1998-03-31',NULL,1,'NGAOUNDERE','14A609S','KEWANG AKINI CHARLOTTE LINDA',NULL,1,1),(2032,1,'1990-07-14',NULL,1,'SA\'A','14A679S','KOUNA ABANDA MICHELLE',NULL,1,1),(2034,1,'1991-11-22',NULL,0,'GUERE','14A298S','LAWA DOMO ABEL',NULL,1,1),(2036,1,'1991-09-09',NULL,0,'BAFOUSSAM','14A290S','LEUKOUE KAMANI ELIN ASIEL',NULL,1,1),(2038,1,'1994-09-21',NULL,1,'KOUSSERI','14A446S','LIMISSIA SOURNA NATHALIE',NULL,1,1),(2040,1,'1992-01-03',NULL,1,'MBOUDA','14A302S','LOMENE MANFO AUREL',NULL,1,1),(2042,1,'1996-01-20',NULL,1,'BAFOUSSAM','14A593S','MAFONKOU FOTSING THERESE MERLINE',NULL,1,1),(2044,1,'1991-08-30',NULL,1,'KOUSSERI','14A287S','MAGRAM ASSANA',NULL,1,1),(2046,1,'1990-06-03',NULL,0,'SAA','14A215S','MBAMACK OKONO STEPHAN HARALD',NULL,1,1),(2048,1,'1992-09-10',NULL,0,'GODOLA-MERI','14A556S','MOHAMADOU BACHIROU',NULL,1,1),(2050,1,'1995-01-21',NULL,0,'MEIGANGA','14A457S','MOHAMADOU MOUCTAROU YOUSSOUF',NULL,1,1),(2052,1,'1993-12-05',NULL,0,'PENJA','14A570S','MONTHE FRANKLIN CHARLY',NULL,1,1),(2054,1,'1985-04-19',NULL,0,'KOUSSAM-FOUMBAN','14A055S','MOUCHILI TEWO HENRI JOEL',NULL,1,1),(2056,1,'1990-12-22',NULL,0,'GAROUA','14A749S','MOUSTAPHA AMADOU ABDOULAYE',NULL,1,1),(2058,1,'1992-06-04',NULL,0,'MELONG I','14A327S','NANA NGOGANG FRANCK MICHAEL',NULL,1,1),(2060,1,'1994-01-08',NULL,0,'NKOUNDOU','14A418S','NGUEFFO JULIO ARMEL',NULL,1,1),(2062,1,'1991-09-18',NULL,0,'YAOUNDE','14A537S','NGUELE ATEBA CHANCEL SERAPHIN',NULL,1,1),(2064,1,'1994-04-08',NULL,0,'YAOUNDE I','14A579S','NKOA-ONANA IVAN-MARTIAL',NULL,1,1),(2066,1,'1996-07-28',NULL,0,'YAOUNDE','14A602S','NOMO EYEBE JUSTIN BLAISE',NULL,1,1),(2068,1,'1993-07-27',NULL,0,'MALAPE','14A395S','NOUHOU HAMADJOULDE GOUMTCHE',NULL,1,1),(2070,1,'1996-03-03',NULL,0,'MAROUA','14A485S','SADOU SIDDI',NULL,1,1),(2072,1,'1990-12-09',NULL,1,'NGAOUNDERE','14A250S','SAMOMSA AMINATOU HAOUWA',NULL,1,1),(2074,1,'1992-01-02',NULL,0,'NGAOUNDAL','14A301S','SAVAISSOU VILDINA ANICET BERTIN',NULL,1,1),(2076,1,'1994-01-10',NULL,0,'FONGO-TONGO','14A571S','SONGOU MARIUS',NULL,1,1),(2078,1,'1992-01-17',NULL,0,'BAFOUSSAM','14A544S','TAGNE TAMKAM BRICE AUBIN',NULL,1,1),(2080,1,'1989-06-10',NULL,0,'BAI-LOBE','14A162S','TAKU FRANKLINE NKONGHO',NULL,1,1),(2082,1,'1993-04-10',NULL,0,'BAFOUSSAM','14A379S','TCHATAGNE ANDRE YANICK',NULL,1,1),(2084,1,'1993-07-30',NULL,1,'MAROUA','14A396S','TCHUENKAM MTOPI CLARISSE DANIELLE',NULL,1,1),(2086,1,'1992-05-21',NULL,0,'MBOUDA','14A680S','TIA TSAYEM SINCLAIR',NULL,1,1),(2088,1,'1995-03-14',NULL,1,'BALEVENG','14A462S','VOUFO BERNADETTE GAELLE',NULL,1,1),(2090,1,'1991-09-25',NULL,0,'TOULOUM-BOUTOU','14A538S','WANGMITCHING PIERRE',NULL,1,1),(2092,1,'1993-03-11',NULL,1,'YAOUNDE','14A374S','WELAWAPECK LEA AUDREY CYNTHIA',NULL,1,1),(2094,1,'1990-07-17',NULL,0,'MOKONG MOKOLO','14A219S','YAHYA LAWAN IBNIE YOUSSOUF',NULL,1,1),(2096,1,'1992-03-10',NULL,0,'KOKOM','14A681S','YAKOUBA ABDIAS ABDIAS',NULL,1,1),(2098,1,'1994-04-27',NULL,0,'LOUM','14A430S','YANTCHO TAHON LAURENT FRANZ',NULL,1,1),(2100,1,'1991-03-20',NULL,0,'YAOUNDE','14A263S','YEPMOU TIAYON ALEX RUBEN',NULL,1,1),(2102,1,'1993-03-17',NULL,0,'BALEVENG','14A375S','ZAMBOU JEAN ZEPHIREIN',NULL,1,1),(2104,1,'1991-12-19',NULL,0,'KARNA','14A542S','ZOUMSA VENCESLAS',NULL,1,1),(2106,1,'1996-06-04',NULL,0,'BAFANG','14A760S','JOMBI DJANI CEDRIC BRIELLE',NULL,1,1),(2109,1,'1990-02-01',NULL,0,'MAGA','13Z375S','ABAI VICTOR',NULL,1,0),(2111,1,'1992-11-16',NULL,0,'NGAOUNDÉRÉ','13Z180S','ABDOURRAHMAN OUSMANOU',NULL,1,1),(2113,1,'1988-10-22',NULL,1,'GAROUA','12X334S','AISSATOU AMANTA MAMADOU',NULL,1,1),(2115,1,'1984-10-23',NULL,0,'DOUALA','13Z774S','AKOA ENAMA YANNICK SEBASTIEN',NULL,1,1),(2117,1,'1989-02-16',NULL,0,'BANDJOUM','13Z413S','ALABEE BLAISE BAUNLA',NULL,1,1),(2119,1,'1989-07-27',NULL,0,'YAOUNDÉ','13Z392S','ANABA ABOGSUO ALAIN PATRICK',NULL,1,1),(2121,1,'1993-09-28',NULL,0,'BAMENDAING','13Z129S','APIEBOP TASSAPO HERVE',NULL,1,1),(2123,1,'1992-02-12',NULL,0,'Yaoundé','13Z225S','BEKA JAGUE HERMAN GASTON',NULL,1,1),(2125,1,'1988-03-24',NULL,0,'EBOLOWA','13Z457S','BIENG GUY EDOUARD',NULL,1,1),(2127,1,'1988-10-26',NULL,0,'Bertoua','13Z427S','BILOGO DIMITRI',NULL,1,1),(2129,1,'1972-06-17',NULL,0,'Maoura','13Z668S','BOUBAKARY',NULL,1,1),(2131,1,'1979-02-01',NULL,1,'Ribao','13Z015S','CHOBNE PASSINRIN RODE',NULL,1,0),(2133,1,'1990-05-08',NULL,0,'Métète-Balmayo','13Z354S','DEFFO TUEGNO ROSTAN',NULL,1,1),(2135,1,'1979-03-03',NULL,0,'Tokobéré','13Z636S','DIMABLAÎ JACKY',NULL,1,1),(2137,1,'1993-03-13',NULL,0,'Yaoundé','13Z164S','DJOMBI TADONDJOU THOMAS DERRICK',NULL,1,1),(2139,1,'1984-07-15',NULL,0,'Kaélé','13Z581S','DJORWÉ DJORWÉ',NULL,1,1),(2141,1,'1993-08-24',NULL,0,'Yaoundé','13Z137S','DJOUFFO PRINCE SALVADOR',NULL,1,1),(2143,1,'1991-10-11',NULL,1,'Bafoussam','13Z255S','DJUIKOUO TSOKENG ANNE MERVEILLES',NULL,1,1),(2145,1,'1988-01-17',NULL,0,'Garoua','13Z465S','DOBACHING DAGA PAULIN',NULL,1,1),(2147,1,'1991-03-22',NULL,0,'Garoua','13Z286S','FAYSAL OUSMAILA',NULL,1,1),(2149,1,'1984-05-09',NULL,0,'Banyo','13Z585S','GORSOU DASSOU',NULL,1,1),(2151,1,'1992-08-10',NULL,1,'Ndoungue','13Z193S','GUEMBOU PENKOUO JUDELINE',NULL,1,1),(2153,1,'1990-12-06',NULL,0,'Maroua','13Z308S','ISSA YAYA HAMOA',NULL,1,1),(2155,1,'1991-05-20',NULL,0,'Garoua','13Z278S','KAISSASSOU DILMAIGUE ROMAIN',NULL,1,1),(2157,1,'1994-08-25',NULL,1,'Ngaoundéré','13Z074S','KAMMEGNE ORLIANE NATACHA',NULL,1,1),(2159,1,'1992-05-01',NULL,1,'Banyo','13Z210S','KAMTA TCHINDA VANESSA',NULL,1,1),(2161,1,'1993-05-12',NULL,0,'Douala','13Z155S','KAPNANG KOANYO LACOSTE LAFLEUR',NULL,1,1),(2163,1,'1985-09-18',NULL,1,'Malantouen','13Z551S','KAYOUENGAM CHOUAIBOU',NULL,1,1),(2165,1,'1994-02-14',NULL,1,'Yaoundé','13Z110S','KENGNE TCHUDJO HARLETTE MICHELE',NULL,1,1),(2167,1,'1993-07-10',NULL,1,'Baleveng','13Z148S','KENZAPZI CARINE',NULL,1,1),(2169,1,'1990-02-01',NULL,0,'Kobro','13Z681S','LIMAN MAHAMAT ABBA',NULL,1,0),(2171,1,'1995-01-07',NULL,1,'Mankon-Bamenda','13Z062S','LONLA  FOUGANG ARNAUD',NULL,1,1),(2173,1,'1992-06-14',NULL,1,'FOUMBOT','13Z763S','LONTCHI FOFE NICAISE',NULL,1,1),(2175,1,'1973-09-10',NULL,0,'NGAOUDAL','13Z739S','MADI MAMAY',NULL,1,1),(2177,1,'1993-02-07',NULL,1,'MOKOLO','13Z167S','MAÏRAMOU ABDOULLAYE',NULL,1,1),(2179,1,'1992-07-30',NULL,1,'MBOUDA','13Z195S','MANTHO CALICE',NULL,1,1),(2181,1,'1990-10-30',NULL,0,'MOKOLO','13Z314S','MATAWAK DEMNEO VELE',NULL,1,1),(2183,1,'1992-01-06',NULL,1,'BAGANGTE','13Z236S','MBAKOP FONDJA BARBARA',NULL,1,1),(2185,1,'1992-08-24',NULL,0,'YAOUNDÉ','13Z192S','MBASSI NGAH CLAUDE',NULL,1,1),(2187,1,'1991-03-13',NULL,1,'MANDOUMBA','13Z291S','MBIBEGUI NDJIKI ESTHER',NULL,1,1),(2189,1,'1996-12-10',NULL,0,'AKONOLINGA','13Z738S','MBOGBA LIBOM PAUL',NULL,1,1),(2191,1,'1993-04-22',NULL,1,'BAFIA','13Z156S','MESSOUNG A BABARI  ALEXANDRA CARINE',NULL,1,1),(2193,1,'1993-04-21',NULL,1,'DOUALA','13Z157S','METENE TOMO MARIE AUDREY',NULL,1,1),(2195,1,'1992-09-03',NULL,1,'DOUALA','13Z187S','MORNADJI WILLY FRANKLIN',NULL,1,1),(2197,1,'1995-06-03',NULL,0,'YAOUNDÉ','13Z050S','MVONDO ESSISSIMA CEDRIC BARTHELEMY',NULL,1,1),(2199,1,'1992-03-16',NULL,0,'OBAK','13Z221S','MVONDO PAUL OLIVIER',NULL,1,1),(2201,1,'1984-01-02',NULL,0,'YAOUNDE','13Z592S','NAIDJOGAI VICTOR',NULL,1,1),(2203,1,'1991-02-10',NULL,0,'SA\'A','13Z295S','NDONGO EMILE LANDRY',NULL,1,1),(2205,1,'1991-07-11',NULL,0,'YAOUNDÉ','13Z271S','NGOULA GAËL SYNCLAIRE',NULL,1,1),(2207,1,'1991-05-04',NULL,0,'YAOUNDÉ','13Z680S','NGUIANAING NOUMBI PATRICK',NULL,1,1),(2209,1,'1993-09-30',NULL,1,'BABAJOU','13Z128S','NINDZO TIYO GAËLLE',NULL,1,1),(2211,1,'1990-05-16',NULL,1,'TALA','13Z350S','NKANA BALANA HELENE SIMONE',NULL,1,1),(2213,1,'1989-06-07',NULL,1,'DSCHANG','13Z401S','NOTSANG DONBOU LUC PATRICK',NULL,1,1),(2215,1,'1994-04-05',NULL,1,'YAOUNDÉ','13Z102S','NZINDEN EDVRARD ARMEL',NULL,1,1),(2217,1,'1990-06-23',NULL,0,'MEKOOSSI II','13Z341S','SAA JEAN NORBERT',NULL,1,1),(2219,1,'1994-04-13',NULL,0,'YAOUNDÉ','13Z097S','SANDIE TAGNE LANDRY',NULL,1,1),(2221,1,'1992-03-22',NULL,0,'MAROUA','13Z218S','SEPELE BELLO',NULL,1,1),(2223,1,'1986-11-05',NULL,0,'YAOUNDÉ','13Z798S','SOGA MOISE ARNAUD',NULL,1,1),(2225,1,'1990-03-06',NULL,0,'DSCHANG','13Z358S','SOKENG TAPANG JEAN MARIE',NULL,1,1),(2227,1,'1995-01-09',NULL,0,'FOTO-LINGANG','13Z061S','SONTSA ZAGOUM KEVIN ROCARD',NULL,1,1),(2229,1,'1977-02-01',NULL,0,'MAROUA','13Z017S','SOULEYMANOU ABDOU',NULL,1,0),(2231,1,'1990-06-21',NULL,0,'BANDJOUN','13Z343S','TABETSIN SEGNING JOSAPHAT AIME',NULL,1,1),(2233,1,'1992-08-26',NULL,0,'MANEGOLE','13Z191S','TADAHA MELI MARCEL',NULL,1,1),(2235,1,'1993-07-21',NULL,1,'DSCHANG','13Z147S','TAGNANG FOFIE VALVINE',NULL,1,1),(2237,1,'1994-04-07',NULL,0,'MBOUDA','13Z101S','TCHOUPOU TSOUALA DANY BRICE',NULL,1,1),(2239,1,'1991-03-16',NULL,0,'BAHAM','13Z288S','TEKAM PHILIPPE MERDOVIL',NULL,1,1),(2241,1,'1991-03-15',NULL,0,'DOUALA','13Z289S','TETIOTSOP AZAFACK REGIS',NULL,1,1),(2243,1,'1990-09-19',NULL,1,'DOUALA','13Z325S','TEUDA KAPTUE ARISTIDE',NULL,1,1),(2245,1,'1993-06-02',NULL,0,'FOTO-LINGANG','13Z153S','TIDO FOUKMENIOK ERIC',NULL,1,1),(2247,1,'1993-01-05',NULL,1,'BALEVENG','13Z174S','TITSOP VANESSA',NULL,1,1),(2249,1,'1971-09-17',NULL,0,'KAÉLÉ','13Z779S','VOING LAMBERT',NULL,1,1),(2251,1,'1992-02-01',NULL,0,'DJIBETSOU-YAGOUA','13Z003S','VRAKISSIA DAVID DJONNA',NULL,1,0),(2253,1,'1986-01-08',NULL,0,'MAROUA','12X002S','YANNE PAGNA LUCIEN',NULL,1,1),(2255,1,'1981-10-08',NULL,0,'TCHOLIRÉ','13Z720S','YAYA ERNEST',NULL,1,1),(2257,1,'1993-11-04',NULL,1,'DSCHANG','13Z122S','YEMELIE NGUEFEU DANIELLE',NULL,1,1),(2259,1,'1991-02-25',NULL,0,'MAROUA','13Z294S','YOUSSOUFA MOUSSA',NULL,1,1),(2261,1,'1987-08-01',NULL,0,'SA\'A','13Z485S','ZAMBO OMBOLO JOSEPH',NULL,1,1),(2351,1,'1988-07-26',NULL,0,'NGAOUNDERE','14A682S','ABATHE KOMBO SYLVAIN DANIEL',NULL,1,1),(2353,1,'1988-08-04',NULL,0,'BALOUM','14A412S','ABDOURAMANE ADOUM IDRISSA',NULL,1,1),(2355,1,'1988-08-13',NULL,0,'BATOURI','14A454S','ABOMO ONAMBELE STEPHANE SIMPLICE',NULL,1,1),(2357,1,'1988-08-20',NULL,0,'YAOUNDE','14A591S','AWAGOUM TCHOUPOU JODELLE',NULL,1,1),(2359,1,'1988-08-31',NULL,0,'YAOUNDE','14A441S','BAKARY SILAS',NULL,1,1),(2361,1,'1988-09-01',NULL,0,'ETOA','14A529S','CHOKOMENI NGALEU JOSEPH IGOR',NULL,1,1),(2363,1,'1988-09-13',NULL,0,'KOMO-ESSELE','14A336S','DJUIDGANG NA\'AN JACQUES',NULL,1,1),(2365,1,'1988-09-21',NULL,0,'BALEVENG','14A578S','EFFA\'A EFFA\'A GUY MARCEL',NULL,1,1),(2367,1,'1988-09-23',NULL,0,'DOUALA','14A549S','FOBASSO SELABI HERVE',NULL,1,1),(2369,1,'1988-10-03',NULL,0,'NGAOUNDERE','14A390S','FOULA EMMANUEL',NULL,1,1),(2371,1,'1988-10-10',NULL,0,'MIDRE','14A443S','GANNO TATONG BRIOLE STALONNE',NULL,1,1),(2373,1,'1988-10-25',NULL,0,'MBITOU','14A174S','GBWABOUBOU DORANT',NULL,1,1),(2375,1,'1988-11-03',NULL,0,'DOUVANGAR-MERI','14A339S','GOURA DJELANI ILIASSOU',NULL,1,1),(2377,1,'1988-11-14',NULL,0,'LAGDO','14A320S','HASSANA OUMAROU',NULL,1,1),(2379,1,'1988-11-24',NULL,0,'MVOMEKA\'A','14A535S','JIELE TCHUIGUEP JULES',NULL,1,1),(2381,1,'1988-12-09',NULL,0,'BARE','14A468S','JIOMETIO IDESS VALDO',NULL,1,1),(2383,1,'1989-01-01',NULL,0,'MOKOLO','14A487S','JOUMESSI CHARLES LOÏC',NULL,1,1),(2385,1,'1989-01-18',NULL,0,'MAYO-OULDEME','14A567S','KEMENI KAMGA FRANKLIN DESCARTES',NULL,1,1),(2387,1,'1989-01-19',NULL,0,'KOUSSERI','14A472S','KEYO PRISCA AUDREY',NULL,1,1),(2389,1,'1989-01-22',NULL,0,'GAROUA','14A410S','KWETKWETE DOFO BARTHYME',NULL,1,1),(2391,1,'1989-02-09',NULL,NULL,'LAKA PETEL','14A128S','LAMA NYAZOKE SERGE',NULL,1,1),(2393,1,'1989-02-14',NULL,0,'BAFOUSSAM','14A429S','MBACHI SEUNKOUA THIERRY',NULL,1,1),(2395,1,'1989-03-12',NULL,0,'YAOUNDE','14A385S','MEDJO DANIEL RODY',NULL,1,1),(2397,1,'1989-03-28',NULL,0,'BANDJA','14A143S','MIAFO MATHURIN-URBAIN',NULL,1,1),(2399,1,'1989-03-30',NULL,0,'BALEVENG','14A566S','MOHAMADOU BACHIROU YOUGOUDA',NULL,1,1),(2401,1,'1989-04-10',NULL,1,'GAROUA','14A502S','MOUMOUN MADEME',NULL,1,1),(2403,1,'1989-04-14',NULL,0,'GAROUA','14A260S','MVEYGUERE MOUSSA ALIOUM',NULL,1,1),(2405,1,'1989-04-28',NULL,1,'GAROUA','14A491S','NANI SINATA OLIVIER',NULL,1,1),(2407,1,'1989-05-17',NULL,0,'BABADJOU','14A460S','NDAKAYI TCHAWOUA GILDACE',NULL,1,1),(2409,1,'1989-05-23',NULL,0,'FONG -TONGO','14A366S','NENBE EINSTEN DENILSON',NULL,1,1),(2411,1,'1989-05-24',NULL,0,'YAOUNDE','14A583S','NGOGANG DERICK',NULL,1,1),(2413,1,'1989-05-27',NULL,0,'DJARENGOL-KODEK','14A323S','NGONO MALA MARCEL ROLAND',NULL,1,1),(2415,1,'1989-05-31',NULL,0,'LOGONE-BIRNI','14A480S','NIMPA TOUOZE PATRICE CHARLY',NULL,1,1),(2417,1,'1989-06-10',NULL,NULL,'NEMBAKRI-TOULOUM','14A335S','NONGNI CASIMIR RUFEN',NULL,1,1),(2419,1,'1989-06-26',NULL,0,'BANKONDJI','14A555S','PAWE WAMBA CYRILLE',NULL,1,1),(2421,1,'1989-07-02',NULL,0,'YAOUNDE','14A008S','REYANG GASTOING',NULL,1,1),(2423,1,'1989-07-03',NULL,0,'BAMENDA','14A199S','SANDJO TCHIENKOUA BLAISE PASCAL',NULL,1,1),(2425,1,'1989-07-09',NULL,0,'BALOUM','14A476S','SECKVOU LEONEL',NULL,1,1),(2427,1,'1989-07-15',NULL,0,'TOKOMBERE','14A683S','SODJOUHOUE SODJOUHOUE STYVE RHYRHA',NULL,1,1),(2429,1,'1989-08-03',NULL,0,'YAOUNDE','14A405S','TAKA VETCHE ALAIN',NULL,1,1),(2431,1,'1989-08-04',NULL,0,'KALATE','14A477S','TCHUESSIE ARIANE LAFORTUNE',NULL,1,1),(2433,1,'1989-08-07',NULL,0,'BATOUFAM','14A449S','TCHULANG KOUOGUE TRIOMPHANT',NULL,1,1),(2435,1,'1989-08-07',NULL,0,'KOSSA','14A584S','TEKRE HAROUNA LAWAL',NULL,1,1),(2437,1,'1989-08-12',NULL,0,'MBOUDA','14A484S','TEMFACK BELMONDO',NULL,1,1),(2439,1,'1989-08-23',NULL,0,'BERTOUA','14A348S','WOLA HAIKAMLA',NULL,1,1),(2441,1,'1989-09-05',NULL,0,'DOUALA','14A346S','YANAWA BIDAI',NULL,1,1),(2452,1,'1994-02-01',NULL,0,'KOUSSERI','13Z001S','ABAGANA ABAGANA',NULL,1,0),(2454,1,'1991-03-12',NULL,0,'DOUALA','13Z292S','ABALINTSINA PIERRE STEVE',NULL,1,1),(2456,1,'1995-10-08',NULL,0,'GAROUA','13Z042S','ABOUBAKAR AHMADOU',NULL,1,1),(2458,1,'1994-10-02',NULL,1,'DSCHANG','13Z068S','AMEZATIO TANANZONG PRISCA ODE',NULL,1,1),(2460,1,'1995-03-17',NULL,0,'TOUMAKA -BABADJOU','13Z053S','ATEMGOUA BRUMEL',NULL,1,1),(2462,1,'1994-05-22',NULL,0,'GUIDER','13Z090S','BIROUE ISAAC',NULL,1,1),(2464,1,'1989-06-12',NULL,0,'GAROUA','13Z399S','BOUBAKARI HAMADOU',NULL,1,1),(2466,1,'1995-11-22',NULL,0,'BAFOUSSAM','13Z039S','DARI MBOBE COLLINS',NULL,1,1),(2468,1,'1993-08-08',NULL,0,'ATTA','13Z141S','DJOUSSAM NGUE PAULIN',NULL,1,1),(2470,1,'1993-01-14',NULL,0,'MOKOLO','13Z173S','DOUPOM YAYA DIEUDONNE',NULL,1,1),(2472,1,'1991-12-22',NULL,0,'OKOK','13Z241S','EDOUGA JEAN PATRICK',NULL,1,1),(2474,1,'1991-08-03',NULL,1,'YAOUNDE','13Z268S','ESSANA NTEDE CHRISTELLE LAETITIA',NULL,1,1),(2476,1,'1989-09-16',NULL,0,'MELONG','13Z387S','ESSELEM CORNEILLE',NULL,1,1),(2478,1,'1992-02-11',NULL,0,'EDEA','13Z226S','ESSOME  MBEM JEAN  ROMEO',NULL,1,1),(2480,1,'1994-05-09',NULL,0,'TIGA','13Z094S','FEGUE EMBOLO ARMEL VIANNEY',NULL,1,1),(2482,1,'1992-04-04',NULL,0,'KAMPALA MADA','13Z216S','GARAKCHEM ATEUK',NULL,1,1),(2484,1,'1994-04-30',NULL,0,'KOUSSERI','13Z095S','GUEIME MADAM ALIFA',NULL,1,1),(2486,1,'1989-11-10',NULL,0,'YAOUNDE','13Z724S','IBRAHIM BOUBA',NULL,1,1),(2488,1,'1995-06-27',NULL,1,'DOUALA','13Z769S','KADJE YOUDOM MERCEDES K.',NULL,1,1),(2490,1,'1994-08-04',NULL,0,'SEMTO','13Z079S','KOUAM TAMO JEAN JULES',NULL,1,1),(2492,1,'1987-07-10',NULL,0,'NTEINGUE','13Z741S','KUEFOUET MAURICE CALVIN',NULL,1,1),(2494,1,'1990-10-25',NULL,0,'MAROUA','13Z315S','LIWA ARMAND',NULL,1,1),(2496,1,'1993-08-01',NULL,0,'NGAOUNDERE','13Z143S','MADI VONDOU ARABO',NULL,1,1),(2498,1,'1992-03-09',NULL,0,'YAOUNDE','13Z223S','MBA MESSI DIEUDONNE LANDRY',NULL,1,1),(2500,1,'1992-08-28',NULL,0,'NGOUMOU','13Z190S','MBALLA FRANCIS ANICET',NULL,1,1),(2502,1,'1986-06-28',NULL,0,'DOUALA','13Z533S','MBONDJO BANGKWE PIERRE ERNEST',NULL,1,1),(2504,1,'1992-01-04',NULL,0,'FEGMIMBANG II','13Z239S','MESSI SERGE VALERY',NULL,1,1),(2506,1,'1992-04-02',NULL,1,'PENKA MICHEL','13Z217S','METSIGUIE MERLEINE IRENE',NULL,1,1),(2508,1,'1993-07-30',NULL,0,'TOULOUM','13Z144S','MOBARA PIERRE',NULL,1,1),(2510,1,'1990-02-01',NULL,0,'GUIDER','13Z004S','MOHAMADOU AMINOU IBRAHIMA',NULL,1,0),(2512,1,'1995-09-20',NULL,1,'MAROUA','13Z043S','MOUNIRA IDRISSOU LIMAN TOUKOUR',NULL,1,1),(2514,1,'1994-01-04',NULL,0,'ABONG-MBANG','13Z115S','MPA NGUELE FERNAND',NULL,1,1),(2516,1,'1993-01-02',NULL,0,'SANGMELIMA','13Z175S','NDAMKOU TANKE PASCAL BRONDON',NULL,1,1),(2518,1,'1993-09-12',NULL,0,'YAOUNDE','13Z133S','NGONO ONANA STEPHANE FLORIDE',NULL,1,1),(2520,1,'1992-05-24',NULL,0,'DOUALA','13Z770S','NGOUMO ZEBAZE ALEX FLORIAN',NULL,1,1),(2522,1,'1997-08-22',NULL,1,'SANTA AKUM','13Z026S','NGUESUH STELLA  NYAMUKONG',NULL,1,1),(2524,1,'1986-11-25',NULL,0,'DOUALA','13Z740S','NOUKAM FABRICE TCHEKSON',NULL,1,1),(2526,1,'1994-06-14',NULL,0,'BAMENDOU','13Z086S','SILATSA TCHATCHUM JOVIAL',NULL,1,1),(2528,1,'1990-08-16',NULL,0,'NGAOUNDERE','13Z334S','SODEA MOÏNAM WILLY',NULL,1,1),(2530,1,'1993-04-09',NULL,0,'DSCHANG','13Z160S','SOKEING HYDIL AICARD',NULL,1,1),(2532,1,'1991-06-04',NULL,0,'GAROUA','13Z785S','SOULEMANOU SALI',NULL,1,1),(2534,1,'1992-02-14',NULL,0,'KYABE','13Z690S','SOUSSIA KAINI',NULL,1,1),(2536,1,'1995-09-19',NULL,0,'MBOUDA','13Z044S','TABOUA KAMTA BASIL',NULL,1,1),(2538,1,'1993-09-15',NULL,0,'BABADJOU','13Z132S','TAGNIKEU TOUOYEM THIERRY',NULL,1,1),(2540,1,'1994-09-28',NULL,0,'YAOUNDE','13Z765S','TAMDJOKOUE KETCHAPA ADRIEN',NULL,1,1),(2542,1,'1994-05-10',NULL,0,'MBOUDA','13Z093S','TCHINDA GOUFFO THIERRY',NULL,1,1),(2544,1,'1991-03-12',NULL,0,'DOUALA','13Z742S','TCHOGNIA KOM THIERRY FABRICE',NULL,1,1),(2546,1,'1992-05-06',NULL,0,'BALOUM','13Z773S','TEFEUDONG EVADAS',NULL,1,1),(2548,1,'1987-02-13',NULL,0,'DSCHANG','13Z507S','TEUFACK NAGUE FABRICE',NULL,1,1),(2550,1,'1994-08-15',NULL,0,'TCHATIBALI','13Z075S','WANGBA CELESTIN',NULL,1,1),(2552,1,'1990-04-02',NULL,0,'DOUALA','13Z707S','YOUEGAN  NGAMENI RODRIGUE  GERBO',NULL,1,1),(2554,1,'1985-05-10',NULL,0,'DOUALA','13Z563S','ZEH EKOUMOU VIANEY',NULL,1,1),(2556,1,'1988-02-10',NULL,0,'MINDIF','13Z764S','NENTCHE SYLVAIN',NULL,1,1),(2558,1,'1990-05-02',NULL,0,'DSCHANG','12X234S','MEWA TIYO  ANTOINE',NULL,1,1),(2560,1,'1987-07-09',NULL,0,'GAROUA','11V209S','OUSMANOU MAMOUDOU',NULL,1,1),(2855,1,NULL,NULL,0,NULL,'11V334S','ABDOURAHMAN OUMAROU',NULL,1,0),(2857,1,'1987-05-18',NULL,0,'NKOT-ABANG','11V202S','ANANGA ATEBA JEAN BERTRAND',NULL,1,1),(2859,1,'1989-07-08',NULL,0,'OBALA','11V306S','AWONO ONGUENE DOMINIQUE',NULL,1,1),(2861,1,'1992-01-26',NULL,1,'BANGANGTE','11V409S','AYEMELE PAKA LINDA',NULL,1,1),(2863,1,'1990-08-14',NULL,0,'SOULEDE','11V354S','BABGAI RAPHAEL GUIDEKE',NULL,1,1),(2865,1,'1988-11-04',NULL,0,'NDIKOKO-NDIKI','11V274S','BANAKEN BELBOM ANDRE ROGER',NULL,1,1),(2867,1,'1991-04-05',NULL,1,'NJONE','11V389S','BEKOU MAPO OUEMBA ERVIE CORINA',NULL,1,1),(2869,1,NULL,NULL,0,NULL,'11V086S','BISSO HENRI JEAN',NULL,1,0),(2871,1,'1990-05-13',NULL,1,'MOKOLO','11V344S','DAGUIDAM DELPHINE',NULL,1,1),(2873,1,'1988-03-03',NULL,0,'MBANGA','11V238S','DJONTU TAJOUO FRANCOIS ACHILLE',NULL,1,1),(2875,1,'1988-02-19',NULL,0,'MAROUA','11V237S','DOURWE JEAN CLAUDE',NULL,1,1),(2877,1,'1991-02-10',NULL,0,'NJOMBE','11V383S','EKANKANG  NTOUBA MARTIN',NULL,1,1),(2879,1,'1988-06-23',NULL,0,'YAOUNDE','11V489S','ESSOKOLOK OLEMBE SEDRICK FREDY',NULL,1,1),(2881,1,'1991-11-06',NULL,1,'GAROUA','11V405S','FATIME MALOUM',NULL,1,1),(2883,1,NULL,NULL,0,NULL,'11V232S','FOGA MICHEL',NULL,1,0),(2885,1,'1992-11-06',NULL,0,'YAOUNDÉ','11V430S','FOTSO TAGNE LIONEL YVAN',NULL,1,1),(2887,1,'1992-08-31',NULL,0,'YAGOUA','11V424S','GOLSIA KAIMISSINA ARISTIDE',NULL,1,1),(2889,1,'1988-06-14',NULL,0,'MUNDEMBA','11V255S','HIDAMA II ELISEE',NULL,1,1),(2891,1,NULL,NULL,0,NULL,'11V397S','ISSA HAMAN DJEMTCHOU',NULL,1,0),(2893,1,'1990-06-12',NULL,0,'Kossewa - Maroua','11V348S','JEREMIE MAMZOUAI',NULL,1,1),(2895,1,'1993-01-21',NULL,0,'BUEA','11V434S','KENFACK DJEUFACK VALMY-ROI',NULL,1,1),(2897,1,'1989-03-03',NULL,0,'KRIBI','11V289S','KWENDJEU DJAMEN DANIS DU ROLE',NULL,1,1),(2899,1,'1992-12-28',NULL,1,'TIGA','11V433S','MAÎNOUE MAKAÎNET FLORENCE',NULL,1,1),(2901,1,'1991-01-19',NULL,1,'MBALMAYO','11V377S','MAJU TATCHUM EUGENIE',NULL,1,1),(2903,1,'1992-08-03',NULL,1,'BANGWA','11V421S','MBOUOGNONG PEFIENERE DORIMENE',NULL,1,1),(2905,1,'1993-06-08',NULL,1,'MELONG I','11V437S','METCHOMNOU FOGANG INGRID STROBEL',NULL,1,1),(2907,1,'1993-06-03',NULL,0,'YAOUNDE','11V518S','MBGATOU DARYL',NULL,1,1),(2909,1,'1989-05-19',NULL,0,'GUIDER','11V298S','MOHAMADOU AWAL',NULL,1,1),(2911,1,'1989-08-17',NULL,0,'NGAOUNDERE','11V309S','MOHAMADOU YOUSSOUF',NULL,1,1),(2913,1,'1989-01-12',NULL,0,'BIBIA','11V283S','NGALLY MIMBIANG ALOYS DUOVANY',NULL,1,1),(2915,1,'1987-12-02',NULL,0,'DOUALA','11V228S','NGATCHEU SIEWE FABRICE',NULL,1,1),(2917,1,'1989-02-27',NULL,0,'NDOUNGUE','11V288S','NJIELIEU LUCKY STERGE',NULL,1,1),(2919,1,'1992-09-12',NULL,0,'EBOLOWA','11V427S','NKWEWO NGOUFO GEDEON GHISLAIN',NULL,1,1),(2921,1,'1987-04-26',NULL,0,'BAPI','11V197S','NONO FOKOU ACHILLE',NULL,1,1),(2923,1,'1988-03-05',NULL,0,'BAFOUSSAM','11V239S','NWAFO WOMNDIEGAM MAMA',NULL,1,1),(2926,1,'1990-05-15',NULL,0,'DSCHANG','11V345S','PATALE EVER JUNIOR',NULL,1,1),(2928,1,'1990-12-08',NULL,0,'DOUKOULA','11V371S','PELYANG EMMANUEL',NULL,1,1),(2930,1,'1992-12-12',NULL,0,'DOUALA','11V432S','POUEMO MONGANG ISAAC ADRIEN',NULL,1,1),(2932,1,'1991-08-12',NULL,1,'MAROUA','11V399S','SAMIRA MOHAMAN SANI',NULL,1,1),(2934,1,'1991-02-03',NULL,0,'DOUALA','11V380S','SILIYA WANN KISSI',NULL,1,1),(2936,1,'1992-06-25',NULL,0,'GAROUA','11V417S','SUINA NAINA PROSPER',NULL,1,1),(2938,1,'1989-04-19',NULL,0,'LIBREVILLE','11V296S','TCHEUKO EMANI CYRIAQUE THIERRY',NULL,1,1),(2940,1,'1992-03-31',NULL,0,'NKONGSAMBA','11V412S','TEGUIA NKOUNGAN NIKEL MAUREEN',NULL,1,1),(2942,1,'1990-08-27',NULL,0,'BODO  MAKARY','11V356S','WA  ARA  LIMANGANA HASSANA',NULL,1,1),(6851,1,'1989-03-27',NULL,0,'DOUALA','12X300S','ABA PAMBE ALAIN',NULL,1,1),(6853,1,'1992-03-03',NULL,0,'DOUALA','12X122S','ABDOUL KARIMOU HAMADOU TALLA',NULL,1,1),(6855,1,'1991-10-27',NULL,0,'NGAOUNDERE','12X139S','AHMADOU BATCHI',NULL,1,1),(6857,1,'1992-12-01',NULL,1,'MAYO ENDALLA','12X094S','AMINA PAZEU',NULL,1,1),(6859,1,'1991-09-15',NULL,0,'YAOUNDÉ','12X146S','BALLA MEKONGO JOSEPH AUBIN',NULL,1,1),(6861,1,'1991-04-23',NULL,0,'YAOUNDÉ','12X169S','BELLO YERE FIDELE',NULL,1,1),(6863,1,NULL,NULL,0,NULL,'12X503S','BENDI NGUIMBOUS PATRICE',NULL,1,0),(6865,1,NULL,NULL,0,NULL,'12X560S','DITOUAMO BARNABAS',NULL,1,0),(6867,1,'1989-05-11',NULL,0,'MAROUA','12X290S','DJARYANG DECARTES',NULL,1,1),(6869,1,'1992-07-04',NULL,1,'MBO BANDJOUN','12X112S','DJEPANG CHENKEP LUSIANNE',NULL,1,1),(6871,1,'1993-01-05',NULL,0,'BANGANGTE','12X086S','DJIOSSEU TIODO AUDREY',NULL,1,1),(6873,1,'1991-07-03',NULL,0,'YAOUNDÉ','12X155S','DONGUE OLIVIER',NULL,1,1),(6875,1,'1990-06-21',NULL,0,'NGUELEMENDOUGA','12X222S','DOUMTSOP MELI FRANC WALTER',NULL,1,1),(6877,1,'1990-09-13',NULL,1,'YAOUNDE','12X209S','ENANGUE AYISSI LOUISE-AGNES TATIANA',NULL,1,1),(6879,1,'1990-01-21',NULL,1,'NYASSAR NDERE','12X252S','FADIMATOU ISSA',NULL,1,1),(6881,1,'1993-04-03',NULL,0,'BERTOUA','12X076S','FEUDJIO TSAGUE ARMEL FERRY',NULL,1,1),(6883,1,'1994-02-14',NULL,0,'BAFOUSSAM','12X040S','FEUWO FEUTSEU CYRILLE JOEL',NULL,1,1),(6885,1,'1995-10-15',NULL,0,'DOUALA','12X008S','FOTSO DEFFO PEGGY PEREZ',NULL,1,1),(6887,1,'1994-06-21',NULL,0,'MAROUA','12X031S','GONG TCHOING RODOLPHE',NULL,1,1),(6889,1,'1992-07-19',NULL,1,'YAOUNDÉ','12X110S','GONKENE TCHOUAWI VIVIANE',NULL,1,1),(6891,1,'1985-10-10',NULL,0,'AFADE','12X497S','GUEIME ABADAM',NULL,1,1),(6893,1,NULL,NULL,1,NULL,'12X045S','HADJA HELIMATA GOUSKRO',NULL,1,0),(6895,1,NULL,NULL,0,NULL,'12X117S','HOMDIM TCHUENTEU JOEL LANDRY',NULL,1,0),(6897,1,'1988-01-12',NULL,0,'MAROUA','12X391S','HOUKOULAM FIRMIN',NULL,1,1),(6899,1,'1988-01-07',NULL,0,'NJOMBE','12X392S','KAMGA NGAMENI MICHEL FRANCK',NULL,1,1),(6901,1,'1994-12-06',NULL,0,'DOUALA','12X023S','KONE POFOURA ESAIE',NULL,1,1),(6903,1,'1995-01-18',NULL,1,'YAOUNDÉ','12X020S','KUITCHE DJOUMESSAP BARBARA',NULL,1,1),(6905,1,'1989-06-09',NULL,0,'DOUALA','12X283S','LEMOTIO TEMATIO HUGUES PATRICE',NULL,1,1),(6907,1,'1994-10-10',NULL,1,'YAOUNDÉ','12X026S','MAHPEHKA KODJO',NULL,1,1),(6909,1,'1994-10-25',NULL,1,'LAINDE','12X024S','MAIGNOWA BAMO',NULL,1,1),(6911,1,'1990-07-05',NULL,0,'MARO','12X220S','MAMSOAL NDADJINYAM ISRAEL',NULL,1,1),(6914,1,'1990-03-06',NULL,0,'YAOUNDÉ','12X243S','MAMBOU NOUYADJE SOPHONIE',NULL,1,1),(6916,1,'1984-03-30',NULL,0,'DOUALA','12X546S','METO\'O EMERY LEROY',NULL,1,1),(6920,1,'1990-05-24',NULL,0,'MAROUA','12X228S','MOHAMED ABDOURAMAN',NULL,1,1),(6922,1,'1993-08-29',NULL,0,'YAOUNDÉ','12X052S','MOUSTAPHA ABBAGADI ALKALI AHMAT',NULL,1,1),(6924,1,'1992-02-16',NULL,0,'BIKOK','12X123S','NDONG ENGOZO\'O BORIS GAEL',NULL,1,1),(6926,1,NULL,NULL,0,NULL,'12X294S','NGANTCHA SUSCIL HALIDA',NULL,1,0),(6928,1,'1990-09-16',NULL,0,'DOUALA','12X006S','NGOUMENI JEAN PIERRE',NULL,1,1),(6930,1,'1993-02-10',NULL,0,'PENJA','12X082S','NGOUNE TONLEU BILL CLAIRE',NULL,1,1),(6932,1,'1989-03-17',NULL,0,'BAFIA','12X303S','NOUBIAP NOMSI ROUMUALD',NULL,1,1),(6934,1,'1989-01-23',NULL,0,'AWING','12X314S','PEZOH OMEGA FRU',NULL,1,1),(6936,1,'1988-08-17',NULL,0,'GAROUA','12X349S','SALI AHMADOU',NULL,1,1),(6939,1,'1993-03-14',NULL,0,'DOUALA','12X078S','SONKENG SYLVAIN',NULL,1,1),(6941,1,NULL,NULL,0,NULL,'12X267S','TAIWE DJONGA FREDERIC',NULL,1,0),(6943,1,'1993-03-09',NULL,0,'YAOUNDE','12X079S','TAKOUTSING YENDE WILLY HAROLD',NULL,1,1),(6945,1,NULL,NULL,0,NULL,'12X177S','TCHOGNIA KOM THIERRY FABRICE',NULL,1,0),(6947,1,NULL,NULL,0,NULL,'12X156S','TENE HAPPI VIRGIL',NULL,1,0),(6949,1,'1993-01-13',NULL,0,'NJOMBE','12X085S','TENKEU SAYOU ARMEL DONALD',NULL,1,1),(6951,1,'1992-01-17',NULL,0,'YAGOUA','12X129S','TOLOBA YOUSSOUFA',NULL,1,1),(6953,1,'1989-12-14',NULL,1,'NDOUNGUE','12X263S','WANTCHE EDIMOMENE BONANYAKA',NULL,1,1),(6955,1,'1990-12-16',NULL,0,'GAWAR-MOKOLO','12X190S','YOUSSOUF',NULL,1,1),(6957,1,'1992-07-28',NULL,1,'GAROUA','12X107S','ZOUBAYDAT DAHIROU',NULL,1,1),(6959,1,'1993-02-17',NULL,1,'MAROUA','12X081S','ZOUBEIDA OUMAROU',NULL,1,1);
/*!40000 ALTER TABLE `ETUDIANT` ENABLE KEYS */;
UNLOCK TABLES;

--
-- Table structure for table `EVALUATION`
--

DROP TABLE IF EXISTS `EVALUATION`;
/*!40101 SET @saved_cs_client     = @@character_set_client */;
/*!40101 SET character_set_client = utf8 */;
CREATE TABLE `EVALUATION` (
  `ID` bigint(20) NOT NULL,
  `ACTIVE` int(11) DEFAULT '1',
  `CODE` varchar(255) DEFAULT NULL,
  `DESCRIPTION` varchar(255) DEFAULT NULL,
  `ISEXAM` tinyint(1) DEFAULT '0',
  `VERSION` int(11) DEFAULT NULL,
  PRIMARY KEY (`ID`),
  UNIQUE KEY `CODE` (`CODE`)
) ENGINE=InnoDB DEFAULT CHARSET=latin1;
/*!40101 SET character_set_client = @saved_cs_client */;

--
-- Dumping data for table `EVALUATION`
--

LOCK TABLES `EVALUATION` WRITE;
/*!40000 ALTER TABLE `EVALUATION` DISABLE KEYS */;
INSERT INTO `EVALUATION` VALUES (42,1,'CC','Controle Continu',0,1),(43,1,'TPE','Travail Personnel Encadré',0,1),(45,1,'TP','Travaux Pratiques',0,5),(46,1,'EE','Examen Ecrit',1,1);
/*!40000 ALTER TABLE `EVALUATION` ENABLE KEYS */;
UNLOCK TABLES;

--
-- Table structure for table `EVALUATIONDETAILS`
--

DROP TABLE IF EXISTS `EVALUATIONDETAILS`;
/*!40101 SET @saved_cs_client     = @@character_set_client */;
/*!40101 SET character_set_client = utf8 */;
CREATE TABLE `EVALUATIONDETAILS` (
  `ID` bigint(20) NOT NULL,
  `ACTIVE` int(11) DEFAULT '1',
  `POURCENTAGE` int(11) DEFAULT NULL,
  `VERSION` int(11) DEFAULT NULL,
  `EVALUATION_ID` bigint(20) DEFAULT NULL,
  `TYPECOURS_ID` bigint(20) DEFAULT NULL,
  PRIMARY KEY (`ID`),
  UNIQUE KEY `UNQ_EVALUATIONDETAILS_0` (`EVALUATION_ID`,`TYPECOURS_ID`),
  KEY `FK_EVALUATIONDETAILS_TYPECOURS_ID` (`TYPECOURS_ID`),
  CONSTRAINT `FK_EVALUATIONDETAILS_EVALUATION_ID` FOREIGN KEY (`EVALUATION_ID`) REFERENCES `EVALUATION` (`ID`),
  CONSTRAINT `FK_EVALUATIONDETAILS_TYPECOURS_ID` FOREIGN KEY (`TYPECOURS_ID`) REFERENCES `TYPECOURS` (`ID`)
) ENGINE=InnoDB DEFAULT CHARSET=latin1;
/*!40101 SET character_set_client = @saved_cs_client */;

--
-- Dumping data for table `EVALUATIONDETAILS`
--

LOCK TABLES `EVALUATIONDETAILS` WRITE;
/*!40000 ALTER TABLE `EVALUATIONDETAILS` DISABLE KEYS */;
INSERT INTO `EVALUATIONDETAILS` VALUES (51,1,30,3,42,41),(101,1,50,1,46,41),(151,1,20,3,43,41),(252,1,20,1,43,201),(305,1,100,1,45,304),(1001,1,20,1,42,951),(1003,1,20,1,45,951),(1004,1,40,1,46,951),(6091,1,20,1,42,201),(6092,1,20,1,45,201),(6093,1,40,1,46,201),(6846,1,20,1,43,1051),(6847,1,30,1,45,1051),(6848,1,50,1,46,1051);
/*!40000 ALTER TABLE `EVALUATIONDETAILS` ENABLE KEYS */;
UNLOCK TABLES;

--
-- Table structure for table `INSCRIPTION`
--

DROP TABLE IF EXISTS `INSCRIPTION`;
/*!40101 SET @saved_cs_client     = @@character_set_client */;
/*!40101 SET character_set_client = utf8 */;
CREATE TABLE `INSCRIPTION` (
  `ID` bigint(20) NOT NULL,
  `ACTIVE` int(11) DEFAULT '1',
  `VERSION` int(11) DEFAULT NULL,
  `ANNEEACADEMIQUE_ID` bigint(20) DEFAULT NULL,
  `ETUDIANT_ID` bigint(20) DEFAULT NULL,
  `PARCOURS_ID` bigint(20) DEFAULT NULL,
  PRIMARY KEY (`ID`),
  UNIQUE KEY `UNQ_INSCRIPTION_0` (`ETUDIANT_ID`,`ANNEEACADEMIQUE_ID`,`PARCOURS_ID`),
  KEY `FK_INSCRIPTION_PARCOURS_ID` (`PARCOURS_ID`),
  KEY `FK_INSCRIPTION_ANNEEACADEMIQUE_ID` (`ANNEEACADEMIQUE_ID`),
  CONSTRAINT `FK_INSCRIPTION_ANNEEACADEMIQUE_ID` FOREIGN KEY (`ANNEEACADEMIQUE_ID`) REFERENCES `ANNEEACADEMIQUE` (`ID`),
  CONSTRAINT `FK_INSCRIPTION_ETUDIANT_ID` FOREIGN KEY (`ETUDIANT_ID`) REFERENCES `ETUDIANT` (`ID`),
  CONSTRAINT `FK_INSCRIPTION_PARCOURS_ID` FOREIGN KEY (`PARCOURS_ID`) REFERENCES `PARCOURS` (`ID`)
) ENGINE=InnoDB DEFAULT CHARSET=latin1;
/*!40101 SET character_set_client = @saved_cs_client */;

--
-- Dumping data for table `INSCRIPTION`
--

LOCK TABLES `INSCRIPTION` WRITE;
/*!40000 ALTER TABLE `INSCRIPTION` DISABLE KEYS */;
INSERT INTO `INSCRIPTION` VALUES (373,1,1,29,372,30),(375,1,1,29,374,30),(377,1,1,29,376,30),(379,1,1,29,378,30),(381,1,1,29,380,30),(383,1,1,29,382,30),(385,1,1,29,384,30),(387,1,1,29,386,30),(389,1,1,29,388,30),(391,1,1,29,390,30),(393,1,1,29,392,30),(395,1,1,29,394,30),(397,1,1,29,396,30),(399,1,1,29,398,30),(401,1,1,29,400,30),(403,1,1,29,402,30),(405,1,1,29,404,30),(407,1,1,29,406,30),(409,1,1,29,408,30),(411,1,1,29,410,30),(413,1,1,29,412,30),(415,1,1,29,414,30),(417,1,1,29,416,30),(419,1,1,29,418,30),(421,1,1,29,420,30),(423,1,1,29,422,30),(425,1,1,29,424,30),(427,1,1,29,426,30),(429,1,1,29,428,30),(431,1,1,29,430,30),(433,1,1,29,432,30),(435,1,1,29,434,30),(437,1,1,29,436,30),(439,1,1,29,438,30),(441,1,1,29,440,30),(443,1,1,29,442,30),(445,1,1,29,444,30),(447,1,1,29,446,30),(449,1,1,29,448,30),(451,1,1,29,450,30),(453,1,1,29,452,30),(455,1,1,29,454,30),(457,1,1,29,456,30),(459,1,1,29,458,30),(461,1,1,29,460,30),(463,1,1,29,462,30),(465,1,1,29,464,30),(467,1,1,29,466,30),(469,1,1,29,468,30),(471,1,1,29,470,30),(473,1,1,29,472,30),(475,1,1,29,474,30),(1402,1,1,29,1401,40),(1404,1,1,29,1403,40),(1406,1,1,29,1405,40),(1408,1,1,29,1407,40),(1410,1,1,29,1409,40),(1412,1,1,29,1411,40),(1414,1,1,29,1413,40),(1416,1,1,29,1415,40),(1418,1,1,29,1417,40),(1420,1,1,29,1419,40),(1422,1,1,29,1421,40),(1424,1,1,29,1423,40),(1426,1,1,29,1425,40),(1428,1,1,29,1427,40),(1430,1,1,29,1429,40),(1432,1,1,29,1431,40),(1434,1,1,29,1433,40),(1436,1,1,29,1435,40),(1438,1,1,29,1437,40),(1440,1,1,29,1439,40),(1442,1,1,29,1441,40),(1444,1,1,29,1443,40),(1446,1,1,29,1445,40),(1448,1,1,29,1447,40),(1450,1,1,29,1449,40),(1452,1,1,29,1451,40),(1454,1,1,29,1453,40),(1456,1,1,29,1455,40),(1458,1,1,29,1457,40),(1460,1,1,29,1459,40),(1462,1,1,29,1461,40),(1464,1,1,29,1463,40),(1466,1,1,29,1465,40),(1468,1,1,29,1467,38),(1470,1,1,29,1469,38),(1472,1,1,29,1471,38),(1474,1,1,29,1473,38),(1476,1,1,29,1475,38),(1478,1,1,29,1477,38),(1480,1,1,29,1479,38),(1482,1,1,29,1481,38),(1484,1,1,29,1483,38),(1486,1,1,29,1485,38),(1488,1,1,29,1487,38),(1490,1,1,29,1489,38),(1492,1,1,29,1491,38),(1494,1,1,29,1493,38),(1496,1,1,29,1495,38),(1498,1,1,29,1497,38),(1500,1,1,29,1499,38),(1502,1,1,29,1501,38),(1504,1,1,29,1503,38),(1506,1,1,29,1505,38),(1508,1,1,29,1507,38),(1510,1,1,29,1509,38),(1512,1,1,29,1511,38),(1514,1,1,29,1513,38),(1516,1,1,29,1515,38),(1518,1,1,29,1517,38),(1520,1,1,29,1519,38),(1522,1,1,29,1521,38),(1524,1,1,29,1523,39),(1526,1,1,29,1525,39),(1528,1,1,29,1527,39),(1530,1,1,29,1529,39),(1532,1,1,29,1531,39),(1534,1,1,29,1533,39),(1536,1,1,29,1535,39),(1538,1,1,29,1537,39),(1540,1,1,29,1539,39),(1542,1,1,29,1541,39),(1544,1,1,29,1543,39),(1546,1,1,29,1545,39),(1548,1,1,29,1547,39),(1550,1,1,29,1549,39),(1552,1,1,29,1551,39),(1554,1,1,29,1553,39),(1556,1,1,29,1555,39),(1558,1,1,29,1557,39),(1560,1,1,29,1559,39),(1561,1,1,29,1517,39),(1563,1,1,29,1562,39),(1565,1,1,29,1564,39),(1567,1,1,29,1566,39),(1569,1,1,29,1568,39),(1571,1,1,29,1570,39),(1573,1,1,29,1572,39),(1575,1,1,29,1574,39),(1577,1,1,29,1576,39),(1579,1,1,29,1578,37),(1581,1,1,29,1580,37),(1583,1,1,29,1582,37),(1585,1,1,29,1584,37),(1587,1,1,29,1586,37),(1589,1,1,29,1588,37),(1591,1,1,29,1590,37),(1593,1,1,29,1592,37),(1595,1,1,29,1594,37),(1597,1,1,29,1596,37),(1599,1,1,29,1598,37),(1601,1,1,29,1600,1154),(1603,1,1,29,1602,1154),(1605,1,1,29,1604,1154),(1607,1,1,29,1606,1154),(1609,1,1,29,1608,1154),(1611,1,1,29,1610,1154),(1613,1,1,29,1612,1154),(1615,1,1,29,1614,1154),(1617,1,1,29,1616,1154),(1619,1,1,29,1618,1154),(1621,1,1,29,1620,1154),(1623,1,1,29,1622,1154),(1625,1,1,29,1624,1154),(1627,1,1,29,1626,1154),(1629,1,1,29,1628,1154),(1631,1,1,29,1630,1154),(1633,1,1,29,1632,1154),(1635,1,1,29,1634,1154),(1637,1,1,29,1636,1154),(1639,1,1,29,1638,1154),(1641,1,1,29,1640,1154),(1643,1,1,29,1642,1154),(1645,1,1,29,1644,1154),(1647,1,1,29,1646,1154),(1649,1,1,29,1648,1154),(1651,1,1,29,1650,1154),(1653,1,1,29,1652,1152),(1655,1,1,29,1654,1152),(1657,1,1,29,1656,1152),(1659,1,1,29,1658,1152),(1661,1,1,29,1660,1152),(1663,1,1,29,1662,1152),(1665,1,1,29,1664,1152),(1667,1,1,29,1666,1152),(1669,1,1,29,1668,1152),(1671,1,1,29,1670,1152),(1673,1,1,29,1672,1152),(1675,1,1,29,1674,1152),(1677,1,1,29,1676,1152),(1679,1,1,29,1678,1152),(1681,1,1,29,1680,1152),(1683,1,1,29,1682,1152),(1685,1,1,29,1684,1152),(1687,1,1,29,1686,1152),(1689,1,1,29,1688,1152),(1691,1,1,29,1690,1152),(1693,1,1,29,1692,1152),(1695,1,1,29,1694,1152),(1697,1,1,29,1696,1152),(1699,1,1,29,1698,1152),(1701,1,1,29,1700,1151),(1703,1,1,29,1702,1151),(1705,1,1,29,1704,1151),(1707,1,1,29,1706,1151),(1709,1,1,29,1708,1151),(1711,1,1,29,1710,1151),(1713,1,1,29,1712,1151),(1715,1,1,29,1714,1151),(1717,1,1,29,1716,1151),(1719,1,1,29,1718,1151),(1721,1,1,29,1720,1151),(1723,1,1,29,1722,1151),(1725,1,1,29,1724,1151),(1727,1,1,29,1726,1151),(1729,1,1,29,1728,1151),(1731,1,1,29,1730,1151),(1733,1,1,29,1732,1151),(1735,1,1,29,1734,1151),(1737,1,1,29,1736,1151),(1739,1,1,29,1738,1151),(1741,1,1,29,1740,1151),(1743,1,1,29,1742,1151),(1745,1,1,29,1744,1151),(1747,1,1,29,1746,1151),(1749,1,1,29,1748,1151),(1751,1,1,29,1750,1151),(1753,1,1,29,1752,1151),(1755,1,1,29,1754,1153),(1757,1,1,29,1756,1153),(1759,1,1,29,1758,1153),(1761,1,1,29,1760,1153),(1763,1,1,29,1762,1153),(1765,1,1,29,1764,1153),(1767,1,1,29,1766,1153),(1769,1,1,29,1768,1153),(1771,1,1,29,1770,1153),(1773,1,1,29,1772,1153),(1775,1,1,29,1774,1153),(1777,1,1,29,1776,1153),(1779,1,1,29,1778,1153),(1781,1,1,29,1780,1153),(1783,1,1,29,1782,1153),(1785,1,1,29,1784,1153),(1787,1,1,29,1786,1153),(1789,1,1,29,1788,1153),(1791,1,1,29,1790,1153),(1793,1,1,29,1792,1153),(1795,1,1,29,1794,1153),(1797,1,1,29,1796,1153),(1799,1,1,29,1798,1153),(1801,1,1,29,1800,1158),(1803,1,1,29,1802,1158),(1805,1,1,29,1804,1158),(1807,1,1,29,1806,1158),(1809,1,1,29,1808,1158),(1811,1,1,29,1810,1158),(1813,1,1,29,1812,1158),(1815,1,1,29,1814,1158),(1817,1,1,29,1816,1158),(1819,1,1,29,1818,1158),(1821,1,1,29,1820,1158),(1823,1,1,29,1822,1158),(1825,1,1,29,1824,1158),(1827,1,1,29,1826,1158),(1829,1,1,29,1828,1158),(1831,1,1,29,1830,1158),(1833,1,1,29,1832,1158),(1834,1,1,29,1650,1158),(1836,1,1,29,1835,1157),(1838,1,1,29,1837,1157),(1840,1,1,29,1839,1157),(1842,1,1,29,1841,1157),(1844,1,1,29,1843,1157),(1846,1,1,29,1845,1157),(1848,1,1,29,1847,1157),(1850,1,1,29,1849,1157),(1852,1,1,29,1851,1157),(1854,1,1,29,1853,1157),(1856,1,1,29,1855,1157),(1858,1,1,29,1857,1157),(1860,1,1,29,1859,1157),(1862,1,1,29,1861,1157),(1864,1,1,29,1863,1157),(1866,1,1,29,1865,1157),(1868,1,1,29,1867,1157),(1870,1,1,29,1869,1157),(1872,1,1,29,1871,1157),(1874,1,1,29,1873,1157),(1876,1,1,29,1875,1157),(1878,1,1,29,1877,1157),(1880,1,1,29,1879,1155),(1882,1,1,29,1881,1155),(1883,1,1,29,1750,1155),(1885,1,1,29,1884,1155),(1887,1,1,29,1886,1155),(1889,1,1,29,1888,1155),(1891,1,1,29,1890,1155),(1892,1,1,29,1752,1155),(1894,1,1,29,1893,1155),(1896,1,1,29,1895,1155),(1898,1,1,29,1897,1155),(1900,1,1,29,1899,1155),(1902,1,1,29,1901,1155),(1904,1,1,29,1903,1155),(1906,1,1,29,1905,1155),(1908,1,1,29,1907,1155),(1910,1,1,29,1909,1155),(1912,1,1,29,1911,1155),(1914,1,1,29,1913,1156),(1916,1,1,29,1915,1156),(1918,1,1,29,1917,1156),(1920,1,1,29,1919,1156),(1922,1,1,29,1921,1156),(1924,1,1,29,1923,1156),(1926,1,1,29,1925,1156),(1928,1,1,29,1927,1156),(1929,1,1,29,1698,1156),(1931,1,1,29,1930,1156),(1933,1,1,29,1932,1156),(1935,1,1,29,1934,1156),(1937,1,1,29,1936,1156),(1939,1,1,29,1938,1156),(1941,1,1,29,1940,1156),(1943,1,1,29,1942,1156),(1945,1,1,29,1944,1156),(1947,1,1,29,1946,1156),(1949,1,1,29,1948,35),(1951,1,1,29,1950,35),(1953,1,1,29,1952,35),(1955,1,1,29,1954,35),(1957,1,1,29,1956,35),(1959,1,1,29,1958,35),(1961,1,1,29,1960,35),(1963,1,1,29,1962,35),(1965,1,1,29,1964,35),(1967,1,1,29,1966,35),(1969,1,1,29,1968,35),(1971,1,1,29,1970,35),(1973,1,1,29,1972,35),(1975,1,1,29,1974,35),(1977,1,1,29,1976,35),(1979,1,1,29,1978,35),(1981,1,1,29,1980,35),(1983,1,1,29,1982,35),(1985,1,1,29,1984,35),(1987,1,1,29,1986,35),(1989,1,1,29,1988,35),(1991,1,1,29,1990,35),(1993,1,1,29,1992,35),(1995,1,1,29,1994,35),(1997,1,1,29,1996,35),(1999,1,1,29,1998,35),(2001,1,1,29,2000,35),(2003,1,1,29,2002,35),(2005,1,1,29,2004,35),(2007,1,1,29,2006,35),(2009,1,1,29,2008,35),(2011,1,1,29,2010,35),(2013,1,1,29,2012,35),(2015,1,1,29,2014,35),(2017,1,1,29,2016,35),(2019,1,1,29,2018,35),(2021,1,1,29,2020,35),(2023,1,1,29,2022,35),(2025,1,1,29,2024,35),(2027,1,1,29,2026,35),(2029,1,1,29,2028,35),(2031,1,1,29,2030,35),(2033,1,1,29,2032,35),(2035,1,1,29,2034,35),(2037,1,1,29,2036,35),(2039,1,1,29,2038,35),(2041,1,1,29,2040,35),(2043,1,1,29,2042,35),(2045,1,1,29,2044,35),(2047,1,1,29,2046,35),(2049,1,1,29,2048,35),(2051,1,1,29,2050,35),(2053,1,1,29,2052,35),(2055,1,1,29,2054,35),(2057,1,1,29,2056,35),(2059,1,1,29,2058,35),(2061,1,1,29,2060,35),(2063,1,1,29,2062,35),(2065,1,1,29,2064,35),(2067,1,1,29,2066,35),(2069,1,1,29,2068,35),(2071,1,1,29,2070,35),(2073,1,1,29,2072,35),(2075,1,1,29,2074,35),(2077,1,1,29,2076,35),(2079,1,1,29,2078,35),(2081,1,1,29,2080,35),(2083,1,1,29,2082,35),(2085,1,1,29,2084,35),(2087,1,1,29,2086,35),(2089,1,1,29,2088,35),(2091,1,1,29,2090,35),(2093,1,1,29,2092,35),(2095,1,1,29,2094,35),(2097,1,1,29,2096,35),(2099,1,1,29,2098,35),(2101,1,1,29,2100,35),(2103,1,1,29,2102,35),(2105,1,1,29,2104,35),(2107,1,1,29,2106,35),(2108,1,1,29,1642,35),(2110,1,1,29,2109,36),(2112,1,1,29,2111,36),(2114,1,1,29,2113,36),(2116,1,1,29,2115,36),(2118,1,1,29,2117,36),(2120,1,1,29,2119,36),(2122,1,1,29,2121,36),(2124,1,1,29,2123,36),(2126,1,1,29,2125,36),(2128,1,1,29,2127,36),(2130,1,1,29,2129,36),(2132,1,1,29,2131,36),(2134,1,1,29,2133,36),(2136,1,1,29,2135,36),(2138,1,1,29,2137,36),(2140,1,1,29,2139,36),(2142,1,1,29,2141,36),(2144,1,1,29,2143,36),(2146,1,1,29,2145,36),(2148,1,1,29,2147,36),(2150,1,1,29,2149,36),(2152,1,1,29,2151,36),(2154,1,1,29,2153,36),(2156,1,1,29,2155,36),(2158,1,1,29,2157,36),(2160,1,1,29,2159,36),(2162,1,1,29,2161,36),(2164,1,1,29,2163,36),(2166,1,1,29,2165,36),(2168,1,1,29,2167,36),(2170,1,1,29,2169,36),(2172,1,1,29,2171,36),(2174,1,1,29,2173,36),(2176,1,1,29,2175,36),(2178,1,1,29,2177,36),(2180,1,1,29,2179,36),(2182,1,1,29,2181,36),(2184,1,1,29,2183,36),(2186,1,1,29,2185,36),(2188,1,1,29,2187,36),(2190,1,1,29,2189,36),(2192,1,1,29,2191,36),(2194,1,1,29,2193,36),(2196,1,1,29,2195,36),(2198,1,1,29,2197,36),(2200,1,1,29,2199,36),(2202,1,1,29,2201,36),(2204,1,1,29,2203,36),(2206,1,1,29,2205,36),(2208,1,1,29,2207,36),(2210,1,1,29,2209,36),(2212,1,1,29,2211,36),(2214,1,1,29,2213,36),(2216,1,1,29,2215,36),(2218,1,1,29,2217,36),(2220,1,1,29,2219,36),(2222,1,1,29,2221,36),(2224,1,1,29,2223,36),(2226,1,1,29,2225,36),(2228,1,1,29,2227,36),(2230,1,1,29,2229,36),(2232,1,1,29,2231,36),(2234,1,1,29,2233,36),(2236,1,1,29,2235,36),(2238,1,1,29,2237,36),(2240,1,1,29,2239,36),(2242,1,1,29,2241,36),(2244,1,1,29,2243,36),(2246,1,1,29,2245,36),(2248,1,1,29,2247,36),(2250,1,1,29,2249,36),(2252,1,1,29,2251,36),(2254,1,1,29,2253,36),(2256,1,1,29,2255,36),(2258,1,1,29,2257,36),(2260,1,1,29,2259,36),(2262,1,1,29,2261,36),(2352,1,1,29,2351,2303),(2354,1,1,29,2353,2303),(2356,1,1,29,2355,2303),(2358,1,1,29,2357,2303),(2360,1,1,29,2359,2303),(2362,1,1,29,2361,2303),(2364,1,1,29,2363,2303),(2366,1,1,29,2365,2303),(2368,1,1,29,2367,2303),(2370,1,1,29,2369,2303),(2372,1,1,29,2371,2303),(2374,1,1,29,2373,2303),(2376,1,1,29,2375,2303),(2378,1,1,29,2377,2303),(2380,1,1,29,2379,2303),(2382,1,1,29,2381,2303),(2384,1,1,29,2383,2303),(2386,1,1,29,2385,2303),(2388,1,1,29,2387,2303),(2390,1,1,29,2389,2303),(2392,1,1,29,2391,2303),(2394,1,1,29,2393,2303),(2396,1,1,29,2395,2303),(2398,1,1,29,2397,2303),(2400,1,1,29,2399,2303),(2402,1,1,29,2401,2303),(2404,1,1,29,2403,2303),(2406,1,1,29,2405,2303),(2408,1,1,29,2407,2303),(2410,1,1,29,2409,2303),(2412,1,1,29,2411,2303),(2414,1,1,29,2413,2303),(2416,1,1,29,2415,2303),(2418,1,1,29,2417,2303),(2420,1,1,29,2419,2303),(2422,1,1,29,2421,2303),(2424,1,1,29,2423,2303),(2426,1,1,29,2425,2303),(2428,1,1,29,2427,2303),(2430,1,1,29,2429,2303),(2432,1,1,29,2431,2303),(2434,1,1,29,2433,2303),(2436,1,1,29,2435,2303),(2438,1,1,29,2437,2303),(2440,1,1,29,2439,2303),(2442,1,1,29,2441,2303),(2453,1,1,2451,2452,30),(2455,1,1,2451,2454,30),(2457,1,1,2451,2456,30),(2459,1,1,2451,2458,30),(2461,1,1,2451,2460,30),(2463,1,1,2451,2462,30),(2465,1,1,2451,2464,30),(2467,1,1,2451,2466,30),(2469,1,1,2451,2468,30),(2471,1,1,2451,2470,30),(2473,1,1,2451,2472,30),(2475,1,1,2451,2474,30),(2477,1,1,2451,2476,30),(2479,1,1,2451,2478,30),(2481,1,1,2451,2480,30),(2483,1,1,2451,2482,30),(2485,1,1,2451,2484,30),(2487,1,1,2451,2486,30),(2489,1,1,2451,2488,30),(2491,1,1,2451,2490,30),(2493,1,1,2451,2492,30),(2495,1,1,2451,2494,30),(2497,1,1,2451,2496,30),(2499,1,1,2451,2498,30),(2501,1,1,2451,2500,30),(2503,1,1,2451,2502,30),(2505,1,1,2451,2504,30),(2507,1,1,2451,2506,30),(2509,1,1,2451,2508,30),(2511,1,1,2451,2510,30),(2513,1,1,2451,2512,30),(2515,1,1,2451,2514,30),(2517,1,1,2451,2516,30),(2519,1,1,2451,2518,30),(2521,1,1,2451,2520,30),(2523,1,1,2451,2522,30),(2525,1,1,2451,2524,30),(2527,1,1,2451,2526,30),(2529,1,1,2451,2528,30),(2531,1,1,2451,2530,30),(2533,1,1,2451,2532,30),(2535,1,1,2451,2534,30),(2537,1,1,2451,2536,30),(2539,1,1,2451,2538,30),(2541,1,1,2451,2540,30),(2543,1,1,2451,2542,30),(2545,1,1,2451,2544,30),(2547,1,1,2451,2546,30),(2549,1,1,2451,2548,30),(2551,1,1,2451,2550,30),(2553,1,1,2451,2552,30),(2555,1,1,2451,2554,30),(2557,1,1,2451,2556,30),(2559,1,1,2451,2558,30),(2561,1,1,2451,2560,30),(2562,1,1,29,2452,31),(2563,1,1,29,2454,31),(2564,1,1,29,2456,30),(2565,1,1,29,2458,31),(2566,1,1,29,2460,31),(2567,1,1,29,2462,30),(2568,1,1,29,2464,31),(2569,1,1,29,2466,30),(2570,1,1,29,2468,30),(2571,1,1,29,2470,31),(2572,1,1,29,2472,31),(2573,1,1,29,2474,31),(2574,1,1,29,2476,31),(2575,1,1,29,2478,31),(2576,1,1,29,2480,31),(2578,1,1,29,2488,31),(2579,1,1,29,2490,31),(2580,1,1,29,2492,31),(2581,1,1,29,2496,30),(2582,1,1,29,2498,31),(2583,1,1,29,2500,31),(2584,1,1,29,2502,31),(2585,1,1,29,2504,31),(2586,1,1,29,2506,31),(2587,1,1,29,2508,31),(2588,1,1,29,2510,30),(2589,1,1,29,2512,31),(2590,1,1,29,2516,30),(2591,1,1,29,2518,31),(2592,1,1,29,2520,31),(2593,1,1,29,2522,31),(2594,1,1,29,2526,31),(2595,1,1,29,2528,30),(2596,1,1,29,2530,31),(2597,1,1,29,2532,30),(2599,1,1,29,2536,31),(2600,1,1,29,2538,31),(2601,1,1,29,2540,30),(2602,1,1,29,2542,31),(2603,1,1,29,2546,31),(2604,1,1,29,2548,31),(2605,1,1,29,2550,30),(2606,1,1,29,2552,31),(2607,1,1,29,2558,31),(2856,1,1,2852,2855,30),(2858,1,1,2852,2857,30),(2860,1,1,2852,2859,30),(2862,1,1,2852,2861,30),(2864,1,1,2852,2863,30),(2866,1,1,2852,2865,30),(2868,1,1,2852,2867,30),(2870,1,1,2852,2869,30),(2872,1,1,2852,2871,30),(2874,1,1,2852,2873,30),(2876,1,1,2852,2875,30),(2878,1,1,2852,2877,30),(2880,1,1,2852,2879,30),(2882,1,1,2852,2881,30),(2884,1,1,2852,2883,30),(2886,1,1,2852,2885,30),(2888,1,1,2852,2887,30),(2890,1,1,2852,2889,30),(2892,1,1,2852,2891,30),(2894,1,1,2852,2893,30),(2896,1,1,2852,2895,30),(2898,1,1,2852,2897,30),(2900,1,1,2852,2899,30),(2902,1,1,2852,2901,30),(2904,1,1,2852,2903,30),(2906,1,1,2852,2905,30),(2908,1,1,2852,2907,30),(2910,1,1,2852,2909,30),(2912,1,1,2852,2911,30),(2914,1,1,2852,2913,30),(2916,1,1,2852,2915,30),(2918,1,1,2852,2917,30),(2920,1,1,2852,2919,30),(2922,1,1,2852,2921,30),(2924,1,1,2852,2923,30),(2925,1,1,2852,2560,30),(2927,1,1,2852,2926,30),(2929,1,1,2852,2928,30),(2931,1,1,2852,2930,30),(2933,1,1,2852,2932,30),(2935,1,1,2852,2934,30),(2937,1,1,2852,2936,30),(2939,1,1,2852,2938,30),(2941,1,1,2852,2940,30),(2943,1,1,2852,2942,30),(6852,1,1,2851,6851,30),(6854,1,1,2851,6853,30),(6856,1,1,2851,6855,30),(6858,1,1,2851,6857,30),(6860,1,1,2851,6859,30),(6862,1,1,2851,6861,30),(6864,1,1,2851,6863,30),(6866,1,1,2851,6865,30),(6868,1,1,2851,6867,30),(6870,1,1,2851,6869,30),(6872,1,1,2851,6871,30),(6874,1,1,2851,6873,30),(6876,1,1,2851,6875,30),(6878,1,1,2851,6877,30),(6880,1,1,2851,6879,30),(6882,1,1,2851,6881,30),(6884,1,1,2851,6883,30),(6886,1,1,2851,6885,30),(6888,1,1,2851,6887,30),(6890,1,1,2851,6889,30),(6892,1,1,2851,6891,30),(6894,1,1,2851,6893,30),(6896,1,1,2851,6895,30),(6898,1,1,2851,6897,30),(6900,1,1,2851,6899,30),(6902,1,1,2851,6901,30),(6904,1,1,2851,6903,30),(6906,1,1,2851,6905,30),(6908,1,1,2851,6907,30),(6910,1,1,2851,6909,30),(6912,1,1,2851,6911,30),(6913,1,1,2851,2899,30),(6915,1,1,2851,6914,30),(6917,1,1,2851,6916,30),(6918,1,1,2851,2558,30),(6919,1,1,2851,2909,30),(6921,1,1,2851,6920,30),(6923,1,1,2851,6922,30),(6925,1,1,2851,6924,30),(6927,1,1,2851,6926,30),(6929,1,1,2851,6928,30),(6931,1,1,2851,6930,30),(6933,1,1,2851,6932,30),(6935,1,1,2851,6934,30),(6937,1,1,2851,6936,30),(6938,1,1,2851,2932,30),(6940,1,1,2851,6939,30),(6942,1,1,2851,6941,30),(6944,1,1,2851,6943,30),(6946,1,1,2851,6945,30),(6948,1,1,2851,6947,30),(6950,1,1,2851,6949,30),(6952,1,1,2851,6951,30),(6954,1,1,2851,6953,30),(6956,1,1,2851,6955,30),(6958,1,1,2851,6957,30),(6960,1,1,2851,6959,30),(6961,1,1,2851,2883,30),(6962,1,1,2851,2560,30),(6963,1,1,2851,2938,30);
/*!40000 ALTER TABLE `INSCRIPTION` ENABLE KEYS */;
UNLOCK TABLES;

--
-- Table structure for table `NIVEAU`
--

DROP TABLE IF EXISTS `NIVEAU`;
/*!40101 SET @saved_cs_client     = @@character_set_client */;
/*!40101 SET character_set_client = utf8 */;
CREATE TABLE `NIVEAU` (
  `ID` bigint(20) NOT NULL,
  `ACTIVE` int(11) DEFAULT '1',
  `CODE` varchar(255) DEFAULT NULL,
  `VERSION` int(11) DEFAULT NULL,
  `CYCLE_ID` bigint(20) DEFAULT NULL,
  PRIMARY KEY (`ID`),
  UNIQUE KEY `CODE` (`CODE`),
  KEY `FK_NIVEAU_CYCLE_ID` (`CYCLE_ID`),
  CONSTRAINT `FK_NIVEAU_CYCLE_ID` FOREIGN KEY (`CYCLE_ID`) REFERENCES `CYCLES` (`ID`)
) ENGINE=InnoDB DEFAULT CHARSET=latin1;
/*!40101 SET character_set_client = @saved_cs_client */;

--
-- Dumping data for table `NIVEAU`
--

LOCK TABLES `NIVEAU` WRITE;
/*!40000 ALTER TABLE `NIVEAU` DISABLE KEYS */;
INSERT INTO `NIVEAU` VALUES (3,1,'Licence 1',1,1),(4,1,'Licence 2',1,1),(5,1,'Licence 3',1,1),(6,1,'Master 1',1,2),(7,1,'Master 2',1,2);
/*!40000 ALTER TABLE `NIVEAU` ENABLE KEYS */;
UNLOCK TABLES;

--
-- Table structure for table `NOTE`
--

DROP TABLE IF EXISTS `NOTE`;
/*!40101 SET @saved_cs_client     = @@character_set_client */;
/*!40101 SET character_set_client = utf8 */;
CREATE TABLE `NOTE` (
  `ID` bigint(20) NOT NULL,
  `ACTIVE` int(11) DEFAULT '1',
  `SESSIONS` int(11) NOT NULL,
  `VALEUR` double DEFAULT NULL,
  `VERSION` int(11) DEFAULT NULL,
  `ANNEEACADEMIQUE_ID` bigint(20) DEFAULT NULL,
  `COURS_ID` bigint(20) DEFAULT NULL,
  `ETUDIANT_ID` bigint(20) DEFAULT NULL,
  `EVALUATION_ID` bigint(20) DEFAULT NULL,
  PRIMARY KEY (`ID`),
  UNIQUE KEY `UNQ_NOTE_0` (`ETUDIANT_ID`,`EVALUATION_ID`,`COURS_ID`,`ANNEEACADEMIQUE_ID`,`SESSIONS`),
  KEY `FK_NOTE_EVALUATION_ID` (`EVALUATION_ID`),
  KEY `FK_NOTE_ANNEEACADEMIQUE_ID` (`ANNEEACADEMIQUE_ID`),
  KEY `FK_NOTE_COURS_ID` (`COURS_ID`),
  CONSTRAINT `FK_NOTE_ANNEEACADEMIQUE_ID` FOREIGN KEY (`ANNEEACADEMIQUE_ID`) REFERENCES `ANNEEACADEMIQUE` (`ID`),
  CONSTRAINT `FK_NOTE_COURS_ID` FOREIGN KEY (`COURS_ID`) REFERENCES `COURS` (`ID`),
  CONSTRAINT `FK_NOTE_ETUDIANT_ID` FOREIGN KEY (`ETUDIANT_ID`) REFERENCES `ETUDIANT` (`ID`),
  CONSTRAINT `FK_NOTE_EVALUATION_ID` FOREIGN KEY (`EVALUATION_ID`) REFERENCES `EVALUATION` (`ID`)
) ENGINE=InnoDB DEFAULT CHARSET=latin1;
/*!40101 SET character_set_client = @saved_cs_client */;

--
-- Dumping data for table `NOTE`
--

LOCK TABLES `NOTE` WRITE;
/*!40000 ALTER TABLE `NOTE` DISABLE KEYS */;
INSERT INTO `NOTE` VALUES (501,1,0,9.25,1,29,359,372,42),(502,1,0,0,1,29,359,374,42),(503,1,0,10.5,1,29,359,376,42),(504,1,0,14,1,29,359,378,42),(505,1,0,8.5,1,29,359,380,42),(506,1,0,7.25,1,29,359,382,42),(507,1,0,0,1,29,359,384,42),(508,1,0,15.25,1,29,359,386,42),(509,1,0,10.5,1,29,359,388,42),(510,1,0,7.75,1,29,359,390,42),(511,1,0,8.25,1,29,359,392,42),(512,1,0,7.5,1,29,359,394,42),(513,1,0,5.5,1,29,359,396,42),(514,1,0,5.5,1,29,359,398,42),(515,1,0,8,1,29,359,400,42),(516,1,0,6.5,1,29,359,402,42),(517,1,0,10.75,1,29,359,404,42),(518,1,0,11,1,29,359,406,42),(519,1,0,4,1,29,359,408,42),(520,1,0,5.5,1,29,359,410,42),(521,1,0,15,1,29,359,412,42),(522,1,0,6,1,29,359,414,42),(523,1,0,0.5,1,29,359,416,42),(524,1,0,8,1,29,359,418,42),(525,1,0,2,1,29,359,420,42),(526,1,0,10,1,29,359,422,42),(527,1,0,7.75,1,29,359,424,42),(528,1,0,9.5,1,29,359,426,42),(529,1,0,5,1,29,359,428,42),(530,1,0,12.75,1,29,359,430,42),(531,1,0,10.25,1,29,359,432,42),(532,1,0,11,1,29,359,434,42),(533,1,0,5.75,1,29,359,436,42),(534,1,0,8,1,29,359,438,42),(535,1,0,10.75,1,29,359,440,42),(536,1,0,6.75,1,29,359,442,42),(537,1,0,0,1,29,359,444,42),(538,1,0,6.5,1,29,359,446,42),(539,1,0,8,1,29,359,448,42),(540,1,0,0,1,29,359,450,42),(541,1,0,7.75,1,29,359,452,42),(542,1,0,18,1,29,359,454,42),(543,1,0,12.75,1,29,359,456,42),(544,1,0,13,1,29,359,458,42),(545,1,0,17,1,29,359,460,42),(546,1,0,8.5,1,29,359,462,42),(547,1,0,17.5,1,29,359,464,42),(548,1,0,8.75,1,29,359,466,42),(549,1,0,7,1,29,359,468,42),(550,1,0,2.5,1,29,359,470,42),(551,1,0,8.5,1,29,359,472,42),(552,1,0,6.5,1,29,359,474,42),(553,1,0,13.5,1,29,359,372,43),(554,1,0,0,1,29,359,374,43),(555,1,0,17.5,1,29,359,376,43),(556,1,0,13.5,1,29,359,378,43),(557,1,0,14.5,1,29,359,380,43),(558,1,0,13,1,29,359,382,43),(559,1,0,0,1,29,359,384,43),(560,1,0,17,1,29,359,386,43),(561,1,0,19.5,1,29,359,388,43),(562,1,0,13.5,1,29,359,390,43),(563,1,0,17.5,1,29,359,392,43),(564,1,0,17.5,1,29,359,394,43),(565,1,0,13,1,29,359,396,43),(566,1,0,19,1,29,359,398,43),(567,1,0,13.5,1,29,359,400,43),(568,1,0,17.5,1,29,359,402,43),(569,1,0,17.5,1,29,359,404,43),(570,1,0,17,1,29,359,406,43),(571,1,0,13.5,1,29,359,408,43),(572,1,0,19,1,29,359,410,43),(573,1,0,19,1,29,359,412,43),(574,1,0,17.5,1,29,359,414,43),(575,1,0,17.5,1,29,359,416,43),(576,1,0,17.5,1,29,359,418,43),(577,1,0,17.5,1,29,359,420,43),(578,1,0,13,1,29,359,422,43),(579,1,0,14.5,1,29,359,424,43),(580,1,0,13.5,1,29,359,426,43),(581,1,0,6,1,29,359,428,43),(582,1,0,6,1,29,359,430,43),(583,1,0,19.5,1,29,359,432,43),(584,1,0,13,1,29,359,434,43),(585,1,0,13.5,1,29,359,436,43),(586,1,0,13.5,1,29,359,438,43),(587,1,0,19.5,1,29,359,440,43),(588,1,0,6,1,29,359,442,43),(589,1,0,0,1,29,359,444,43),(590,1,0,19,1,29,359,446,43),(591,1,0,9,1,29,359,448,43),(592,1,0,0,1,29,359,450,43),(593,1,0,9,1,29,359,452,43),(594,1,0,17.5,1,29,359,454,43),(595,1,0,19.5,1,29,359,456,43),(596,1,0,17,1,29,359,458,43),(597,1,0,17.5,1,29,359,460,43),(598,1,0,14.5,1,29,359,462,43),(599,1,0,17,1,29,359,464,43),(600,1,0,13.5,1,29,359,466,43),(601,1,0,9,1,29,359,468,43),(602,1,0,9,1,29,359,470,43),(603,1,0,14.5,1,29,359,472,43),(604,1,0,6,1,29,359,474,43),(657,1,1,9.25,1,29,359,372,46),(658,1,1,12.5,1,29,359,382,46),(659,1,1,9.75,1,29,359,396,46),(660,1,1,11,1,29,359,398,46),(661,1,1,9,1,29,359,400,46),(662,1,1,6.5,1,29,359,408,46),(663,1,1,12,1,29,359,410,46),(664,1,1,7.75,1,29,359,414,46),(665,1,1,3,1,29,359,416,46),(666,1,1,5.25,1,29,359,420,46),(667,1,1,9.25,1,29,359,424,46),(668,1,1,12.5,1,29,359,426,46),(669,1,1,7.75,1,29,359,428,46),(670,1,1,12.5,1,29,359,436,46),(671,1,1,10,1,29,359,438,46),(672,1,1,12.5,1,29,359,440,46),(673,1,1,11.25,1,29,359,442,46),(674,1,1,12.5,1,29,359,452,46),(675,1,1,5,1,29,359,468,46),(676,1,1,7,1,29,359,470,46),(677,1,1,10,1,29,359,472,46),(678,1,1,12,1,29,359,474,46),(701,1,0,9.5,1,29,359,376,46),(702,1,0,11,1,29,359,378,46),(703,1,0,10,1,29,359,380,46),(704,1,0,7.5,1,29,359,382,46),(705,1,0,16,1,29,359,386,46),(706,1,0,10,1,29,359,388,46),(707,1,0,11.25,1,29,359,390,46),(708,1,0,11,1,29,359,392,46),(709,1,0,11.5,1,29,359,394,46),(710,1,0,8,1,29,359,396,46),(711,1,0,5,1,29,359,398,46),(712,1,0,7,1,29,359,400,46),(713,1,0,9,1,29,359,402,46),(714,1,0,10,1,29,359,404,46),(715,1,0,10,1,29,359,406,46),(716,1,0,4.75,1,29,359,408,46),(717,1,0,7.75,1,29,359,410,46),(718,1,0,13.5,1,29,359,412,46),(719,1,0,5.5,1,29,359,414,46),(720,1,0,2.5,1,29,359,416,46),(721,1,0,10,1,29,359,418,46),(722,1,0,13.5,1,29,359,422,46),(723,1,0,9.5,1,29,359,424,46),(724,1,0,7.5,1,29,359,426,46),(725,1,0,4.75,1,29,359,428,46),(726,1,0,15.25,1,29,359,430,46),(727,1,0,10,1,29,359,432,46),(728,1,0,12,1,29,359,434,46),(729,1,0,6.75,1,29,359,436,46),(730,1,0,7,1,29,359,438,46),(731,1,0,6.5,1,29,359,442,46),(732,1,0,8.5,1,29,359,446,46),(733,1,0,1.75,1,29,359,448,46),(734,1,0,10.5,1,29,359,452,46),(735,1,0,16,1,29,359,454,46),(736,1,0,13.75,1,29,359,456,46),(737,1,0,15.75,1,29,359,458,46),(738,1,0,14.5,1,29,359,460,46),(739,1,0,10.5,1,29,359,462,46),(740,1,0,14.5,1,29,359,464,46),(741,1,0,11.25,1,29,359,466,46),(742,1,0,2,1,29,359,468,46),(743,1,0,5.75,1,29,359,470,46),(744,1,0,6.5,1,29,359,472,46),(745,1,0,10,1,29,359,474,46),(2639,1,0,11,1,29,2615,2452,42),(2640,1,0,10.5,1,29,2615,2454,42),(2641,1,0,11.75,1,29,2615,2458,42),(2642,1,0,11.5,1,29,2615,2460,42),(2643,1,0,5.5,1,29,2615,2464,42),(2644,1,0,10.5,1,29,2615,2470,42),(2645,1,0,4.25,1,29,2615,2472,42),(2646,1,0,8,1,29,2615,2474,42),(2647,1,0,6.5,1,29,2615,2476,42),(2648,1,0,6.5,1,29,2615,2478,42),(2649,1,0,7.75,1,29,2615,2480,42),(2650,1,0,7,1,29,2615,2488,42),(2651,1,0,4,1,29,2615,2490,42),(2652,1,0,5.5,1,29,2615,2492,42),(2653,1,0,11,1,29,2615,2498,42),(2654,1,0,10.5,1,29,2615,2500,42),(2655,1,0,8,1,29,2615,2502,42),(2656,1,0,7,1,29,2615,2504,42),(2657,1,0,12,1,29,2615,2506,42),(2658,1,0,12.75,1,29,2615,2558,42),(2659,1,0,6.5,1,29,2615,2508,42),(2660,1,0,10,1,29,2615,2512,42),(2661,1,0,10,1,29,2615,2518,42),(2662,1,0,7.5,1,29,2615,2520,42),(2663,1,0,12.5,1,29,2615,2522,42),(2664,1,0,2,1,29,2615,2526,42),(2665,1,0,5,1,29,2615,2530,42),(2666,1,0,8,1,29,2615,2536,42),(2667,1,0,3.5,1,29,2615,2538,42),(2668,1,0,7.75,1,29,2615,2542,42),(2669,1,0,1.75,1,29,2615,2546,42),(2670,1,0,5.5,1,29,2615,2548,42),(2671,1,0,11.5,1,29,2615,2552,42),(2672,1,0,19,1,29,2615,2452,43),(2673,1,0,18.5,1,29,2615,2454,43),(2674,1,0,19.75,1,29,2615,2458,43),(2675,1,0,17.5,1,29,2615,2460,43),(2676,1,0,17.5,1,29,2615,2464,43),(2677,1,0,17.75,1,29,2615,2470,43),(2678,1,0,19,1,29,2615,2472,43),(2679,1,0,17.75,1,29,2615,2474,43),(2680,1,0,17.5,1,29,2615,2476,43),(2681,1,0,18,1,29,2615,2478,43),(2682,1,0,19.5,1,29,2615,2480,43),(2683,1,0,19.25,1,29,2615,2488,43),(2684,1,0,18.5,1,29,2615,2490,43),(2685,1,0,18,1,29,2615,2492,43),(2686,1,0,19,1,29,2615,2498,43),(2687,1,0,18,1,29,2615,2500,43),(2688,1,0,19.5,1,29,2615,2502,43),(2689,1,0,18.5,1,29,2615,2504,43),(2690,1,0,19.25,1,29,2615,2506,43),(2691,1,0,19.75,1,29,2615,2558,43),(2692,1,0,19.5,1,29,2615,2508,43),(2693,1,0,17.5,1,29,2615,2512,43),(2694,1,0,18.5,1,29,2615,2518,43),(2695,1,0,19.5,1,29,2615,2520,43),(2696,1,0,18,1,29,2615,2522,43),(2697,1,0,18,1,29,2615,2526,43),(2698,1,0,19,1,29,2615,2530,43),(2699,1,0,17.5,1,29,2615,2536,43),(2700,1,0,18.5,1,29,2615,2538,43),(2701,1,0,18,1,29,2615,2542,43),(2702,1,0,18,1,29,2615,2546,43),(2703,1,0,19,1,29,2615,2548,43),(2704,1,0,17.75,1,29,2615,2552,43),(2705,1,0,10.5,1,29,2615,2452,46),(2706,1,0,7.5,1,29,2615,2454,46),(2707,1,0,12.5,1,29,2615,2458,46),(2708,1,0,9,1,29,2615,2460,46),(2709,1,0,7,1,29,2615,2464,46),(2710,1,0,11,1,29,2615,2470,46),(2711,1,0,4.5,1,29,2615,2472,46),(2712,1,0,8.5,1,29,2615,2474,46),(2713,1,0,5.5,1,29,2615,2476,46),(2714,1,0,7.5,1,29,2615,2478,46),(2715,1,0,8,1,29,2615,2480,46),(2716,1,0,10.5,1,29,2615,2488,46),(2717,1,0,3.5,1,29,2615,2490,46),(2718,1,0,6.5,1,29,2615,2492,46),(2719,1,0,10.5,1,29,2615,2498,46),(2720,1,0,10,1,29,2615,2500,46),(2721,1,0,8.5,1,29,2615,2502,46),(2722,1,0,6,1,29,2615,2504,46),(2723,1,0,11,1,29,2615,2506,46),(2724,1,0,10.5,1,29,2615,2558,46),(2725,1,0,6.5,1,29,2615,2508,46),(2726,1,0,11,1,29,2615,2512,46),(2727,1,0,12,1,29,2615,2518,46),(2728,1,0,6.5,1,29,2615,2520,46),(2729,1,0,11,1,29,2615,2522,46),(2730,1,0,7.5,1,29,2615,2526,46),(2731,1,0,11,1,29,2615,2530,46),(2732,1,0,6.5,1,29,2615,2536,46),(2733,1,0,7,1,29,2615,2538,46),(2734,1,0,8.5,1,29,2615,2542,46),(2735,1,0,9,1,29,2615,2546,46),(2736,1,0,7,1,29,2615,2548,46),(2737,1,0,12.5,1,29,2615,2552,46),(2738,1,0,10.5,1,29,2614,2452,42),(2739,1,0,8,1,29,2614,2454,42),(2740,1,0,12,1,29,2614,2458,42),(2741,1,0,0.25,1,29,2614,2460,42),(2742,1,0,8,1,29,2614,2464,42),(2743,1,0,8,1,29,2614,2470,42),(2744,1,0,7.5,1,29,2614,2472,42),(2745,1,0,13,1,29,2614,2474,42),(2746,1,0,9.5,1,29,2614,2476,42),(2747,1,0,9.5,1,29,2614,2478,42),(2748,1,0,6,1,29,2614,2480,42),(2749,1,0,9,1,29,2614,2488,42),(2750,1,0,14,1,29,2614,2490,42),(2751,1,0,9,1,29,2614,2492,42),(2752,1,0,9.5,1,29,2614,2498,42),(2753,1,0,13.5,1,29,2614,2500,42),(2754,1,0,6.5,1,29,2614,2502,42),(2755,1,0,12,1,29,2614,2504,42),(2756,1,0,7.5,1,29,2614,2506,42),(2757,1,0,7.5,1,29,2614,2558,42),(2758,1,0,10,1,29,2614,2508,42),(2759,1,0,14,1,29,2614,2512,42),(2760,1,0,7,1,29,2614,2518,42),(2761,1,0,9.5,1,29,2614,2520,42),(2762,1,0,13,1,29,2614,2522,42),(2763,1,0,9,1,29,2614,2526,42),(2764,1,0,15,1,29,2614,2530,42),(2765,1,0,8.75,1,29,2614,2536,42),(2766,1,0,11.75,1,29,2614,2538,42),(2767,1,0,12,1,29,2614,2542,42),(2768,1,0,13,1,29,2614,2546,42),(2769,1,0,8.5,1,29,2614,2548,42),(2770,1,0,10,1,29,2614,2552,42),(2771,1,0,15.5,1,29,2614,2452,43),(2772,1,0,15.5,1,29,2614,2454,43),(2773,1,0,15.75,1,29,2614,2458,43),(2774,1,0,18,1,29,2614,2460,43),(2775,1,0,16.5,1,29,2614,2464,43),(2776,1,0,19.25,1,29,2614,2470,43),(2777,1,0,16.5,1,29,2614,2472,43),(2778,1,0,16.75,1,29,2614,2474,43),(2779,1,0,17.5,1,29,2614,2476,43),(2780,1,0,16.5,1,29,2614,2478,43),(2781,1,0,18,1,29,2614,2480,43),(2782,1,0,18.25,1,29,2614,2488,43),(2783,1,0,17,1,29,2614,2490,43),(2784,1,0,16.5,1,29,2614,2492,43),(2785,1,0,17,1,29,2614,2498,43),(2786,1,0,19.25,1,29,2614,2500,43),(2787,1,0,16.5,1,29,2614,2502,43),(2788,1,0,16.75,1,29,2614,2504,43),(2789,1,0,19.25,1,29,2614,2506,43),(2790,1,0,18.75,1,29,2614,2558,43),(2791,1,0,19,1,29,2614,2508,43),(2792,1,0,18.5,1,29,2614,2512,43),(2793,1,0,17,1,29,2614,2518,43),(2794,1,0,17.5,1,29,2614,2520,43),(2795,1,0,16.75,1,29,2614,2522,43),(2796,1,0,17.75,1,29,2614,2526,43),(2797,1,0,17.25,1,29,2614,2530,43),(2798,1,0,17.5,1,29,2614,2536,43),(2799,1,0,17,1,29,2614,2538,43),(2800,1,0,18,1,29,2614,2542,43),(2801,1,0,16.75,1,29,2614,2546,43),(2802,1,0,17,1,29,2614,2548,43),(2803,1,0,16.75,1,29,2614,2552,43),(2804,1,0,12,1,29,2614,2452,46),(2805,1,0,13,1,29,2614,2454,46),(2806,1,0,9,1,29,2614,2458,46),(2807,1,0,8,1,29,2614,2460,46),(2808,1,0,8.5,1,29,2614,2464,46),(2809,1,0,5,1,29,2614,2470,46),(2810,1,0,12,1,29,2614,2472,46),(2811,1,0,10.5,1,29,2614,2474,46),(2812,1,0,8,1,29,2614,2476,46),(2813,1,0,7.5,1,29,2614,2478,46),(2814,1,0,10,1,29,2614,2480,46),(2815,1,0,7,1,29,2614,2488,46),(2816,1,0,11.5,1,29,2614,2490,46),(2817,1,0,12.5,1,29,2614,2498,46),(2818,1,0,10.5,1,29,2614,2500,46),(2819,1,0,8,1,29,2614,2502,46),(2820,1,0,10,1,29,2614,2504,46),(2821,1,0,11,1,29,2614,2506,46),(2822,1,0,9,1,29,2614,2558,46),(2823,1,0,11.5,1,29,2614,2508,46),(2824,1,0,7.5,1,29,2614,2512,46),(2825,1,0,8.5,1,29,2614,2518,46),(2826,1,0,11.5,1,29,2614,2520,46),(2827,1,0,7,1,29,2614,2522,46),(2828,1,0,5,1,29,2614,2526,46),(2829,1,0,13.5,1,29,2614,2530,46),(2830,1,0,10.5,1,29,2614,2536,46),(2831,1,0,10,1,29,2614,2538,46),(2832,1,0,10,1,29,2614,2542,46),(2833,1,0,10,1,29,2614,2546,46),(2834,1,0,8,1,29,2614,2548,46),(2835,1,0,8.5,1,29,2614,2552,46),(2953,1,0,0,1,2852,352,2855,42),(2954,1,0,15,1,2852,352,2857,42),(2955,1,0,5.5,1,2852,352,2859,42),(2956,1,0,11.5,1,2852,352,2861,42),(2957,1,0,11.5,1,2852,352,2863,42),(2958,1,0,6.5,1,2852,352,2865,42),(2959,1,0,8,1,2852,352,2867,42),(2960,1,0,4.5,1,2852,352,2869,42),(2961,1,0,6,1,2852,352,2871,42),(2962,1,0,11.5,1,2852,352,2873,42),(2963,1,0,4.5,1,2852,352,2875,42),(2964,1,0,11,1,2852,352,2877,42),(2965,1,0,8,1,2852,352,2879,42),(2966,1,0,8.5,1,2852,352,2881,42),(2967,1,0,6.5,1,2852,352,2883,42),(2968,1,0,7,1,2852,352,2885,42),(2969,1,0,7.5,1,2852,352,2887,42),(2970,1,0,11,1,2852,352,2889,42),(2971,1,0,0,1,2852,352,2891,42),(2972,1,0,7,1,2852,352,2893,42),(2973,1,0,13.5,1,2852,352,2895,42),(2974,1,0,15,1,2852,352,2897,42),(2975,1,0,5.5,1,2852,352,2899,42),(2976,1,0,7,1,2852,352,2901,42),(2977,1,0,15.5,1,2852,352,2903,42),(2978,1,0,14.5,1,2852,352,2905,42),(2979,1,0,3.5,1,2852,352,2907,42),(2980,1,0,5,1,2852,352,2909,42),(2981,1,0,6,1,2852,352,2911,42),(2982,1,0,8,1,2852,352,2913,42),(2983,1,0,6,1,2852,352,2915,42),(2984,1,0,3.5,1,2852,352,2917,42),(2985,1,0,6.5,1,2852,352,2919,42),(2986,1,0,14,1,2852,352,2921,42),(2987,1,0,7,1,2852,352,2923,42),(2988,1,0,7.5,1,2852,352,2560,42),(2989,1,0,6.5,1,2852,352,2926,42),(2990,1,0,2.5,1,2852,352,2928,42),(2991,1,0,7,1,2852,352,2930,42),(2992,1,0,0,1,2852,352,2932,42),(2993,1,0,6.5,1,2852,352,2934,42),(2994,1,0,4,1,2852,352,2936,42),(2995,1,0,6,1,2852,352,2938,42),(2996,1,0,9,1,2852,352,2940,42),(2997,1,0,11,1,2852,352,2942,42),(2998,1,0,0,1,2852,352,2855,43),(2999,1,0,14.5,1,2852,352,2857,43),(3000,1,0,14.5,1,2852,352,2859,43),(3001,1,0,14.5,1,2852,352,2861,43),(3002,1,0,14.5,1,2852,352,2863,43),(3003,1,0,14.5,1,2852,352,2865,43),(3004,1,0,16,1,2852,352,2867,43),(3005,1,0,16,1,2852,352,2869,43),(3006,1,0,13.5,1,2852,352,2871,43),(3007,1,0,16,1,2852,352,2873,43),(3008,1,0,16,1,2852,352,2875,43),(3009,1,0,16,1,2852,352,2877,43),(3010,1,0,16,1,2852,352,2879,43),(3011,1,0,14,1,2852,352,2881,43),(3012,1,0,13.5,1,2852,352,2883,43),(3013,1,0,13.5,1,2852,352,2885,43),(3014,1,0,13.5,1,2852,352,2887,43),(3015,1,0,13.5,1,2852,352,2889,43),(3016,1,0,0,1,2852,352,2891,43),(3017,1,0,14,1,2852,352,2893,43),(3018,1,0,14,1,2852,352,2895,43),(3019,1,0,14,1,2852,352,2897,43),(3020,1,0,16,1,2852,352,2899,43),(3021,1,0,15.5,1,2852,352,2901,43),(3022,1,0,16,1,2852,352,2903,43),(3023,1,0,18,1,2852,352,2905,43),(3024,1,0,14,1,2852,352,2907,43),(3025,1,0,16,1,2852,352,2909,43),(3026,1,0,16,1,2852,352,2911,43),(3027,1,0,15.5,1,2852,352,2913,43),(3028,1,0,15.5,1,2852,352,2915,43),(3029,1,0,16,1,2852,352,2917,43),(3030,1,0,16,1,2852,352,2919,43),(3031,1,0,15.5,1,2852,352,2921,43),(3032,1,0,15.5,1,2852,352,2923,43),(3033,1,0,18,1,2852,352,2560,43),(3034,1,0,18,1,2852,352,2926,43),(3035,1,0,18,1,2852,352,2928,43),(3036,1,0,18,1,2852,352,2930,43),(3037,1,0,0,1,2852,352,2932,43),(3038,1,0,16,1,2852,352,2934,43),(3039,1,0,16,1,2852,352,2936,43),(3040,1,0,16,1,2852,352,2938,43),(3041,1,0,16,1,2852,352,2940,43),(3042,1,0,16,1,2852,352,2942,43),(3043,1,0,0,1,2852,352,2855,46),(3044,1,0,15.5,1,2852,352,2857,46),(3045,1,0,5,1,2852,352,2859,46),(3046,1,0,11,1,2852,352,2861,46),(3047,1,0,14.5,1,2852,352,2863,46),(3048,1,0,11,1,2852,352,2865,46),(3049,1,0,15.5,1,2852,352,2867,46),(3050,1,0,8,1,2852,352,2869,46),(3051,1,0,8.5,1,2852,352,2871,46),(3052,1,0,10.5,1,2852,352,2873,46),(3053,1,0,3.5,1,2852,352,2875,46),(3054,1,0,14,1,2852,352,2877,46),(3055,1,0,9,1,2852,352,2879,46),(3056,1,0,6,1,2852,352,2881,46),(3057,1,0,4.5,1,2852,352,2883,46),(3058,1,0,8.5,1,2852,352,2885,46),(3059,1,0,17,1,2852,352,2887,46),(3060,1,0,13.5,1,2852,352,2889,46),(3061,1,0,0,1,2852,352,2891,46),(3062,1,0,6,1,2852,352,2893,46),(3063,1,0,15.5,1,2852,352,2895,46),(3064,1,0,15.5,1,2852,352,2897,46),(3065,1,0,8,1,2852,352,2899,46),(3066,1,0,11,1,2852,352,2901,46),(3067,1,0,14,1,2852,352,2903,46),(3068,1,0,14,1,2852,352,2905,46),(3069,1,0,1,1,2852,352,2907,46),(3070,1,0,0.5,1,2852,352,2909,46),(3071,1,0,12,1,2852,352,2911,46),(3072,1,0,8.5,1,2852,352,2913,46),(3073,1,0,13.5,1,2852,352,2915,46),(3074,1,0,9.5,1,2852,352,2917,46),(3075,1,0,10.5,1,2852,352,2919,46),(3076,1,0,12,1,2852,352,2921,46),(3077,1,0,11,1,2852,352,2923,46),(3078,1,0,11.5,1,2852,352,2560,46),(3079,1,0,7,1,2852,352,2926,46),(3080,1,0,3.5,1,2852,352,2928,46),(3081,1,0,12.5,1,2852,352,2930,46),(3082,1,0,0,1,2852,352,2932,46),(3083,1,0,7.5,1,2852,352,2934,46),(3084,1,0,8.5,1,2852,352,2936,46),(3085,1,0,12,1,2852,352,2938,46),(3086,1,0,14.5,1,2852,352,2940,46),(3087,1,0,15.5,1,2852,352,2942,46),(3088,1,1,11,1,2852,352,2859,46),(3089,1,1,9,1,2852,352,2869,46),(3090,1,1,15,1,2852,352,2871,46),(3091,1,1,1,1,2852,352,2875,46),(3092,1,1,9.25,1,2852,352,2879,46),(3093,1,1,11.5,1,2852,352,2881,46),(3094,1,1,6,1,2852,352,2883,46),(3095,1,1,7,1,2852,352,2885,46),(3096,1,1,15,1,2852,352,2893,46),(3097,1,1,4,1,2852,352,2899,46),(3098,1,1,3,1,2852,352,2909,46),(3099,1,1,11.75,1,2852,352,2917,46),(3100,1,1,9.5,1,2852,352,2926,46),(3101,1,1,1,1,2852,352,2928,46),(3102,1,1,4,1,2852,352,2934,46),(3103,1,1,5,1,2852,352,2936,46),(3104,1,0,0,1,2852,359,2855,42),(3105,1,0,15.5,1,2852,359,2857,42),(3106,1,0,4,1,2852,359,2859,42),(3107,1,0,10,1,2852,359,2861,42),(3108,1,0,8.5,1,2852,359,2863,42),(3109,1,0,6.5,1,2852,359,2865,42),(3110,1,0,8.5,1,2852,359,2867,42),(3111,1,0,6,1,2852,359,2869,42),(3112,1,0,4.5,1,2852,359,2871,42),(3113,1,0,8,1,2852,359,2873,42),(3114,1,0,8.5,1,2852,359,2875,42),(3115,1,0,8,1,2852,359,2877,42),(3116,1,0,10,1,2852,359,2879,42),(3117,1,0,6,1,2852,359,2881,42),(3118,1,0,7,1,2852,359,2883,42),(3119,1,0,6.5,1,2852,359,2885,42),(3120,1,0,9,1,2852,359,2887,42),(3121,1,0,11,1,2852,359,2889,42),(3122,1,0,0,1,2852,359,2891,42),(3123,1,0,4.5,1,2852,359,2893,42),(3124,1,0,14,1,2852,359,2895,42),(3125,1,0,15,1,2852,359,2897,42),(3126,1,0,4.5,1,2852,359,2899,42),(3127,1,0,8,1,2852,359,2901,42),(3128,1,0,14.5,1,2852,359,2903,42),(3129,1,0,13,1,2852,359,2905,42),(3130,1,0,7.5,1,2852,359,2907,42),(3131,1,0,8,1,2852,359,2909,42),(3132,1,0,7,1,2852,359,2911,42),(3133,1,0,8,1,2852,359,2913,42),(3134,1,0,3.5,1,2852,359,2915,42),(3135,1,0,10,1,2852,359,2917,42),(3136,1,0,11.5,1,2852,359,2919,42),(3137,1,0,14,1,2852,359,2921,42),(3138,1,0,5,1,2852,359,2923,42),(3139,1,0,2,1,2852,359,2560,42),(3140,1,0,6.5,1,2852,359,2926,42),(3141,1,0,7,1,2852,359,2928,42),(3142,1,0,17,1,2852,359,2930,42),(3143,1,0,1,1,2852,359,2932,42),(3144,1,0,7,1,2852,359,2934,42),(3145,1,0,11,1,2852,359,2936,42),(3146,1,0,6,1,2852,359,2938,42),(3147,1,0,8.5,1,2852,359,2940,42),(3148,1,0,7.5,1,2852,359,2942,42),(3149,1,0,0,1,2852,359,2855,43),(3150,1,0,14,1,2852,359,2857,43),(3151,1,0,14,1,2852,359,2859,43),(3152,1,0,14,1,2852,359,2861,43),(3153,1,0,14,1,2852,359,2863,43),(3154,1,0,12.5,1,2852,359,2865,43),(3155,1,0,10,1,2852,359,2867,43),(3156,1,0,12.5,1,2852,359,2869,43),(3157,1,0,15,1,2852,359,2871,43),(3158,1,0,12.5,1,2852,359,2873,43),(3159,1,0,15,1,2852,359,2875,43),(3160,1,0,10,1,2852,359,2877,43),(3161,1,0,10,1,2852,359,2879,43),(3162,1,0,12.5,1,2852,359,2881,43),(3163,1,0,15,1,2852,359,2883,43),(3164,1,0,12.5,1,2852,359,2885,43),(3165,1,0,15,1,2852,359,2887,43),(3166,1,0,14,1,2852,359,2889,43),(3167,1,0,0,1,2852,359,2891,43),(3168,1,0,12.5,1,2852,359,2893,43),(3169,1,0,10,1,2852,359,2895,43),(3170,1,0,14,1,2852,359,2897,43),(3171,1,0,14,1,2852,359,2899,43),(3172,1,0,14,1,2852,359,2901,43),(3173,1,0,12.5,1,2852,359,2903,43),(3174,1,0,14,1,2852,359,2905,43),(3175,1,0,14,1,2852,359,2907,43),(3176,1,0,14,1,2852,359,2909,43),(3177,1,0,12.5,1,2852,359,2911,43),(3178,1,0,12.5,1,2852,359,2913,43),(3179,1,0,14,1,2852,359,2915,43),(3180,1,0,12.5,1,2852,359,2917,43),(3181,1,0,12.5,1,2852,359,2919,43),(3182,1,0,14,1,2852,359,2921,43),(3183,1,0,16,1,2852,359,2923,43),(3184,1,0,14,1,2852,359,2560,43),(3185,1,0,16,1,2852,359,2926,43),(3186,1,0,16,1,2852,359,2928,43),(3187,1,0,16,1,2852,359,2930,43),(3188,1,0,0,1,2852,359,2932,43),(3189,1,0,10.5,1,2852,359,2934,43),(3190,1,0,14,1,2852,359,2936,43),(3191,1,0,12.5,1,2852,359,2938,43),(3192,1,0,10.5,1,2852,359,2940,43),(3193,1,0,10.5,1,2852,359,2942,43),(3194,1,0,0,1,2852,359,2855,46),(3195,1,0,15.5,1,2852,359,2857,46),(3196,1,0,9.5,1,2852,359,2859,46),(3197,1,0,10,1,2852,359,2861,46),(3198,1,0,10,1,2852,359,2863,46),(3199,1,0,7.5,1,2852,359,2865,46),(3200,1,0,10,1,2852,359,2867,46),(3201,1,0,5.5,1,2852,359,2869,46),(3202,1,0,1.5,1,2852,359,2871,46),(3203,1,0,13.5,1,2852,359,2873,46),(3204,1,0,10.25,1,2852,359,2875,46),(3205,1,0,7,1,2852,359,2877,46),(3206,1,0,8,1,2852,359,2879,46),(3207,1,0,3.5,1,2852,359,2881,46),(3208,1,0,0,1,2852,359,2883,46),(3209,1,0,7,1,2852,359,2885,46),(3210,1,0,17,1,2852,359,2887,46),(3211,1,0,16.5,1,2852,359,2889,46),(3212,1,0,0,1,2852,359,2891,46),(3213,1,0,5.5,1,2852,359,2893,46),(3214,1,0,16.5,1,2852,359,2895,46),(3215,1,0,16.5,1,2852,359,2897,46),(3216,1,0,8,1,2852,359,2899,46),(3217,1,0,15,1,2852,359,2901,46),(3218,1,0,8,1,2852,359,2903,46),(3219,1,0,13,1,2852,359,2905,46),(3220,1,0,10.5,1,2852,359,2907,46),(3221,1,0,5,1,2852,359,2909,46),(3222,1,0,8,1,2852,359,2911,46),(3223,1,0,11.5,1,2852,359,2913,46),(3224,1,0,2,1,2852,359,2915,46),(3225,1,0,10.5,1,2852,359,2917,46),(3226,1,0,7.5,1,2852,359,2919,46),(3227,1,0,6,1,2852,359,2921,46),(3228,1,0,11.5,1,2852,359,2923,46),(3229,1,0,4.5,1,2852,359,2560,46),(3230,1,0,2,1,2852,359,2926,46),(3231,1,0,6,1,2852,359,2928,46),(3232,1,0,17,1,2852,359,2930,46),(3233,1,0,3,1,2852,359,2932,46),(3234,1,0,5.5,1,2852,359,2934,46),(3235,1,0,10,1,2852,359,2936,46),(3236,1,0,6.5,1,2852,359,2938,46),(3237,1,0,12,1,2852,359,2940,46),(3238,1,0,7,1,2852,359,2942,46),(3239,1,1,11,1,2852,359,2859,46),(3240,1,1,5.5,1,2852,359,2865,46),(3241,1,1,6.5,1,2852,359,2871,46),(3242,1,1,17.5,1,2852,359,2879,46),(3243,1,1,13.5,1,2852,359,2881,46),(3244,1,1,8.5,1,2852,359,2885,46),(3245,1,1,14,1,2852,359,2893,46),(3246,1,1,14.5,1,2852,359,2899,46),(3247,1,1,18.5,1,2852,359,2903,46),(3248,1,1,11.75,1,2852,359,2907,46),(3249,1,1,10,1,2852,359,2909,46),(3250,1,1,6,1,2852,359,2911,46),(3251,1,1,10,1,2852,359,2915,46),(3252,1,1,6,1,2852,359,2560,46),(3253,1,1,8.5,1,2852,359,2926,46),(3254,1,1,7.5,1,2852,359,2928,46),(3255,1,1,10.5,1,2852,359,2934,46),(3256,1,1,14,1,2852,359,2938,46),(3257,1,1,10.5,1,2852,359,2942,46),(3348,1,0,0,1,2852,351,2855,46),(3349,1,0,14.75,1,2852,351,2857,46),(3350,1,0,9.5,1,2852,351,2859,46),(3351,1,0,13.5,1,2852,351,2861,46),(3352,1,0,14,1,2852,351,2863,46),(3353,1,0,5.5,1,2852,351,2865,46),(3354,1,0,13,1,2852,351,2867,46),(3355,1,0,4.25,1,2852,351,2869,46),(3356,1,0,8,1,2852,351,2871,46),(3357,1,0,12,1,2852,351,2873,46),(3358,1,0,4.5,1,2852,351,2875,46),(3359,1,0,12.25,1,2852,351,2877,46),(3360,1,0,7.25,1,2852,351,2879,46),(3361,1,0,5,1,2852,351,2881,46),(3362,1,0,2.5,1,2852,351,2883,46),(3363,1,0,8.75,1,2852,351,2885,46),(3364,1,0,12.5,1,2852,351,2887,46),(3365,1,0,9,1,2852,351,2889,46),(3366,1,0,0,1,2852,351,2891,46),(3367,1,0,8.75,1,2852,351,2893,46),(3368,1,0,9.25,1,2852,351,2895,46),(3369,1,0,11.5,1,2852,351,2897,46),(3370,1,0,5.25,1,2852,351,2899,46),(3371,1,0,10,1,2852,351,2901,46),(3372,1,0,13,1,2852,351,2903,46),(3373,1,0,15.25,1,2852,351,2905,46),(3374,1,0,1,1,2852,351,2907,46),(3375,1,0,3,1,2852,351,2909,46),(3376,1,0,6.5,1,2852,351,2911,46),(3377,1,0,12,1,2852,351,2913,46),(3378,1,0,12.5,1,2852,351,2915,46),(3379,1,0,8.25,1,2852,351,2917,46),(3380,1,0,9,1,2852,351,2919,46),(3381,1,0,13.5,1,2852,351,2921,46),(3382,1,0,11.5,1,2852,351,2923,46),(3383,1,0,1.75,1,2852,351,2560,46),(3384,1,0,4.5,1,2852,351,2926,46),(3385,1,0,2.25,1,2852,351,2928,46),(3386,1,0,10.5,1,2852,351,2930,46),(3387,1,0,1,1,2852,351,2932,46),(3388,1,0,4,1,2852,351,2934,46),(3389,1,0,9.5,1,2852,351,2936,46),(3390,1,0,10,1,2852,351,2938,46),(3391,1,0,11,1,2852,351,2940,46),(3392,1,0,11.25,1,2852,351,2942,46),(3393,1,1,10,1,2852,351,2859,46),(3394,1,1,11,1,2852,351,2865,46),(3395,1,1,10,1,2852,351,2871,46),(3396,1,1,2,1,2852,351,2875,46),(3397,1,1,9,1,2852,351,2881,46),(3398,1,1,6.25,1,2852,351,2883,46),(3399,1,1,6,1,2852,351,2885,46),(3400,1,1,9.25,1,2852,351,2893,46),(3401,1,1,4.5,1,2852,351,2909,46),(3402,1,1,9,1,2852,351,2911,46),(3403,1,1,8,1,2852,351,2560,46),(3404,1,1,8.5,1,2852,351,2926,46),(3405,1,1,6,1,2852,351,2928,46),(3406,1,1,6.5,1,2852,351,2936,46),(3407,1,0,0,1,2852,351,2855,42),(3408,1,0,14.5,1,2852,351,2857,42),(3409,1,0,7.5,1,2852,351,2859,42),(3410,1,0,12.5,1,2852,351,2861,42),(3411,1,0,10,1,2852,351,2863,42),(3412,1,0,5,1,2852,351,2865,42),(3413,1,0,12,1,2852,351,2867,42),(3414,1,0,5.5,1,2852,351,2869,42),(3415,1,0,4,1,2852,351,2871,42),(3416,1,0,13.5,1,2852,351,2873,42),(3417,1,0,3,1,2852,351,2875,42),(3418,1,0,6.5,1,2852,351,2877,42),(3419,1,0,10.5,1,2852,351,2879,42),(3420,1,0,4,1,2852,351,2881,42),(3421,1,0,4.5,1,2852,351,2883,42),(3422,1,0,5.5,1,2852,351,2885,42),(3423,1,0,7.5,1,2852,351,2887,42),(3424,1,0,7,1,2852,351,2889,42),(3425,1,0,0,1,2852,351,2891,42),(3426,1,0,4.5,1,2852,351,2893,42),(3427,1,0,11,1,2852,351,2895,42),(3428,1,0,15,1,2852,351,2897,42),(3429,1,0,6,1,2852,351,2899,42),(3430,1,0,7,1,2852,351,2901,42),(3431,1,0,10,1,2852,351,2903,42),(3432,1,0,16,1,2852,351,2905,42),(3433,1,0,4,1,2852,351,2907,42),(3434,1,0,7.5,1,2852,351,2909,42),(3435,1,0,5.25,1,2852,351,2911,42),(3436,1,0,7,1,2852,351,2913,42),(3437,1,0,11.5,1,2852,351,2915,42),(3438,1,0,9.25,1,2852,351,2917,42),(3439,1,0,7,1,2852,351,2919,42),(3440,1,0,16,1,2852,351,2921,42),(3441,1,0,12,1,2852,351,2923,42),(3442,1,0,4.25,1,2852,351,2560,42),(3443,1,0,7.75,1,2852,351,2926,42),(3444,1,0,3,1,2852,351,2928,42),(3445,1,0,9,1,2852,351,2930,42),(3446,1,0,0,1,2852,351,2932,42),(3447,1,0,7.5,1,2852,351,2934,42),(3448,1,0,6,1,2852,351,2936,42),(3449,1,0,13,1,2852,351,2938,42),(3450,1,0,11,1,2852,351,2940,42),(3451,1,0,12.25,1,2852,351,2942,42),(3452,1,0,0,1,2852,351,2855,43),(3453,1,0,13.5,1,2852,351,2857,43),(3454,1,0,13.5,1,2852,351,2859,43),(3455,1,0,13.5,1,2852,351,2861,43),(3456,1,0,13.5,1,2852,351,2863,43),(3457,1,0,13.5,1,2852,351,2865,43),(3458,1,0,15.5,1,2852,351,2867,43),(3459,1,0,13.5,1,2852,351,2869,43),(3460,1,0,15.5,1,2852,351,2871,43),(3461,1,0,13.5,1,2852,351,2873,43),(3462,1,0,14,1,2852,351,2875,43),(3463,1,0,13.5,1,2852,351,2877,43),(3464,1,0,15.5,1,2852,351,2879,43),(3465,1,0,16.5,1,2852,351,2881,43),(3466,1,0,15.5,1,2852,351,2883,43),(3467,1,0,15.5,1,2852,351,2885,43),(3468,1,0,15.5,1,2852,351,2887,43),(3469,1,0,15.5,1,2852,351,2889,43),(3470,1,0,0,1,2852,351,2891,43),(3471,1,0,16.5,1,2852,351,2893,43),(3472,1,0,16.5,1,2852,351,2895,43),(3473,1,0,16.5,1,2852,351,2897,43),(3474,1,0,16.5,1,2852,351,2899,43),(3475,1,0,16,1,2852,351,2901,43),(3476,1,0,15,1,2852,351,2903,43),(3477,1,0,16,1,2852,351,2905,43),(3478,1,0,16.5,1,2852,351,2907,43),(3479,1,0,16.5,1,2852,351,2909,43),(3480,1,0,15,1,2852,351,2911,43),(3481,1,0,15,1,2852,351,2913,43),(3482,1,0,15,1,2852,351,2915,43),(3483,1,0,15,1,2852,351,2917,43),(3484,1,0,15,1,2852,351,2919,43),(3485,1,0,15,1,2852,351,2921,43),(3486,1,0,16,1,2852,351,2923,43),(3487,1,0,16,1,2852,351,2560,43),(3488,1,0,16,1,2852,351,2926,43),(3489,1,0,16,1,2852,351,2928,43),(3490,1,0,16,1,2852,351,2930,43),(3491,1,0,0,1,2852,351,2932,43),(3492,1,0,15.5,1,2852,351,2934,43),(3493,1,0,16,1,2852,351,2936,43),(3494,1,0,15,1,2852,351,2938,43),(3495,1,0,14,1,2852,351,2940,43),(3496,1,0,14,1,2852,351,2942,43),(3497,1,0,0,1,2852,363,2855,42),(3498,1,0,8,1,2852,363,2857,42),(3499,1,0,4,1,2852,363,2859,42),(3500,1,0,8,1,2852,363,2861,42),(3501,1,0,13.5,1,2852,363,2863,42),(3502,1,0,4.5,1,2852,363,2865,42),(3503,1,0,9.5,1,2852,363,2867,42),(3504,1,0,6.5,1,2852,363,2869,42),(3505,1,0,6,1,2852,363,2871,42),(3506,1,0,13,1,2852,363,2873,42),(3507,1,0,11.5,1,2852,363,2875,42),(3508,1,0,8,1,2852,363,2877,42),(3509,1,0,13,1,2852,363,2879,42),(3510,1,0,6,1,2852,363,2881,42),(3511,1,0,1,1,2852,363,2883,42),(3512,1,0,15,1,2852,363,2885,42),(3513,1,0,12.5,1,2852,363,2887,42),(3514,1,0,11.5,1,2852,363,2889,42),(3515,1,0,0,1,2852,363,2891,42),(3516,1,0,10,1,2852,363,2893,42),(3517,1,0,13,1,2852,363,2895,42),(3518,1,0,6,1,2852,363,2897,42),(3519,1,0,13,1,2852,363,2899,42),(3520,1,0,10.5,1,2852,363,2901,42),(3521,1,0,6.5,1,2852,363,2903,42),(3522,1,0,15,1,2852,363,2905,42),(3523,1,0,14.5,1,2852,363,2907,42),(3524,1,0,13,1,2852,363,2909,42),(3525,1,0,9.5,1,2852,363,2911,42),(3526,1,0,6,1,2852,363,2913,42),(3527,1,0,7,1,2852,363,2915,42),(3528,1,0,6,1,2852,363,2917,42),(3529,1,0,9.5,1,2852,363,2919,42),(3530,1,0,8.5,1,2852,363,2921,42),(3531,1,0,7.5,1,2852,363,2923,42),(3532,1,0,7,1,2852,363,2560,42),(3533,1,0,7.5,1,2852,363,2926,42),(3534,1,0,9.5,1,2852,363,2928,42),(3535,1,0,9,1,2852,363,2930,42),(3536,1,0,7,1,2852,363,2932,42),(3537,1,0,16.5,1,2852,363,2934,42),(3538,1,0,11,1,2852,363,2936,42),(3539,1,0,6,1,2852,363,2938,42),(3540,1,0,5,1,2852,363,2940,42),(3541,1,0,5.5,1,2852,363,2942,42),(3542,1,0,0,1,2852,363,2855,43),(3543,1,0,17,1,2852,363,2857,43),(3544,1,0,14,1,2852,363,2859,43),(3545,1,0,16,1,2852,363,2861,43),(3546,1,0,12,1,2852,363,2863,43),(3547,1,0,16,1,2852,363,2865,43),(3548,1,0,14,1,2852,363,2867,43),(3549,1,0,12,1,2852,363,2869,43),(3550,1,0,12,1,2852,363,2871,43),(3551,1,0,14,1,2852,363,2873,43),(3552,1,0,13,1,2852,363,2875,43),(3553,1,0,17,1,2852,363,2877,43),(3554,1,0,16,1,2852,363,2879,43),(3555,1,0,12,1,2852,363,2881,43),(3556,1,0,16,1,2852,363,2883,43),(3557,1,0,17,1,2852,363,2885,43),(3558,1,0,13,1,2852,363,2887,43),(3559,1,0,16,1,2852,363,2889,43),(3560,1,0,0,1,2852,363,2891,43),(3561,1,0,14,1,2852,363,2893,43),(3562,1,0,16,1,2852,363,2895,43),(3563,1,0,16,1,2852,363,2897,43),(3564,1,0,15,1,2852,363,2899,43),(3565,1,0,17,1,2852,363,2901,43),(3566,1,0,16,1,2852,363,2903,43),(3567,1,0,17,1,2852,363,2905,43),(3568,1,0,15,1,2852,363,2907,43),(3569,1,0,16,1,2852,363,2909,43),(3570,1,0,16,1,2852,363,2911,43),(3571,1,0,16,1,2852,363,2913,43),(3572,1,0,13,1,2852,363,2915,43),(3573,1,0,15,1,2852,363,2917,43),(3574,1,0,15,1,2852,363,2919,43),(3575,1,0,16,1,2852,363,2921,43),(3576,1,0,17,1,2852,363,2923,43),(3577,1,0,14,1,2852,363,2560,43),(3578,1,0,14,1,2852,363,2926,43),(3579,1,0,14,1,2852,363,2928,43),(3580,1,0,10,1,2852,363,2930,43),(3581,1,0,0,1,2852,363,2932,43),(3582,1,0,17,1,2852,363,2934,43),(3583,1,0,13,1,2852,363,2936,43),(3584,1,0,17,1,2852,363,2938,43),(3585,1,0,14,1,2852,363,2940,43),(3586,1,0,14,1,2852,363,2942,43),(3587,1,0,0,1,2852,363,2855,46),(3588,1,0,10.5,1,2852,363,2857,46),(3589,1,0,0.5,1,2852,363,2859,46),(3590,1,0,7.5,1,2852,363,2861,46),(3591,1,0,6,1,2852,363,2863,46),(3592,1,0,0,1,2852,363,2865,46),(3593,1,0,7.5,1,2852,363,2867,46),(3594,1,0,3,1,2852,363,2869,46),(3595,1,0,3,1,2852,363,2871,46),(3596,1,0,10.5,1,2852,363,2873,46),(3597,1,0,5.5,1,2852,363,2875,46),(3598,1,0,6.5,1,2852,363,2877,46),(3599,1,0,9,1,2852,363,2879,46),(3600,1,0,5,1,2852,363,2881,46),(3601,1,0,0,1,2852,363,2883,46),(3602,1,0,14,1,2852,363,2885,46),(3603,1,0,7.5,1,2852,363,2887,46),(3604,1,0,12,1,2852,363,2889,46),(3605,1,0,0,1,2852,363,2891,46),(3606,1,0,6,1,2852,363,2893,46),(3607,1,0,11,1,2852,363,2895,46),(3608,1,0,6.25,1,2852,363,2897,46),(3609,1,0,0,1,2852,363,2899,46),(3610,1,0,4,1,2852,363,2901,46),(3611,1,0,8,1,2852,363,2903,46),(3612,1,0,10.5,1,2852,363,2905,46),(3613,1,0,10.5,1,2852,363,2907,46),(3614,1,0,7.5,1,2852,363,2909,46),(3615,1,0,8,1,2852,363,2911,46),(3616,1,0,5.5,1,2852,363,2913,46),(3617,1,0,2.5,1,2852,363,2915,46),(3618,1,0,9,1,2852,363,2917,46),(3619,1,0,10,1,2852,363,2919,46),(3620,1,0,8.5,1,2852,363,2921,46),(3621,1,0,4,1,2852,363,2923,46),(3622,1,0,2.5,1,2852,363,2560,46),(3623,1,0,6.5,1,2852,363,2926,46),(3624,1,0,8.5,1,2852,363,2928,46),(3625,1,0,5.5,1,2852,363,2930,46),(3626,1,0,0,1,2852,363,2932,46),(3627,1,0,14,1,2852,363,2934,46),(3628,1,0,9.5,1,2852,363,2936,46),(3629,1,0,1.5,1,2852,363,2938,46),(3630,1,0,3.5,1,2852,363,2940,46),(3631,1,0,4.5,1,2852,363,2942,46),(3632,1,1,4,1,2852,363,2859,46),(3633,1,1,9,1,2852,363,2861,46),(3634,1,1,4,1,2852,363,2863,46),(3635,1,1,11,1,2852,363,2867,46),(3636,1,1,3,1,2852,363,2869,46),(3637,1,1,4,1,2852,363,2871,46),(3638,1,1,11,1,2852,363,2875,46),(3639,1,1,8.5,1,2852,363,2877,46),(3640,1,1,9.5,1,2852,363,2881,46),(3641,1,1,8.5,1,2852,363,2893,46),(3642,1,1,7,1,2852,363,2897,46),(3643,1,1,11,1,2852,363,2899,46),(3644,1,1,10,1,2852,363,2901,46),(3645,1,1,12.5,1,2852,363,2903,46),(3646,1,1,6,1,2852,363,2913,46),(3647,1,1,2,1,2852,363,2915,46),(3648,1,1,3,1,2852,363,2917,46),(3649,1,1,8.75,1,2852,363,2923,46),(3650,1,1,7,1,2852,363,2560,46),(3651,1,1,7,1,2852,363,2926,46),(3652,1,1,12,1,2852,363,2928,46),(3653,1,1,8,1,2852,363,2930,46),(3654,1,1,8,1,2852,363,2940,46),(3655,1,1,3,1,2852,363,2942,46),(3656,1,0,0,1,2852,356,2855,42),(3657,1,0,10,1,2852,356,2857,42),(3658,1,0,9,1,2852,356,2859,42),(3659,1,0,10,1,2852,356,2861,42),(3660,1,0,12,1,2852,356,2863,42),(3661,1,0,9,1,2852,356,2865,42),(3662,1,0,12,1,2852,356,2867,42),(3663,1,0,10,1,2852,356,2869,42),(3664,1,0,11,1,2852,356,2871,42),(3665,1,0,11,1,2852,356,2873,42),(3666,1,0,11,1,2852,356,2875,42),(3667,1,0,10,1,2852,356,2877,42),(3668,1,0,10,1,2852,356,2879,42),(3669,1,0,8,1,2852,356,2881,42),(3670,1,0,6,1,2852,356,2883,42),(3671,1,0,6,1,2852,356,2885,42),(3672,1,0,11,1,2852,356,2887,42),(3673,1,0,12,1,2852,356,2889,42),(3674,1,0,0,1,2852,356,2891,42),(3675,1,0,9,1,2852,356,2893,42),(3676,1,0,10,1,2852,356,2895,42),(3677,1,0,11,1,2852,356,2897,42),(3678,1,0,8,1,2852,356,2899,42),(3679,1,0,9,1,2852,356,2901,42),(3680,1,0,11,1,2852,356,2903,42),(3681,1,0,9,1,2852,356,2905,42),(3682,1,0,9,1,2852,356,2907,42),(3683,1,0,9,1,2852,356,2909,42),(3684,1,0,9,1,2852,356,2911,42),(3685,1,0,12,1,2852,356,2913,42),(3686,1,0,12,1,2852,356,2915,42),(3687,1,0,11,1,2852,356,2917,42),(3688,1,0,9,1,2852,356,2919,42),(3689,1,0,10,1,2852,356,2921,42),(3690,1,0,12,1,2852,356,2923,42),(3691,1,0,10,1,2852,356,2560,42),(3692,1,0,7,1,2852,356,2926,42),(3693,1,0,9,1,2852,356,2928,42),(3694,1,0,10,1,2852,356,2930,42),(3695,1,0,0,1,2852,356,2932,42),(3696,1,0,6,1,2852,356,2934,42),(3697,1,0,8,1,2852,356,2936,42),(3698,1,0,11,1,2852,356,2938,42),(3699,1,0,11,1,2852,356,2940,42),(3700,1,0,13,1,2852,356,2942,42),(3701,1,0,0,1,2852,356,2855,43),(3702,1,0,13.5,1,2852,356,2857,43),(3703,1,0,14.5,1,2852,356,2859,43),(3704,1,0,12,1,2852,356,2861,43),(3705,1,0,14.5,1,2852,356,2863,43),(3706,1,0,13.5,1,2852,356,2865,43),(3707,1,0,14.5,1,2852,356,2867,43),(3708,1,0,12.5,1,2852,356,2869,43),(3709,1,0,14,1,2852,356,2871,43),(3710,1,0,13.5,1,2852,356,2873,43),(3711,1,0,12,1,2852,356,2875,43),(3712,1,0,14,1,2852,356,2877,43),(3713,1,0,13.5,1,2852,356,2879,43),(3714,1,0,14,1,2852,356,2881,43),(3715,1,0,13,1,2852,356,2883,43),(3716,1,0,14.5,1,2852,356,2885,43),(3717,1,0,12,1,2852,356,2887,43),(3718,1,0,13,1,2852,356,2889,43),(3719,1,0,0,1,2852,356,2891,43),(3720,1,0,13,1,2852,356,2893,43),(3721,1,0,13.5,1,2852,356,2895,43),(3722,1,0,14,1,2852,356,2897,43),(3723,1,0,14.5,1,2852,356,2899,43),(3724,1,0,14.5,1,2852,356,2901,43),(3725,1,0,12,1,2852,356,2903,43),(3726,1,0,14.5,1,2852,356,2905,43),(3727,1,0,12.5,1,2852,356,2907,43),(3728,1,0,13,1,2852,356,2909,43),(3729,1,0,13,1,2852,356,2911,43),(3730,1,0,13.5,1,2852,356,2913,43),(3731,1,0,13,1,2852,356,2915,43),(3732,1,0,12.5,1,2852,356,2917,43),(3733,1,0,12.5,1,2852,356,2919,43),(3734,1,0,14,1,2852,356,2921,43),(3735,1,0,12.5,1,2852,356,2923,43),(3736,1,0,12,1,2852,356,2560,43),(3737,1,0,12.5,1,2852,356,2926,43),(3738,1,0,12,1,2852,356,2928,43),(3739,1,0,12.5,1,2852,356,2930,43),(3740,1,0,0,1,2852,356,2932,43),(3741,1,0,14,1,2852,356,2934,43),(3742,1,0,14,1,2852,356,2936,43),(3743,1,0,13,1,2852,356,2938,43),(3744,1,0,12,1,2852,356,2940,43),(3745,1,0,13.5,1,2852,356,2942,43),(3746,1,0,0,1,2852,356,2855,46),(3747,1,0,12,1,2852,356,2857,46),(3748,1,0,11,1,2852,356,2859,46),(3749,1,0,10,1,2852,356,2861,46),(3750,1,0,11,1,2852,356,2863,46),(3751,1,0,9,1,2852,356,2865,46),(3752,1,0,13,1,2852,356,2867,46),(3753,1,0,8,1,2852,356,2869,46),(3754,1,0,8,1,2852,356,2871,46),(3755,1,0,12,1,2852,356,2873,46),(3756,1,0,6,1,2852,356,2875,46),(3757,1,0,11,1,2852,356,2877,46),(3758,1,0,10,1,2852,356,2879,46),(3759,1,0,8,1,2852,356,2881,46),(3760,1,0,9,1,2852,356,2883,46),(3761,1,0,7,1,2852,356,2885,46),(3762,1,0,10,1,2852,356,2887,46),(3763,1,0,9,1,2852,356,2889,46),(3764,1,0,0,1,2852,356,2891,46),(3765,1,0,9,1,2852,356,2893,46),(3766,1,0,11,1,2852,356,2895,46),(3767,1,0,11,1,2852,356,2897,46),(3768,1,0,8,1,2852,356,2899,46),(3769,1,0,14,1,2852,356,2901,46),(3770,1,0,8,1,2852,356,2903,46),(3771,1,0,13,1,2852,356,2905,46),(3772,1,0,4,1,2852,356,2907,46),(3773,1,0,7,1,2852,356,2909,46),(3774,1,0,8,1,2852,356,2911,46),(3775,1,0,13,1,2852,356,2913,46),(3776,1,0,11,1,2852,356,2915,46),(3777,1,0,10,1,2852,356,2917,46),(3778,1,0,11,1,2852,356,2919,46),(3779,1,0,12,1,2852,356,2921,46),(3780,1,0,12,1,2852,356,2923,46),(3781,1,0,7,1,2852,356,2560,46),(3782,1,0,7,1,2852,356,2926,46),(3783,1,0,6,1,2852,356,2928,46),(3784,1,0,9,1,2852,356,2930,46),(3785,1,0,1,1,2852,356,2932,46),(3786,1,0,7,1,2852,356,2934,46),(3787,1,0,9,1,2852,356,2936,46),(3788,1,0,11,1,2852,356,2938,46),(3789,1,0,13,1,2852,356,2940,46),(3790,1,0,13,1,2852,356,2942,46),(3791,1,1,9.25,1,2852,356,2865,46),(3792,1,1,9,1,2852,356,2869,46),(3793,1,1,10,1,2852,356,2875,46),(3794,1,1,10,1,2852,356,2881,46),(3795,1,1,11.25,1,2852,356,2883,46),(3796,1,1,11,1,2852,356,2885,46),(3797,1,1,10,1,2852,356,2893,46),(3798,1,1,9.5,1,2852,356,2899,46),(3799,1,1,13,1,2852,356,2903,46),(3800,1,1,9.75,1,2852,356,2907,46),(3801,1,1,5,1,2852,356,2909,46),(3802,1,1,9.5,1,2852,356,2911,46),(3803,1,1,9.25,1,2852,356,2560,46),(3804,1,1,11,1,2852,356,2926,46),(3805,1,1,11,1,2852,356,2928,46),(3806,1,1,11,1,2852,356,2934,46),(3807,1,1,9.75,1,2852,356,2936,46),(3808,1,0,0,1,2852,353,2855,42),(3809,1,0,10.5,1,2852,353,2857,42),(3810,1,0,16.5,1,2852,353,2859,42),(3811,1,0,12.5,1,2852,353,2861,42),(3812,1,0,17,1,2852,353,2863,42),(3813,1,0,10,1,2852,353,2865,42),(3814,1,0,11.5,1,2852,353,2867,42),(3815,1,0,9,1,2852,353,2869,42),(3816,1,0,9.5,1,2852,353,2871,42),(3817,1,0,12.5,1,2852,353,2873,42),(3818,1,0,12,1,2852,353,2875,42),(3819,1,0,11,1,2852,353,2877,42),(3820,1,0,11.5,1,2852,353,2879,42),(3821,1,0,9,1,2852,353,2881,42),(3822,1,0,12.5,1,2852,353,2883,42),(3823,1,0,7,1,2852,353,2885,42),(3824,1,0,15,1,2852,353,2887,42),(3825,1,0,9,1,2852,353,2889,42),(3826,1,0,0,1,2852,353,2891,42),(3827,1,0,14,1,2852,353,2893,42),(3828,1,0,16.5,1,2852,353,2895,42),(3829,1,0,13.5,1,2852,353,2897,42),(3830,1,0,12,1,2852,353,2899,42),(3831,1,0,11.5,1,2852,353,2901,42),(3832,1,0,10.5,1,2852,353,2903,42),(3833,1,0,12,1,2852,353,2905,42),(3834,1,0,6.5,1,2852,353,2907,42),(3835,1,0,6.5,1,2852,353,2909,42),(3836,1,0,8.5,1,2852,353,2911,42),(3837,1,0,14,1,2852,353,2913,42),(3838,1,0,9,1,2852,353,2915,42),(3839,1,0,5,1,2852,353,2917,42),(3840,1,0,10,1,2852,353,2919,42),(3841,1,0,15,1,2852,353,2921,42),(3842,1,0,9,1,2852,353,2923,42),(3843,1,0,6,1,2852,353,2560,42),(3844,1,0,11.5,1,2852,353,2926,42),(3845,1,0,9,1,2852,353,2928,42),(3846,1,0,16,1,2852,353,2930,42),(3847,1,0,0,1,2852,353,2932,42),(3848,1,0,9,1,2852,353,2934,42),(3849,1,0,8.5,1,2852,353,2936,42),(3850,1,0,10.5,1,2852,353,2938,42),(3851,1,0,13.5,1,2852,353,2940,42),(3852,1,0,13,1,2852,353,2942,42),(3853,1,0,0,1,2852,353,2855,43),(3854,1,0,16,1,2852,353,2857,43),(3855,1,0,16,1,2852,353,2859,43),(3856,1,0,16,1,2852,353,2861,43),(3857,1,0,16,1,2852,353,2863,43),(3858,1,0,16,1,2852,353,2865,43),(3859,1,0,19,1,2852,353,2867,43),(3860,1,0,19,1,2852,353,2869,43),(3861,1,0,19,1,2852,353,2871,43),(3862,1,0,19,1,2852,353,2873,43),(3863,1,0,19,1,2852,353,2875,43),(3864,1,0,17,1,2852,353,2877,43),(3865,1,0,17,1,2852,353,2879,43),(3866,1,0,17,1,2852,353,2881,43),(3867,1,0,17,1,2852,353,2883,43),(3868,1,0,17,1,2852,353,2885,43),(3869,1,0,14,1,2852,353,2887,43),(3870,1,0,14,1,2852,353,2889,43),(3871,1,0,0,1,2852,353,2891,43),(3872,1,0,14,1,2852,353,2893,43),(3873,1,0,14,1,2852,353,2895,43),(3874,1,0,14,1,2852,353,2897,43),(3875,1,0,15,1,2852,353,2899,43),(3876,1,0,15,1,2852,353,2901,43),(3877,1,0,15,1,2852,353,2903,43),(3878,1,0,15,1,2852,353,2905,43),(3879,1,0,15,1,2852,353,2907,43),(3880,1,0,16,1,2852,353,2909,43),(3881,1,0,16,1,2852,353,2911,43),(3882,1,0,16,1,2852,353,2913,43),(3883,1,0,15,1,2852,353,2915,43),(3884,1,0,16,1,2852,353,2917,43),(3885,1,0,16,1,2852,353,2919,43),(3886,1,0,16,1,2852,353,2921,43),(3887,1,0,14.5,1,2852,353,2923,43),(3888,1,0,14.5,1,2852,353,2560,43),(3889,1,0,14.5,1,2852,353,2926,43),(3890,1,0,14.5,1,2852,353,2928,43),(3891,1,0,14.5,1,2852,353,2930,43),(3892,1,0,14.5,1,2852,353,2932,43),(3893,1,0,15,1,2852,353,2934,43),(3894,1,0,15,1,2852,353,2936,43),(3895,1,0,15,1,2852,353,2938,43),(3896,1,0,15,1,2852,353,2940,43),(3897,1,0,15,1,2852,353,2942,43),(3898,1,0,0,1,2852,353,2855,46),(3899,1,0,18,1,2852,353,2857,46),(3900,1,0,16,1,2852,353,2859,46),(3901,1,0,14.5,1,2852,353,2861,46),(3902,1,0,17,1,2852,353,2863,46),(3903,1,0,13.5,1,2852,353,2865,46),(3904,1,0,13.5,1,2852,353,2867,46),(3905,1,0,11,1,2852,353,2869,46),(3906,1,0,11.5,1,2852,353,2871,46),(3907,1,0,19,1,2852,353,2873,46),(3908,1,0,16,1,2852,353,2875,46),(3909,1,0,13,1,2852,353,2877,46),(3910,1,0,10,1,2852,353,2879,46),(3911,1,0,10,1,2852,353,2881,46),(3912,1,0,11,1,2852,353,2883,46),(3913,1,0,10,1,2852,353,2885,46),(3914,1,0,15.5,1,2852,353,2887,46),(3915,1,0,10,1,2852,353,2889,46),(3916,1,0,0,1,2852,353,2891,46),(3917,1,0,10,1,2852,353,2893,46),(3918,1,0,14,1,2852,353,2895,46),(3919,1,0,12,1,2852,353,2897,46),(3920,1,0,10,1,2852,353,2899,46),(3921,1,0,10.5,1,2852,353,2901,46),(3922,1,0,16,1,2852,353,2903,46),(3923,1,0,16,1,2852,353,2905,46),(3924,1,0,12,1,2852,353,2907,46),(3925,1,0,10,1,2852,353,2909,46),(3926,1,0,10,1,2852,353,2911,46),(3927,1,0,15.5,1,2852,353,2913,46),(3928,1,0,10.5,1,2852,353,2915,46),(3929,1,0,18,1,2852,353,2917,46),(3930,1,0,18,1,2852,353,2919,46),(3931,1,0,15.5,1,2852,353,2921,46),(3932,1,0,10,1,2852,353,2923,46),(3933,1,0,13,1,2852,353,2560,46),(3934,1,0,12.5,1,2852,353,2926,46),(3935,1,0,12.5,1,2852,353,2928,46),(3936,1,0,17,1,2852,353,2930,46),(3937,1,0,0,1,2852,353,2932,46),(3938,1,0,11,1,2852,353,2934,46),(3939,1,0,11.5,1,2852,353,2936,46),(3940,1,0,17.5,1,2852,353,2938,46),(3941,1,0,18,1,2852,353,2940,46),(3942,1,0,15.5,1,2852,353,2942,46),(3943,1,0,0,1,2852,357,2855,42),(3944,1,0,8.6,1,2852,357,2857,42),(3945,1,0,10.4,1,2852,357,2859,42),(3946,1,0,12.2,1,2852,357,2861,42),(3947,1,0,15.8,1,2852,357,2863,42),(3948,1,0,8.6,1,2852,357,2865,42),(3949,1,0,12.8,1,2852,357,2867,42),(3950,1,0,9.2,1,2852,357,2869,42),(3951,1,0,8.8,1,2852,357,2871,42),(3952,1,0,11.6,1,2852,357,2873,42),(3953,1,0,8.6,1,2852,357,2875,42),(3954,1,0,13.4,1,2852,357,2877,42),(3955,1,0,11,1,2852,357,2879,42),(3956,1,0,9.2,1,2852,357,2881,42),(3957,1,0,5.6,1,2852,357,2883,42),(3958,1,0,8.6,1,2852,357,2885,42),(3959,1,0,11.6,1,2852,357,2887,42),(3960,1,0,9.8,1,2852,357,2889,42),(3961,1,0,0,1,2852,357,2891,42),(3962,1,0,8.6,1,2852,357,2893,42),(3963,1,0,11,1,2852,357,2895,42),(3964,1,0,15.8,1,2852,357,2897,42),(3965,1,0,9.2,1,2852,357,2899,42),(3966,1,0,9.8,1,2852,357,2901,42),(3967,1,0,11,1,2852,357,2903,42),(3968,1,0,10.4,1,2852,357,2905,42),(3969,1,0,6.6,1,2852,357,2907,42),(3970,1,0,8.6,1,2852,357,2909,42),(3971,1,0,5.2,1,2852,357,2911,42),(3972,1,0,12.2,1,2852,357,2913,42),(3973,1,0,11.6,1,2852,357,2915,42),(3974,1,0,11,1,2852,357,2917,42),(3975,1,0,9.2,1,2852,357,2919,42),(3976,1,0,17,1,2852,357,2921,42),(3977,1,0,12.8,1,2852,357,2923,42),(3978,1,0,9.8,1,2852,357,2560,42),(3979,1,0,6.4,1,2852,357,2926,42),(3980,1,0,7.6,1,2852,357,2928,42),(3981,1,0,11.6,1,2852,357,2930,42),(3982,1,0,2,1,2852,357,2932,42),(3983,1,0,6.6,1,2852,357,2934,42),(3984,1,0,8.8,1,2852,357,2936,42),(3985,1,0,9,1,2852,357,2938,42),(3986,1,0,12.8,1,2852,357,2940,42),(3987,1,0,12.2,1,2852,357,2942,42),(3988,1,0,0,1,2852,357,2855,43),(3989,1,0,14,1,2852,357,2857,43),(3990,1,0,14,1,2852,357,2859,43),(3991,1,0,14,1,2852,357,2861,43),(3992,1,0,14,1,2852,357,2863,43),(3993,1,0,14,1,2852,357,2865,43),(3994,1,0,14,1,2852,357,2867,43),(3995,1,0,14,1,2852,357,2869,43),(3996,1,0,14,1,2852,357,2871,43),(3997,1,0,14,1,2852,357,2873,43),(3998,1,0,14,1,2852,357,2875,43),(3999,1,0,14,1,2852,357,2877,43),(4000,1,0,17,1,2852,357,2879,43),(4001,1,0,17,1,2852,357,2881,43),(4002,1,0,17,1,2852,357,2883,43),(4003,1,0,17,1,2852,357,2885,43),(4004,1,0,17,1,2852,357,2887,43),(4005,1,0,17,1,2852,357,2889,43),(4006,1,0,0,1,2852,357,2891,43),(4007,1,0,17,1,2852,357,2893,43),(4008,1,0,17,1,2852,357,2895,43),(4009,1,0,17,1,2852,357,2897,43),(4010,1,0,13,1,2852,357,2899,43),(4011,1,0,17,1,2852,357,2901,43),(4012,1,0,15,1,2852,357,2903,43),(4013,1,0,15,1,2852,357,2905,43),(4014,1,0,15,1,2852,357,2907,43),(4015,1,0,15,1,2852,357,2909,43),(4016,1,0,15,1,2852,357,2911,43),(4017,1,0,15,1,2852,357,2913,43),(4018,1,0,15,1,2852,357,2915,43),(4019,1,0,15,1,2852,357,2917,43),(4020,1,0,15,1,2852,357,2919,43),(4021,1,0,15,1,2852,357,2921,43),(4022,1,0,13,1,2852,357,2923,43),(4023,1,0,13,1,2852,357,2560,43),(4024,1,0,13,1,2852,357,2926,43),(4025,1,0,13,1,2852,357,2928,43),(4026,1,0,13,1,2852,357,2930,43),(4027,1,0,17,1,2852,357,2932,43),(4028,1,0,13,1,2852,357,2934,43),(4029,1,0,13,1,2852,357,2936,43),(4030,1,0,13,1,2852,357,2938,43),(4031,1,0,13,1,2852,357,2940,43),(4032,1,0,13,1,2852,357,2942,43),(4033,1,0,0,1,2852,357,2855,46),(4034,1,0,14,1,2852,357,2857,46),(4035,1,0,9,1,2852,357,2859,46),(4036,1,0,13,1,2852,357,2861,46),(4037,1,0,12,1,2852,357,2863,46),(4038,1,0,12,1,2852,357,2865,46),(4039,1,0,13,1,2852,357,2867,46),(4040,1,0,10,1,2852,357,2869,46),(4041,1,0,12,1,2852,357,2871,46),(4042,1,0,12,1,2852,357,2873,46),(4043,1,0,12,1,2852,357,2875,46),(4044,1,0,14,1,2852,357,2877,46),(4045,1,0,12,1,2852,357,2879,46),(4046,1,0,6,1,2852,357,2881,46),(4047,1,0,7,1,2852,357,2883,46),(4048,1,0,11,1,2852,357,2885,46),(4049,1,0,16,1,2852,357,2887,46),(4050,1,0,6,1,2852,357,2889,46),(4051,1,0,0,1,2852,357,2891,46),(4052,1,0,9,1,2852,357,2893,46),(4053,1,0,11,1,2852,357,2895,46),(4054,1,0,18,1,2852,357,2897,46),(4055,1,0,5,1,2852,357,2899,46),(4056,1,0,15,1,2852,357,2901,46),(4057,1,0,17,1,2852,357,2903,46),(4058,1,0,18,1,2852,357,2905,46),(4059,1,0,4,1,2852,357,2907,46),(4060,1,0,5,1,2852,357,2909,46),(4061,1,0,10,1,2852,357,2911,46),(4062,1,0,10,1,2852,357,2913,46),(4063,1,0,10,1,2852,357,2915,46),(4064,1,0,9,1,2852,357,2917,46),(4065,1,0,11,1,2852,357,2919,46),(4066,1,0,17.5,1,2852,357,2921,46),(4067,1,0,15,1,2852,357,2923,46),(4068,1,0,5,1,2852,357,2560,46),(4069,1,0,8,1,2852,357,2926,46),(4070,1,0,9,1,2852,357,2928,46),(4071,1,0,8,1,2852,357,2930,46),(4072,1,0,7,1,2852,357,2932,46),(4073,1,0,8,1,2852,357,2934,46),(4074,1,0,6,1,2852,357,2936,46),(4075,1,0,14,1,2852,357,2938,46),(4076,1,0,15,1,2852,357,2940,46),(4077,1,0,16,1,2852,357,2942,46),(4078,1,1,12,1,2852,357,2881,46),(4079,1,1,11,1,2852,357,2899,46),(4080,1,0,0,1,2852,355,2855,42),(4081,1,0,13,1,2852,355,2857,42),(4082,1,0,15,1,2852,355,2859,42),(4083,1,0,12.5,1,2852,355,2861,42),(4084,1,0,16.5,1,2852,355,2863,42),(4085,1,0,8,1,2852,355,2865,42),(4086,1,0,16,1,2852,355,2867,42),(4087,1,0,11.5,1,2852,355,2869,42),(4088,1,0,19.5,1,2852,355,2871,42),(4089,1,0,11,1,2852,355,2873,42),(4090,1,0,15.5,1,2852,355,2875,42),(4091,1,0,7.5,1,2852,355,2877,42),(4092,1,0,6.5,1,2852,355,2879,42),(4093,1,0,11,1,2852,355,2881,42),(4094,1,0,6,1,2852,355,2883,42),(4095,1,0,6,1,2852,355,2885,42),(4096,1,0,10,1,2852,355,2887,42),(4097,1,0,10.5,1,2852,355,2889,42),(4098,1,0,0,1,2852,355,2891,42),(4099,1,0,10,1,2852,355,2893,42),(4100,1,0,13,1,2852,355,2895,42),(4101,1,0,16.5,1,2852,355,2897,42),(4102,1,0,7,1,2852,355,2899,42),(4103,1,0,13,1,2852,355,2901,42),(4104,1,0,11,1,2852,355,2903,42),(4105,1,0,13,1,2852,355,2905,42),(4106,1,0,7.5,1,2852,355,2907,42),(4107,1,0,3.5,1,2852,355,2909,42),(4108,1,0,4,1,2852,355,2911,42),(4109,1,0,7,1,2852,355,2913,42),(4110,1,0,12.5,1,2852,355,2915,42),(4111,1,0,5.5,1,2852,355,2917,42),(4112,1,0,10,1,2852,355,2919,42),(4113,1,0,10,1,2852,355,2921,42),(4114,1,0,10,1,2852,355,2923,42),(4115,1,0,5,1,2852,355,2560,42),(4116,1,0,6,1,2852,355,2926,42),(4117,1,0,3.5,1,2852,355,2928,42),(4118,1,0,10,1,2852,355,2930,42),(4119,1,0,7,1,2852,355,2932,42),(4120,1,0,6.5,1,2852,355,2934,42),(4121,1,0,7.5,1,2852,355,2936,42),(4122,1,0,8,1,2852,355,2938,42),(4123,1,0,11.5,1,2852,355,2940,42),(4124,1,0,12.5,1,2852,355,2942,42),(4125,1,0,0,1,2852,354,2855,42),(4126,1,0,13,1,2852,354,2857,42),(4127,1,0,15,1,2852,354,2859,42),(4128,1,0,12.5,1,2852,354,2861,42),(4129,1,0,16.5,1,2852,354,2863,42),(4130,1,0,8,1,2852,354,2865,42),(4131,1,0,16,1,2852,354,2867,42),(4132,1,0,11.5,1,2852,354,2869,42),(4133,1,0,19.5,1,2852,354,2871,42),(4134,1,0,11,1,2852,354,2873,42),(4135,1,0,15.5,1,2852,354,2875,42),(4136,1,0,7.5,1,2852,354,2877,42),(4137,1,0,6.5,1,2852,354,2879,42),(4138,1,0,11,1,2852,354,2881,42),(4139,1,0,6,1,2852,354,2883,42),(4140,1,0,6,1,2852,354,2885,42),(4141,1,0,10,1,2852,354,2887,42),(4142,1,0,10.5,1,2852,354,2889,42),(4143,1,0,0,1,2852,354,2891,42),(4144,1,0,10,1,2852,354,2893,42),(4145,1,0,13,1,2852,354,2895,42),(4146,1,0,16.5,1,2852,354,2897,42),(4147,1,0,7,1,2852,354,2899,42),(4148,1,0,13,1,2852,354,2901,42),(4149,1,0,11,1,2852,354,2903,42),(4150,1,0,13,1,2852,354,2905,42),(4151,1,0,7.5,1,2852,354,2907,42),(4152,1,0,3.5,1,2852,354,2909,42),(4153,1,0,4,1,2852,354,2911,42),(4154,1,0,7,1,2852,354,2913,42),(4155,1,0,12.5,1,2852,354,2915,42),(4156,1,0,5.5,1,2852,354,2917,42),(4157,1,0,10,1,2852,354,2919,42),(4158,1,0,10,1,2852,354,2921,42),(4159,1,0,10,1,2852,354,2923,42),(4160,1,0,5,1,2852,354,2560,42),(4161,1,0,6,1,2852,354,2926,42),(4162,1,0,3.5,1,2852,354,2928,42),(4163,1,0,10,1,2852,354,2930,42),(4164,1,0,7,1,2852,354,2932,42),(4165,1,0,6.5,1,2852,354,2934,42),(4166,1,0,7.5,1,2852,354,2936,42),(4167,1,0,8,1,2852,354,2938,42),(4168,1,0,11.5,1,2852,354,2940,42),(4169,1,0,12.5,1,2852,354,2942,42),(4170,1,0,0,1,2852,354,2855,43),(4171,1,0,15,1,2852,354,2857,43),(4172,1,0,15,1,2852,354,2859,43),(4173,1,0,18,1,2852,354,2861,43),(4174,1,0,19,1,2852,354,2863,43),(4175,1,0,18,1,2852,354,2865,43),(4176,1,0,18.5,1,2852,354,2867,43),(4177,1,0,14,1,2852,354,2869,43),(4178,1,0,18,1,2852,354,2871,43),(4179,1,0,17.5,1,2852,354,2873,43),(4180,1,0,17.5,1,2852,354,2875,43),(4181,1,0,17.5,1,2852,354,2877,43),(4182,1,0,15,1,2852,354,2879,43),(4183,1,0,14.5,1,2852,354,2881,43),(4184,1,0,14.5,1,2852,354,2883,43),(4185,1,0,14.5,1,2852,354,2885,43),(4186,1,0,14.5,1,2852,354,2887,43),(4187,1,0,15,1,2852,354,2889,43),(4188,1,0,0,1,2852,354,2891,43),(4189,1,0,15,1,2852,354,2893,43),(4190,1,0,15,1,2852,354,2895,43),(4191,1,0,15.5,1,2852,354,2897,43),(4192,1,0,17,1,2852,354,2899,43),(4193,1,0,17,1,2852,354,2901,43),(4194,1,0,17,1,2852,354,2903,43),(4195,1,0,17,1,2852,354,2905,43),(4196,1,0,17,1,2852,354,2907,43),(4197,1,0,14.5,1,2852,354,2909,43),(4198,1,0,14,1,2852,354,2911,43),(4199,1,0,14,1,2852,354,2913,43),(4200,1,0,15,1,2852,354,2915,43),(4201,1,0,14,1,2852,354,2917,43),(4202,1,0,14.5,1,2852,354,2919,43),(4203,1,0,14.5,1,2852,354,2921,43),(4204,1,0,14,1,2852,354,2923,43),(4205,1,0,14,1,2852,354,2560,43),(4206,1,0,14,1,2852,354,2926,43),(4207,1,0,14,1,2852,354,2928,43),(4208,1,0,14,1,2852,354,2930,43),(4209,1,0,14,1,2852,354,2932,43),(4210,1,0,14,1,2852,354,2934,43),(4211,1,0,17.5,1,2852,354,2936,43),(4212,1,0,15,1,2852,354,2938,43),(4213,1,0,19,1,2852,354,2940,43),(4214,1,0,15,1,2852,354,2942,43),(4215,1,0,0,1,2852,355,2855,43),(4216,1,0,15,1,2852,355,2857,43),(4217,1,0,15,1,2852,355,2859,43),(4218,1,0,18,1,2852,355,2861,43),(4219,1,0,19,1,2852,355,2863,43),(4220,1,0,18,1,2852,355,2865,43),(4221,1,0,18.5,1,2852,355,2867,43),(4222,1,0,14,1,2852,355,2869,43),(4223,1,0,18,1,2852,355,2871,43),(4224,1,0,17.5,1,2852,355,2873,43),(4225,1,0,17.5,1,2852,355,2875,43),(4226,1,0,17.5,1,2852,355,2877,43),(4227,1,0,15,1,2852,355,2879,43),(4228,1,0,14.5,1,2852,355,2881,43),(4229,1,0,14.5,1,2852,355,2883,43),(4230,1,0,14.5,1,2852,355,2885,43),(4231,1,0,14.5,1,2852,355,2887,43),(4232,1,0,15,1,2852,355,2889,43),(4233,1,0,0,1,2852,355,2891,43),(4234,1,0,15,1,2852,355,2893,43),(4235,1,0,15,1,2852,355,2895,43),(4236,1,0,15.5,1,2852,355,2897,43),(4237,1,0,17,1,2852,355,2899,43),(4238,1,0,17,1,2852,355,2901,43),(4239,1,0,17,1,2852,355,2903,43),(4240,1,0,17,1,2852,355,2905,43),(4241,1,0,17,1,2852,355,2907,43),(4242,1,0,14.5,1,2852,355,2909,43),(4243,1,0,14,1,2852,355,2911,43),(4244,1,0,14,1,2852,355,2913,43),(4245,1,0,15,1,2852,355,2915,43),(4246,1,0,14,1,2852,355,2917,43),(4247,1,0,14.5,1,2852,355,2919,43),(4248,1,0,14.5,1,2852,355,2921,43),(4249,1,0,14,1,2852,355,2923,43),(4250,1,0,14,1,2852,355,2560,43),(4251,1,0,14,1,2852,355,2926,43),(4252,1,0,14,1,2852,355,2928,43),(4253,1,0,14,1,2852,355,2930,43),(4254,1,0,14,1,2852,355,2932,43),(4255,1,0,14,1,2852,355,2934,43),(4256,1,0,17.5,1,2852,355,2936,43),(4257,1,0,15,1,2852,355,2938,43),(4258,1,0,19,1,2852,355,2940,43),(4259,1,0,15,1,2852,355,2942,43),(4260,1,0,0,1,2852,355,2855,46),(4261,1,0,11,1,2852,355,2857,46),(4262,1,0,10.5,1,2852,355,2859,46),(4263,1,0,12,1,2852,355,2861,46),(4264,1,0,14.5,1,2852,355,2863,46),(4265,1,0,13.5,1,2852,355,2865,46),(4266,1,0,16,1,2852,355,2867,46),(4267,1,0,0,1,2852,355,2869,46),(4268,1,0,9,1,2852,355,2871,46),(4269,1,0,11,1,2852,355,2873,46),(4270,1,0,12,1,2852,355,2875,46),(4271,1,0,16,1,2852,355,2877,46),(4272,1,0,9.5,1,2852,355,2879,46),(4273,1,0,6,1,2852,355,2881,46),(4274,1,0,8.5,1,2852,355,2883,46),(4275,1,0,8,1,2852,355,2885,46),(4276,1,0,5.5,1,2852,355,2887,46),(4277,1,0,10.5,1,2852,355,2889,46),(4278,1,0,0,1,2852,355,2891,46),(4279,1,0,17,1,2852,355,2893,46),(4280,1,0,10,1,2852,355,2895,46),(4281,1,0,13.5,1,2852,355,2897,46),(4282,1,0,9,1,2852,355,2899,46),(4283,1,0,9.5,1,2852,355,2901,46),(4284,1,0,18,1,2852,355,2903,46),(4285,1,0,14.5,1,2852,355,2905,46),(4286,1,0,6.5,1,2852,355,2907,46),(4287,1,0,6,1,2852,355,2909,46),(4288,1,0,4,1,2852,355,2911,46),(4289,1,0,11.5,1,2852,355,2913,46),(4290,1,0,10,1,2852,355,2915,46),(4291,1,0,12.5,1,2852,355,2917,46),(4292,1,0,10,1,2852,355,2919,46),(4293,1,0,17,1,2852,355,2921,46),(4294,1,0,6.5,1,2852,355,2923,46),(4295,1,0,4.5,1,2852,355,2560,46),(4296,1,0,9,1,2852,355,2926,46),(4297,1,0,7.5,1,2852,355,2928,46),(4298,1,0,9.5,1,2852,355,2930,46),(4299,1,0,2,1,2852,355,2932,46),(4300,1,0,10.5,1,2852,355,2934,46),(4301,1,0,5,1,2852,355,2936,46),(4302,1,0,4.5,1,2852,355,2938,46),(4303,1,0,8.5,1,2852,355,2940,46),(4304,1,0,13,1,2852,355,2942,46),(4305,1,0,0,1,2852,354,2855,46),(4306,1,0,11,1,2852,354,2857,46),(4307,1,0,10.5,1,2852,354,2859,46),(4308,1,0,12,1,2852,354,2861,46),(4309,1,0,14.5,1,2852,354,2863,46),(4310,1,0,13.5,1,2852,354,2865,46),(4311,1,0,16,1,2852,354,2867,46),(4312,1,0,0,1,2852,354,2869,46),(4313,1,0,9,1,2852,354,2871,46),(4314,1,0,11,1,2852,354,2873,46),(4315,1,0,12,1,2852,354,2875,46),(4316,1,0,16,1,2852,354,2877,46),(4317,1,0,9.5,1,2852,354,2879,46),(4318,1,0,6,1,2852,354,2881,46),(4319,1,0,8.5,1,2852,354,2883,46),(4320,1,0,8,1,2852,354,2885,46),(4321,1,0,5.5,1,2852,354,2887,46),(4322,1,0,10.5,1,2852,354,2889,46),(4323,1,0,0,1,2852,354,2891,46),(4324,1,0,17,1,2852,354,2893,46),(4325,1,0,10,1,2852,354,2895,46),(4326,1,0,13.5,1,2852,354,2897,46),(4327,1,0,9,1,2852,354,2899,46),(4328,1,0,9.5,1,2852,354,2901,46),(4329,1,0,18,1,2852,354,2903,46),(4330,1,0,14.5,1,2852,354,2905,46),(4331,1,0,6.5,1,2852,354,2907,46),(4332,1,0,6,1,2852,354,2909,46),(4333,1,0,4,1,2852,354,2911,46),(4334,1,0,11.5,1,2852,354,2913,46),(4335,1,0,10,1,2852,354,2915,46),(4336,1,0,12.5,1,2852,354,2917,46),(4337,1,0,10,1,2852,354,2919,46),(4338,1,0,17,1,2852,354,2921,46),(4339,1,0,6.5,1,2852,354,2923,46),(4340,1,0,4.5,1,2852,354,2560,46),(4341,1,0,9,1,2852,354,2926,46),(4342,1,0,7.5,1,2852,354,2928,46),(4343,1,0,9.5,1,2852,354,2930,46),(4344,1,0,2,1,2852,354,2932,46),(4345,1,0,10.5,1,2852,354,2934,46),(4346,1,0,5,1,2852,354,2936,46),(4347,1,0,4.5,1,2852,354,2938,46),(4348,1,0,8.5,1,2852,354,2940,46),(4349,1,0,13,1,2852,354,2942,46),(4350,1,1,10,1,2852,354,2869,46),(4351,1,1,12,1,2852,354,2879,46),(4352,1,1,16,1,2852,354,2881,46),(4353,1,1,14,1,2852,354,2883,46),(4354,1,1,12,1,2852,354,2885,46),(4355,1,1,19,1,2852,354,2887,46),(4356,1,1,15,1,2852,354,2907,46),(4357,1,1,8,1,2852,354,2909,46),(4358,1,1,15,1,2852,354,2911,46),(4359,1,1,12,1,2852,354,2923,46),(4360,1,1,10,1,2852,354,2560,46),(4361,1,1,18,1,2852,354,2926,46),(4362,1,1,12.5,1,2852,354,2928,46),(4363,1,1,16,1,2852,354,2936,46),(4364,1,1,11,1,2852,354,2938,46),(4365,1,1,10,1,2852,355,2869,46),(4366,1,1,12,1,2852,355,2879,46),(4367,1,1,16,1,2852,355,2881,46),(4368,1,1,14,1,2852,355,2883,46),(4369,1,1,12,1,2852,355,2885,46),(4370,1,1,19,1,2852,355,2887,46),(4371,1,1,15,1,2852,355,2907,46),(4372,1,1,8,1,2852,355,2909,46),(4373,1,1,15,1,2852,355,2911,46),(4374,1,1,12,1,2852,355,2923,46),(4375,1,1,10,1,2852,355,2560,46),(4376,1,1,18,1,2852,355,2926,46),(4377,1,1,12.5,1,2852,355,2928,46),(4378,1,1,16,1,2852,355,2936,46),(4379,1,1,11,1,2852,355,2938,46),(4380,1,0,0,1,2852,360,2855,42),(4381,1,0,13,1,2852,360,2857,42),(4382,1,0,9.5,1,2852,360,2859,42),(4383,1,0,12,1,2852,360,2861,42),(4384,1,0,14,1,2852,360,2863,42),(4385,1,0,9.5,1,2852,360,2865,42),(4386,1,0,15,1,2852,360,2867,42),(4387,1,0,10.5,1,2852,360,2869,42),(4388,1,0,9.5,1,2852,360,2871,42),(4389,1,0,15,1,2852,360,2873,42),(4390,1,0,8.5,1,2852,360,2875,42),(4391,1,0,12.5,1,2852,360,2877,42),(4392,1,0,11.5,1,2852,360,2879,42),(4393,1,0,10.5,1,2852,360,2881,42),(4394,1,0,9,1,2852,360,2883,42),(4395,1,0,7,1,2852,360,2885,42),(4396,1,0,11.5,1,2852,360,2887,42),(4397,1,0,8.5,1,2852,360,2889,42),(4398,1,0,0,1,2852,360,2891,42),(4399,1,0,8.5,1,2852,360,2893,42),(4400,1,0,9,1,2852,360,2895,42),(4401,1,0,13,1,2852,360,2897,42),(4402,1,0,11.5,1,2852,360,2899,42),(4403,1,0,11.5,1,2852,360,2901,42),(4404,1,0,10.5,1,2852,360,2903,42),(4405,1,0,13.5,1,2852,360,2905,42),(4406,1,0,11,1,2852,360,2907,42),(4407,1,0,8,1,2852,360,2909,42),(4408,1,0,8,1,2852,360,2911,42),(4409,1,0,15,1,2852,360,2913,42),(4410,1,0,9.5,1,2852,360,2915,42),(4411,1,0,13,1,2852,360,2917,42),(4412,1,0,10.5,1,2852,360,2919,42),(4413,1,0,15.5,1,2852,360,2921,42),(4414,1,0,12,1,2852,360,2923,42),(4415,1,0,8.5,1,2852,360,2560,42),(4416,1,0,11.5,1,2852,360,2926,42),(4417,1,0,10.5,1,2852,360,2928,42),(4418,1,0,12.5,1,2852,360,2930,42),(4419,1,0,5,1,2852,360,2932,42),(4420,1,0,10,1,2852,360,2934,42),(4421,1,0,10,1,2852,360,2936,42),(4422,1,0,14,1,2852,360,2938,42),(4423,1,0,15,1,2852,360,2940,42),(4424,1,0,14.5,1,2852,360,2942,42),(4425,1,0,0,1,2852,360,2855,43),(4426,1,0,13,1,2852,360,2857,43),(4427,1,0,9.5,1,2852,360,2859,43),(4428,1,0,12,1,2852,360,2861,43),(4429,1,0,14,1,2852,360,2863,43),(4430,1,0,9.5,1,2852,360,2865,43),(4431,1,0,15,1,2852,360,2867,43),(4432,1,0,10.5,1,2852,360,2869,43),(4433,1,0,9.5,1,2852,360,2871,43),(4434,1,0,15,1,2852,360,2873,43),(4435,1,0,8.5,1,2852,360,2875,43),(4436,1,0,12.5,1,2852,360,2877,43),(4437,1,0,11.5,1,2852,360,2879,43),(4438,1,0,10.5,1,2852,360,2881,43),(4439,1,0,9,1,2852,360,2883,43),(4440,1,0,7,1,2852,360,2885,43),(4441,1,0,11.5,1,2852,360,2887,43),(4442,1,0,8.5,1,2852,360,2889,43),(4443,1,0,0,1,2852,360,2891,43),(4444,1,0,8.5,1,2852,360,2893,43),(4445,1,0,9,1,2852,360,2895,43),(4446,1,0,13,1,2852,360,2897,43),(4447,1,0,11.5,1,2852,360,2899,43),(4448,1,0,11.5,1,2852,360,2901,43),(4449,1,0,10.5,1,2852,360,2903,43),(4450,1,0,13.5,1,2852,360,2905,43),(4451,1,0,11,1,2852,360,2907,43),(4452,1,0,8,1,2852,360,2909,43),(4453,1,0,8,1,2852,360,2911,43),(4454,1,0,15,1,2852,360,2913,43),(4455,1,0,9.5,1,2852,360,2915,43),(4456,1,0,13,1,2852,360,2917,43),(4457,1,0,10.5,1,2852,360,2919,43),(4458,1,0,15.5,1,2852,360,2921,43),(4459,1,0,12,1,2852,360,2923,43),(4460,1,0,8.5,1,2852,360,2560,43),(4461,1,0,11.5,1,2852,360,2926,43),(4462,1,0,10.5,1,2852,360,2928,43),(4463,1,0,12.5,1,2852,360,2930,43),(4464,1,0,5,1,2852,360,2932,43),(4465,1,0,10,1,2852,360,2934,43),(4466,1,0,10,1,2852,360,2936,43),(4467,1,0,14,1,2852,360,2938,43),(4468,1,0,15,1,2852,360,2940,43),(4469,1,0,14.5,1,2852,360,2942,43),(4470,1,0,0,1,2852,360,2855,46),(4471,1,0,13.25,1,2852,360,2857,46),(4472,1,0,10,1,2852,360,2859,46),(4473,1,0,14.25,1,2852,360,2861,46),(4474,1,0,10,1,2852,360,2863,46),(4475,1,0,12,1,2852,360,2865,46),(4476,1,0,12.75,1,2852,360,2867,46),(4477,1,0,8,1,2852,360,2869,46),(4478,1,0,9.25,1,2852,360,2871,46),(4479,1,0,11.5,1,2852,360,2873,46),(4480,1,0,10.25,1,2852,360,2875,46),(4481,1,0,12.5,1,2852,360,2877,46),(4482,1,0,10.25,1,2852,360,2879,46),(4483,1,0,10,1,2852,360,2881,46),(4484,1,0,6,1,2852,360,2883,46),(4485,1,0,10.75,1,2852,360,2885,46),(4486,1,0,12.75,1,2852,360,2887,46),(4487,1,0,5,1,2852,360,2889,46),(4488,1,0,0,1,2852,360,2891,46),(4489,1,0,7,1,2852,360,2893,46),(4490,1,0,11.75,1,2852,360,2895,46),(4491,1,0,13.5,1,2852,360,2897,46),(4492,1,0,7,1,2852,360,2899,46),(4493,1,0,10.25,1,2852,360,2901,46),(4494,1,0,11,1,2852,360,2903,46),(4495,1,0,13.75,1,2852,360,2905,46),(4496,1,0,7.25,1,2852,360,2907,46),(4497,1,0,13,1,2852,360,2909,46),(4498,1,0,6,1,2852,360,2911,46),(4499,1,0,7,1,2852,360,2913,46),(4500,1,0,10.25,1,2852,360,2915,46),(4501,1,0,10.5,1,2852,360,2917,46),(4502,1,0,10.75,1,2852,360,2919,46),(4503,1,0,15.5,1,2852,360,2921,46),(4504,1,0,12.25,1,2852,360,2923,46),(4505,1,0,5.75,1,2852,360,2560,46),(4506,1,0,12.25,1,2852,360,2926,46),(4507,1,0,11.5,1,2852,360,2928,46),(4508,1,0,6.5,1,2852,360,2930,46),(4509,1,0,0,1,2852,360,2932,46),(4510,1,0,7,1,2852,360,2934,46),(4511,1,0,7.5,1,2852,360,2936,46),(4512,1,0,6.5,1,2852,360,2938,46),(4513,1,0,6.75,1,2852,360,2940,46),(4514,1,0,6.5,1,2852,360,2942,46),(4515,1,1,11.75,1,2852,360,2859,46),(4516,1,1,15.5,1,2852,360,2869,46),(4517,1,1,10.5,1,2852,360,2871,46),(4518,1,1,13,1,2852,360,2885,46),(4519,1,1,10,1,2852,360,2893,46),(4520,1,1,11.75,1,2852,360,2899,46),(4521,1,1,5.5,1,2852,360,2911,46),(4522,1,1,13,1,2852,360,2915,46),(4523,1,1,13.5,1,2852,360,2934,46),(4524,1,1,10.5,1,2852,360,2936,46),(4525,1,0,0,1,2852,361,2855,42),(4526,1,0,10,1,2852,361,2857,42),(4527,1,0,3,1,2852,361,2859,42),(4528,1,0,9,1,2852,361,2861,42),(4529,1,0,13.5,1,2852,361,2863,42),(4530,1,0,5,1,2852,361,2865,42),(4531,1,0,7,1,2852,361,2867,42),(4532,1,0,4,1,2852,361,2869,42),(4533,1,0,15,1,2852,361,2871,42),(4534,1,0,17,1,2852,361,2873,42),(4535,1,0,1,1,2852,361,2875,42),(4536,1,0,8.5,1,2852,361,2877,42),(4537,1,0,9,1,2852,361,2879,42),(4538,1,0,6.5,1,2852,361,2881,42),(4539,1,0,10,1,2852,361,2883,42),(4540,1,0,4,1,2852,361,2885,42),(4541,1,0,12.5,1,2852,361,2887,42),(4542,1,0,12.5,1,2852,361,2889,42),(4543,1,0,0,1,2852,361,2891,42),(4544,1,0,10,1,2852,361,2893,42),(4545,1,0,14,1,2852,361,2895,42),(4546,1,0,13.5,1,2852,361,2897,42),(4547,1,0,2,1,2852,361,2899,42),(4548,1,0,13,1,2852,361,2901,42),(4549,1,0,16,1,2852,361,2903,42),(4550,1,0,18,1,2852,361,2905,42),(4551,1,0,0,1,2852,361,2907,42),(4552,1,0,2,1,2852,361,2909,42),(4553,1,0,0,1,2852,361,2911,42),(4554,1,0,4,1,2852,361,2913,42),(4555,1,0,14,1,2852,361,2915,42),(4556,1,0,14,1,2852,361,2917,42),(4557,1,0,11,1,2852,361,2919,42),(4558,1,0,16,1,2852,361,2921,42),(4559,1,0,13.5,1,2852,361,2923,42),(4560,1,0,8,1,2852,361,2560,42),(4561,1,0,12.5,1,2852,361,2926,42),(4562,1,0,6,1,2852,361,2928,42),(4563,1,0,10.5,1,2852,361,2930,42),(4564,1,0,0,1,2852,361,2932,42),(4565,1,0,13.5,1,2852,361,2934,42),(4566,1,0,3,1,2852,361,2936,42),(4567,1,0,11,1,2852,361,2938,42),(4568,1,0,3,1,2852,361,2940,42),(4569,1,0,5,1,2852,361,2942,42),(4570,1,0,0,1,2852,361,2855,43),(4571,1,0,16,1,2852,361,2857,43),(4572,1,0,16,1,2852,361,2859,43),(4573,1,0,13,1,2852,361,2861,43),(4574,1,0,16,1,2852,361,2863,43),(4575,1,0,14.5,1,2852,361,2865,43),(4576,1,0,14.5,1,2852,361,2867,43),(4577,1,0,16,1,2852,361,2869,43),(4578,1,0,16,1,2852,361,2871,43),(4579,1,0,18,1,2852,361,2873,43),(4580,1,0,16,1,2852,361,2875,43),(4581,1,0,14.5,1,2852,361,2877,43),(4582,1,0,13,1,2852,361,2879,43),(4583,1,0,17,1,2852,361,2881,43),(4584,1,0,14.5,1,2852,361,2883,43),(4585,1,0,15.5,1,2852,361,2885,43),(4586,1,0,16,1,2852,361,2887,43),(4587,1,0,16,1,2852,361,2889,43),(4588,1,0,0,1,2852,361,2891,43),(4589,1,0,17,1,2852,361,2893,43),(4590,1,0,15.5,1,2852,361,2895,43),(4591,1,0,14.5,1,2852,361,2897,43),(4592,1,0,15.5,1,2852,361,2899,43),(4593,1,0,17,1,2852,361,2901,43),(4594,1,0,18,1,2852,361,2903,43),(4595,1,0,18,1,2852,361,2905,43),(4596,1,0,0,1,2852,361,2907,43),(4597,1,0,13,1,2852,361,2909,43),(4598,1,0,17,1,2852,361,2911,43),(4599,1,0,15.5,1,2852,361,2913,43),(4600,1,0,13,1,2852,361,2915,43),(4601,1,0,16,1,2852,361,2917,43),(4602,1,0,14.5,1,2852,361,2919,43),(4603,1,0,18,1,2852,361,2921,43),(4604,1,0,18,1,2852,361,2923,43),(4605,1,0,18,1,2852,361,2560,43),(4606,1,0,17,1,2852,361,2926,43),(4607,1,0,18,1,2852,361,2928,43),(4608,1,0,17,1,2852,361,2930,43),(4609,1,0,16,1,2852,361,2932,43),(4610,1,0,13,1,2852,361,2934,43),(4611,1,0,15.5,1,2852,361,2936,43),(4612,1,0,16,1,2852,361,2938,43),(4613,1,0,18,1,2852,361,2940,43),(4614,1,0,18,1,2852,361,2942,43),(4615,1,0,0,1,2852,361,2855,46),(4616,1,0,11.5,1,2852,361,2857,46),(4617,1,0,1,1,2852,361,2859,46),(4618,1,0,6,1,2852,361,2861,46),(4619,1,0,11,1,2852,361,2863,46),(4620,1,0,5,1,2852,361,2865,46),(4621,1,0,8,1,2852,361,2867,46),(4622,1,0,1.5,1,2852,361,2869,46),(4623,1,0,5.5,1,2852,361,2871,46),(4624,1,0,11.5,1,2852,361,2873,46),(4625,1,0,1.5,1,2852,361,2875,46),(4626,1,0,9,1,2852,361,2877,46),(4627,1,0,7.5,1,2852,361,2879,46),(4628,1,0,3.5,1,2852,361,2881,46),(4629,1,0,0,1,2852,361,2883,46),(4630,1,0,4,1,2852,361,2885,46),(4631,1,0,9,1,2852,361,2887,46),(4632,1,0,2,1,2852,361,2889,46),(4633,1,0,0,1,2852,361,2891,46),(4634,1,0,4.5,1,2852,361,2893,46),(4635,1,0,11.5,1,2852,361,2895,46),(4636,1,0,8.5,1,2852,361,2897,46),(4637,1,0,2,1,2852,361,2899,46),(4638,1,0,10,1,2852,361,2901,46),(4639,1,0,9.5,1,2852,361,2903,46),(4640,1,0,13.5,1,2852,361,2905,46),(4641,1,0,3.5,1,2852,361,2907,46),(4642,1,0,1,1,2852,361,2909,46),(4643,1,0,0,1,2852,361,2911,46),(4644,1,0,3.5,1,2852,361,2913,46),(4645,1,0,9,1,2852,361,2915,46),(4646,1,0,10,1,2852,361,2917,46),(4647,1,0,6.5,1,2852,361,2919,46),(4648,1,0,13,1,2852,361,2921,46),(4649,1,0,8.5,1,2852,361,2923,46),(4650,1,0,1,1,2852,361,2560,46),(4651,1,0,7.5,1,2852,361,2926,46),(4652,1,0,6,1,2852,361,2928,46),(4653,1,0,10.5,1,2852,361,2930,46),(4654,1,0,1,1,2852,361,2932,46),(4655,1,0,1,1,2852,361,2934,46),(4656,1,0,3.5,1,2852,361,2936,46),(4657,1,0,7.5,1,2852,361,2938,46),(4658,1,0,2.5,1,2852,361,2940,46),(4659,1,0,1,1,2852,361,2942,46),(4660,1,1,6,1,2852,361,2865,46),(4661,1,0,13,1,2852,358,2855,42),(4662,1,0,19,1,2852,358,2857,42),(4663,1,0,7.5,1,2852,358,2859,42),(4664,1,0,12.5,1,2852,358,2861,42),(4665,1,0,14.5,1,2852,358,2863,42),(4666,1,0,13.5,1,2852,358,2865,42),(4667,1,0,15.5,1,2852,358,2867,42),(4668,1,0,11,1,2852,358,2869,42),(4669,1,0,7,1,2852,358,2871,42),(4670,1,0,12,1,2852,358,2873,42),(4671,1,0,3.5,1,2852,358,2875,42),(4672,1,0,12,1,2852,358,2877,42),(4673,1,0,9,1,2852,358,2879,42),(4674,1,0,6,1,2852,358,2881,42),(4675,1,0,8,1,2852,358,2883,42),(4676,1,0,11,1,2852,358,2885,42),(4677,1,0,10,1,2852,358,2887,42),(4678,1,0,16,1,2852,358,2889,42),(4679,1,0,11.5,1,2852,358,2891,42),(4680,1,0,8,1,2852,358,2893,42),(4681,1,0,10.5,1,2852,358,2895,42),(4682,1,0,16.5,1,2852,358,2897,42),(4683,1,0,4,1,2852,358,2899,42),(4684,1,0,11,1,2852,358,2901,42),(4685,1,0,13.5,1,2852,358,2903,42),(4686,1,0,13.5,1,2852,358,2905,42),(4687,1,0,5.5,1,2852,358,2907,42),(4688,1,0,0.5,1,2852,358,2909,42),(4689,1,0,10.5,1,2852,358,2911,42),(4690,1,0,12,1,2852,358,2913,42),(4691,1,0,12,1,2852,358,2915,42),(4692,1,0,17,1,2852,358,2917,42),(4693,1,0,10.5,1,2852,358,2919,42),(4694,1,0,13.5,1,2852,358,2921,42),(4695,1,0,16,1,2852,358,2923,42),(4696,1,0,7,1,2852,358,2560,42),(4697,1,0,10,1,2852,358,2926,42),(4698,1,0,7,1,2852,358,2928,42),(4699,1,0,16,1,2852,358,2930,42),(4700,1,0,4,1,2852,358,2932,42),(4701,1,0,10,1,2852,358,2934,42),(4702,1,0,12,1,2852,358,2936,42),(4703,1,0,9,1,2852,358,2938,42),(4704,1,0,10,1,2852,358,2940,42),(4705,1,0,14.5,1,2852,358,2942,42),(4706,1,0,15.5,1,2852,358,2855,43),(4707,1,0,15.5,1,2852,358,2857,43),(4708,1,0,13.5,1,2852,358,2859,43),(4709,1,0,17.5,1,2852,358,2861,43),(4710,1,0,18.5,1,2852,358,2863,43),(4711,1,0,17.5,1,2852,358,2865,43),(4712,1,0,17.5,1,2852,358,2867,43),(4713,1,0,18.5,1,2852,358,2869,43),(4714,1,0,18.5,1,2852,358,2871,43),(4715,1,0,15.5,1,2852,358,2873,43),(4716,1,0,14.5,1,2852,358,2875,43),(4717,1,0,15.5,1,2852,358,2877,43),(4718,1,0,13.5,1,2852,358,2879,43),(4719,1,0,14.5,1,2852,358,2881,43),(4720,1,0,13,1,2852,358,2883,43),(4721,1,0,14,1,2852,358,2885,43),(4722,1,0,13,1,2852,358,2887,43),(4723,1,0,14,1,2852,358,2889,43),(4724,1,0,14,1,2852,358,2891,43),(4725,1,0,16.5,1,2852,358,2893,43),(4726,1,0,15.5,1,2852,358,2895,43),(4727,1,0,16.5,1,2852,358,2897,43),(4728,1,0,15.5,1,2852,358,2899,43),(4729,1,0,15.5,1,2852,358,2901,43),(4730,1,0,15.5,1,2852,358,2903,43),(4731,1,0,17.5,1,2852,358,2905,43),(4732,1,0,15.5,1,2852,358,2907,43),(4733,1,0,14.5,1,2852,358,2909,43),(4734,1,0,15.5,1,2852,358,2911,43),(4735,1,0,16.5,1,2852,358,2913,43),(4736,1,0,16.5,1,2852,358,2915,43),(4737,1,0,19.5,1,2852,358,2917,43),(4738,1,0,18.5,1,2852,358,2919,43),(4739,1,0,19.5,1,2852,358,2921,43),(4740,1,0,14,1,2852,358,2923,43),(4741,1,0,14,1,2852,358,2560,43),(4742,1,0,15,1,2852,358,2926,43),(4743,1,0,15,1,2852,358,2928,43),(4744,1,0,15,1,2852,358,2930,43),(4745,1,0,14,1,2852,358,2932,43),(4746,1,0,16,1,2852,358,2934,43),(4747,1,0,16,1,2852,358,2936,43),(4748,1,0,16,1,2852,358,2938,43),(4749,1,0,13.5,1,2852,358,2940,43),(4750,1,0,17,1,2852,358,2942,43),(4751,1,0,16,1,2852,358,2855,46),(4752,1,0,19,1,2852,358,2857,46),(4753,1,0,12.5,1,2852,358,2859,46),(4754,1,0,18,1,2852,358,2861,46),(4755,1,0,12.5,1,2852,358,2863,46),(4756,1,0,15.5,1,2852,358,2865,46),(4757,1,0,15.5,1,2852,358,2867,46),(4758,1,0,5,1,2852,358,2869,46),(4759,1,0,8.5,1,2852,358,2871,46),(4760,1,0,16.5,1,2852,358,2873,46),(4761,1,0,11.5,1,2852,358,2875,46),(4762,1,0,15,1,2852,358,2877,46),(4763,1,0,10,1,2852,358,2879,46),(4764,1,0,13,1,2852,358,2881,46),(4765,1,0,5,1,2852,358,2883,46),(4766,1,0,10.5,1,2852,358,2885,46),(4767,1,0,13.5,1,2852,358,2887,46),(4768,1,0,18,1,2852,358,2889,46),(4769,1,0,0,1,2852,358,2891,46),(4770,1,0,12.5,1,2852,358,2893,46),(4771,1,0,13.5,1,2852,358,2895,46),(4772,1,0,19,1,2852,358,2897,46),(4773,1,0,10,1,2852,358,2899,46),(4774,1,0,13,1,2852,358,2901,46),(4775,1,0,14,1,2852,358,2903,46),(4776,1,0,17,1,2852,358,2905,46),(4777,1,0,0,1,2852,358,2907,46),(4778,1,0,10.5,1,2852,358,2909,46),(4779,1,0,10,1,2852,358,2911,46),(4780,1,0,15,1,2852,358,2913,46),(4781,1,0,14.5,1,2852,358,2915,46),(4782,1,0,18,1,2852,358,2917,46),(4783,1,0,14,1,2852,358,2919,46),(4784,1,0,17,1,2852,358,2921,46),(4785,1,0,18,1,2852,358,2923,46),(4786,1,0,7,1,2852,358,2560,46),(4787,1,0,12,1,2852,358,2926,46),(4788,1,0,7,1,2852,358,2928,46),(4789,1,0,15.5,1,2852,358,2930,46),(4790,1,0,4,1,2852,358,2932,46),(4791,1,0,13,1,2852,358,2934,46),(4792,1,0,11,1,2852,358,2936,46),(4793,1,0,12,1,2852,358,2938,46),(4794,1,0,13,1,2852,358,2940,46),(4795,1,0,12,1,2852,358,2942,46),(4796,1,1,5,1,2852,358,2869,46),(4797,1,1,10,1,2852,358,2875,46),(4798,1,1,13,1,2852,358,2883,46),(4799,1,1,8.5,1,2852,358,2909,46),(4800,1,1,14.5,1,2852,358,2560,46),(4801,1,1,12,1,2852,358,2928,46),(4802,1,1,5,1,2852,358,2932,46),(4803,1,0,0,1,2852,362,2855,42),(4804,1,0,12,1,2852,362,2857,42),(4805,1,0,19,1,2852,362,2859,42),(4806,1,0,18.5,1,2852,362,2861,42),(4807,1,0,18,1,2852,362,2863,42),(4808,1,0,12,1,2852,362,2865,42),(4809,1,0,17.5,1,2852,362,2867,42),(4810,1,0,13.5,1,2852,362,2869,42),(4811,1,0,17,1,2852,362,2871,42),(4812,1,0,18.5,1,2852,362,2873,42),(4813,1,0,14.5,1,2852,362,2875,42),(4814,1,0,16.5,1,2852,362,2877,42),(4815,1,0,18.5,1,2852,362,2879,42),(4816,1,0,15,1,2852,362,2881,42),(4817,1,0,13.5,1,2852,362,2883,42),(4818,1,0,16.5,1,2852,362,2885,42),(4819,1,0,12.5,1,2852,362,2887,42),(4820,1,0,16.5,1,2852,362,2889,42),(4821,1,0,0,1,2852,362,2891,42),(4822,1,0,14,1,2852,362,2893,42),(4823,1,0,16,1,2852,362,2895,42),(4824,1,0,18,1,2852,362,2897,42),(4825,1,0,17.5,1,2852,362,2899,42),(4826,1,0,15.5,1,2852,362,2901,42),(4827,1,0,16.5,1,2852,362,2903,42),(4828,1,0,18,1,2852,362,2905,42),(4829,1,0,16.5,1,2852,362,2907,42),(4830,1,0,12,1,2852,362,2909,42),(4831,1,0,9.5,1,2852,362,2911,42),(4832,1,0,14,1,2852,362,2913,42),(4833,1,0,15,1,2852,362,2915,42),(4834,1,0,13,1,2852,362,2917,42),(4835,1,0,10.5,1,2852,362,2919,42),(4836,1,0,18.5,1,2852,362,2921,42),(4837,1,0,19,1,2852,362,2923,42),(4838,1,0,12.5,1,2852,362,2560,42),(4839,1,0,16,1,2852,362,2926,42),(4840,1,0,14.5,1,2852,362,2928,42),(4841,1,0,17,1,2852,362,2930,42),(4842,1,0,2,1,2852,362,2932,42),(4843,1,0,15,1,2852,362,2934,42),(4844,1,0,14.5,1,2852,362,2936,42),(4845,1,0,10,1,2852,362,2938,42),(4846,1,0,17.5,1,2852,362,2940,42),(4847,1,0,17,1,2852,362,2942,42),(4848,1,0,0,1,2852,362,2855,43),(4849,1,0,15,1,2852,362,2857,43),(4850,1,0,15,1,2852,362,2859,43),(4851,1,0,15,1,2852,362,2861,43),(4852,1,0,15,1,2852,362,2863,43),(4853,1,0,15,1,2852,362,2865,43),(4854,1,0,15,1,2852,362,2867,43),(4855,1,0,15,1,2852,362,2869,43),(4856,1,0,16,1,2852,362,2871,43),(4857,1,0,16,1,2852,362,2873,43),(4858,1,0,16,1,2852,362,2875,43),(4859,1,0,16,1,2852,362,2877,43),(4860,1,0,16,1,2852,362,2879,43),(4861,1,0,16,1,2852,362,2881,43),(4862,1,0,16,1,2852,362,2883,43),(4863,1,0,16,1,2852,362,2885,43),(4864,1,0,16,1,2852,362,2887,43),(4865,1,0,14.5,1,2852,362,2889,43),(4866,1,0,0,1,2852,362,2891,43),(4867,1,0,14.5,1,2852,362,2893,43),(4868,1,0,14.5,1,2852,362,2895,43),(4869,1,0,14.5,1,2852,362,2897,43),(4870,1,0,14.5,1,2852,362,2899,43),(4871,1,0,14.5,1,2852,362,2901,43),(4872,1,0,14.5,1,2852,362,2903,43),(4873,1,0,14.5,1,2852,362,2905,43),(4874,1,0,14.5,1,2852,362,2907,43),(4875,1,0,14.5,1,2852,362,2909,43),(4876,1,0,14.5,1,2852,362,2911,43),(4877,1,0,15,1,2852,362,2913,43),(4878,1,0,15,1,2852,362,2915,43),(4879,1,0,14.5,1,2852,362,2917,43),(4880,1,0,14.5,1,2852,362,2919,43),(4881,1,0,14.5,1,2852,362,2921,43),(4882,1,0,14.5,1,2852,362,2923,43),(4883,1,0,14.5,1,2852,362,2560,43),(4884,1,0,14.5,1,2852,362,2926,43),(4885,1,0,14.5,1,2852,362,2928,43),(4886,1,0,15,1,2852,362,2930,43),(4887,1,0,15,1,2852,362,2932,43),(4888,1,0,15,1,2852,362,2934,43),(4889,1,0,15,1,2852,362,2936,43),(4890,1,0,15,1,2852,362,2938,43),(4891,1,0,15,1,2852,362,2940,43),(4892,1,0,15,1,2852,362,2942,43),(4893,1,0,0,1,2852,362,2855,46),(4894,1,0,13,1,2852,362,2857,46),(4895,1,0,15,1,2852,362,2859,46),(4896,1,0,16.75,1,2852,362,2861,46),(4897,1,0,18.75,1,2852,362,2863,46),(4898,1,0,13,1,2852,362,2865,46),(4899,1,0,15.5,1,2852,362,2867,46),(4900,1,0,0,1,2852,362,2869,46),(4901,1,0,15,1,2852,362,2871,46),(4902,1,0,17,1,2852,362,2873,46),(4903,1,0,13,1,2852,362,2875,46),(4904,1,0,17,1,2852,362,2877,46),(4905,1,0,16,1,2852,362,2879,46),(4906,1,0,15.5,1,2852,362,2881,46),(4907,1,0,10.5,1,2852,362,2883,46),(4908,1,0,14.5,1,2852,362,2885,46),(4909,1,0,16,1,2852,362,2887,46),(4910,1,0,17,1,2852,362,2889,46),(4911,1,0,0,1,2852,362,2891,46),(4912,1,0,12,1,2852,362,2893,46),(4913,1,0,19,1,2852,362,2895,46),(4914,1,0,17.5,1,2852,362,2897,46),(4915,1,0,15.25,1,2852,362,2899,46),(4916,1,0,16.75,1,2852,362,2901,46),(4917,1,0,19,1,2852,362,2903,46),(4918,1,0,16,1,2852,362,2905,46),(4919,1,0,12,1,2852,362,2907,46),(4920,1,0,11.5,1,2852,362,2909,46),(4921,1,0,14.75,1,2852,362,2911,46),(4922,1,0,15.5,1,2852,362,2913,46),(4923,1,0,16.5,1,2852,362,2915,46),(4924,1,0,12.5,1,2852,362,2917,46),(4925,1,0,17.5,1,2852,362,2919,46),(4926,1,0,16.25,1,2852,362,2921,46),(4927,1,0,15.5,1,2852,362,2923,46),(4928,1,0,11.25,1,2852,362,2560,46),(4929,1,0,13,1,2852,362,2926,46),(4930,1,0,13.5,1,2852,362,2928,46),(4931,1,0,17,1,2852,362,2930,46),(4932,1,0,2.5,1,2852,362,2932,46),(4933,1,0,14.5,1,2852,362,2934,46),(4934,1,0,17,1,2852,362,2936,46),(4935,1,0,15.5,1,2852,362,2938,46),(4936,1,0,17.75,1,2852,362,2940,46),(4937,1,0,16,1,2852,362,2942,46),(4938,1,1,12,1,2852,362,2869,46),(5001,1,0,0,1,2852,4960,2855,42),(5002,1,0,14.5,1,2852,4960,2857,42),(5003,1,0,9,1,2852,4960,2859,42),(5004,1,0,10.5,1,2852,4960,2861,42),(5005,1,0,13,1,2852,4960,2863,42),(5006,1,0,11,1,2852,4960,2865,42),(5007,1,0,13,1,2852,4960,2867,42),(5008,1,0,7,1,2852,4960,2869,42),(5009,1,0,9,1,2852,4960,2871,42),(5010,1,0,4.5,1,2852,4960,2873,42),(5011,1,0,8,1,2852,4960,2875,42),(5012,1,0,10.5,1,2852,4960,2877,42),(5013,1,0,11.5,1,2852,4960,2879,42),(5014,1,0,8.5,1,2852,4960,2881,42),(5015,1,0,2,1,2852,4960,2883,42),(5016,1,0,12,1,2852,4960,2885,42),(5017,1,0,17,1,2852,4960,2887,42),(5018,1,0,7.5,1,2852,4960,2889,42),(5019,1,0,0,1,2852,4960,2891,42),(5020,1,0,9.5,1,2852,4960,2893,42),(5021,1,0,7,1,2852,4960,2895,42),(5022,1,0,17.5,1,2852,4960,2897,42),(5023,1,0,6.5,1,2852,4960,2899,42),(5024,1,0,13.5,1,2852,4960,2901,42),(5025,1,0,11.5,1,2852,4960,2903,42),(5026,1,0,16.5,1,2852,4960,2905,42),(5027,1,0,2,1,2852,4960,2907,42),(5028,1,0,3.5,1,2852,4960,2909,42),(5029,1,0,6,1,2852,4960,2911,42),(5030,1,0,7.5,1,2852,4960,2913,42),(5031,1,0,10,1,2852,4960,2915,42),(5032,1,0,7,1,2852,4960,2917,42),(5033,1,0,15.5,1,2852,4960,2919,42),(5034,1,0,17,1,2852,4960,2921,42),(5035,1,0,12,1,2852,4960,2923,42),(5036,1,0,7,1,2852,4960,2560,42),(5037,1,0,9.5,1,2852,4960,2926,42),(5038,1,0,3.5,1,2852,4960,2928,42),(5039,1,0,5,1,2852,4960,2930,42),(5040,1,0,0,1,2852,4960,2932,42),(5041,1,0,3,1,2852,4960,2934,42),(5042,1,0,10.5,1,2852,4960,2936,42),(5043,1,0,9.5,1,2852,4960,2938,42),(5044,1,0,10.5,1,2852,4960,2940,42),(5045,1,0,12,1,2852,4960,2942,42),(5046,1,0,0,1,2852,4960,2855,43),(5047,1,0,13.5,1,2852,4960,2857,43),(5048,1,0,13.5,1,2852,4960,2859,43),(5049,1,0,13.5,1,2852,4960,2861,43),(5050,1,0,13.5,1,2852,4960,2863,43),(5051,1,0,13.5,1,2852,4960,2865,43),(5052,1,0,13.5,1,2852,4960,2867,43),(5053,1,0,13.5,1,2852,4960,2869,43),(5054,1,0,13.5,1,2852,4960,2871,43),(5055,1,0,13.5,1,2852,4960,2873,43),(5056,1,0,13.5,1,2852,4960,2875,43),(5057,1,0,16.5,1,2852,4960,2877,43),(5058,1,0,16.5,1,2852,4960,2879,43),(5059,1,0,16.5,1,2852,4960,2881,43),(5060,1,0,16.5,1,2852,4960,2883,43),(5061,1,0,16.5,1,2852,4960,2885,43),(5062,1,0,16.5,1,2852,4960,2887,43),(5063,1,0,16.5,1,2852,4960,2889,43),(5064,1,0,0,1,2852,4960,2891,43),(5065,1,0,16.5,1,2852,4960,2893,43),(5066,1,0,16.5,1,2852,4960,2895,43),(5067,1,0,16.5,1,2852,4960,2897,43),(5068,1,0,14,1,2852,4960,2899,43),(5069,1,0,14,1,2852,4960,2901,43),(5070,1,0,14,1,2852,4960,2903,43),(5071,1,0,14,1,2852,4960,2905,43),(5072,1,0,13,1,2852,4960,2907,43),(5073,1,0,14,1,2852,4960,2909,43),(5074,1,0,14,1,2852,4960,2911,43),(5075,1,0,14,1,2852,4960,2913,43),(5076,1,0,14,1,2852,4960,2915,43),(5077,1,0,14,1,2852,4960,2917,43),(5078,1,0,14,1,2852,4960,2919,43),(5079,1,0,16.5,1,2852,4960,2921,43),(5080,1,0,16.5,1,2852,4960,2923,43),(5081,1,0,16.5,1,2852,4960,2560,43),(5082,1,0,16.5,1,2852,4960,2926,43),(5083,1,0,16.5,1,2852,4960,2928,43),(5084,1,0,16.5,1,2852,4960,2930,43),(5085,1,0,0,1,2852,4960,2932,43),(5086,1,0,16.5,1,2852,4960,2934,43),(5087,1,0,16.5,1,2852,4960,2936,43),(5088,1,0,13,1,2852,4960,2938,43),(5089,1,0,13,1,2852,4960,2940,43),(5090,1,0,13,1,2852,4960,2942,43),(5091,1,0,0,1,2852,4960,2855,46),(5092,1,0,8,1,2852,4960,2857,46),(5093,1,0,3.5,1,2852,4960,2859,46),(5094,1,0,10,1,2852,4960,2861,46),(5095,1,0,11.5,1,2852,4960,2863,46),(5096,1,0,10,1,2852,4960,2865,46),(5097,1,0,12.5,1,2852,4960,2867,46),(5098,1,0,4.5,1,2852,4960,2869,46),(5099,1,0,9,1,2852,4960,2871,46),(5100,1,0,6,1,2852,4960,2873,46),(5101,1,0,4,1,2852,4960,2875,46),(5102,1,0,6.5,1,2852,4960,2877,46),(5103,1,0,3,1,2852,4960,2879,46),(5104,1,0,4.5,1,2852,4960,2881,46),(5105,1,0,0,1,2852,4960,2883,46),(5106,1,0,1.5,1,2852,4960,2885,46),(5107,1,0,13.5,1,2852,4960,2887,46),(5108,1,0,12,1,2852,4960,2889,46),(5109,1,0,0,1,2852,4960,2891,46),(5110,1,0,3.5,1,2852,4960,2893,46),(5111,1,0,5.5,1,2852,4960,2895,46),(5112,1,0,10,1,2852,4960,2897,46),(5113,1,0,1.5,1,2852,4960,2899,46),(5114,1,0,0,1,2852,4960,2901,46),(5115,1,0,8.5,1,2852,4960,2903,46),(5116,1,0,8.5,1,2852,4960,2905,46),(5117,1,0,1,1,2852,4960,2907,46),(5118,1,0,2.5,1,2852,4960,2909,46),(5119,1,0,10,1,2852,4960,2911,46),(5120,1,0,7,1,2852,4960,2913,46),(5121,1,0,8,1,2852,4960,2915,46),(5122,1,0,4.5,1,2852,4960,2917,46),(5123,1,0,8.5,1,2852,4960,2919,46),(5124,1,0,8,1,2852,4960,2921,46),(5125,1,0,6,1,2852,4960,2923,46),(5126,1,0,4,1,2852,4960,2560,46),(5127,1,0,5,1,2852,4960,2926,46),(5128,1,0,5,1,2852,4960,2928,46),(5129,1,0,4,1,2852,4960,2930,46),(5130,1,0,0,1,2852,4960,2932,46),(5131,1,0,3.5,1,2852,4960,2934,46),(5132,1,0,6.5,1,2852,4960,2936,46),(5133,1,0,0,1,2852,4960,2938,46),(5134,1,0,12.5,1,2852,4960,2940,46),(5135,1,0,11.5,1,2852,4960,2942,46),(5136,1,1,9,1,2852,4960,2859,46),(5137,1,1,3,1,2852,4960,2869,46),(5138,1,1,5,1,2852,4960,2871,46),(5139,1,1,3.5,1,2852,4960,2875,46),(5140,1,1,12.5,1,2852,4960,2877,46),(5141,1,1,9,1,2852,4960,2879,46),(5142,1,1,2,1,2852,4960,2881,46),(5143,1,1,5,1,2852,4960,2885,46),(5144,1,1,7.5,1,2852,4960,2893,46),(5145,1,1,10,1,2852,4960,2895,46),(5146,1,1,12,1,2852,4960,2897,46),(5147,1,1,4,1,2852,4960,2899,46),(5148,1,1,12,1,2852,4960,2901,46),(5149,1,1,0.5,1,2852,4960,2909,46),(5150,1,1,9.5,1,2852,4960,2911,46),(5151,1,1,11.5,1,2852,4960,2915,46),(5152,1,1,13,1,2852,4960,2917,46),(5153,1,1,3.5,1,2852,4960,2560,46),(5154,1,1,5.5,1,2852,4960,2926,46),(5155,1,1,6.5,1,2852,4960,2928,46),(5156,1,1,2.5,1,2852,4960,2934,46),(5157,1,1,3.5,1,2852,4960,2936,46),(5158,1,1,7.5,1,2852,4960,2938,46),(5159,1,0,0,1,2852,4965,2855,42),(5160,1,0,14,1,2852,4965,2857,42),(5161,1,0,10,1,2852,4965,2859,42),(5162,1,0,16.5,1,2852,4965,2861,42),(5163,1,0,12,1,2852,4965,2863,42),(5164,1,0,12,1,2852,4965,2865,42),(5165,1,0,12.5,1,2852,4965,2867,42),(5166,1,0,8,1,2852,4965,2869,42),(5167,1,0,7,1,2852,4965,2871,42),(5168,1,0,19,1,2852,4965,2873,42),(5169,1,0,7,1,2852,4965,2875,42),(5170,1,0,12.5,1,2852,4965,2877,42),(5171,1,0,13,1,2852,4965,2879,42),(5172,1,0,12,1,2852,4965,2881,42),(5173,1,0,3,1,2852,4965,2883,42),(5174,1,0,12,1,2852,4965,2885,42),(5175,1,0,19,1,2852,4965,2887,42),(5176,1,0,15.5,1,2852,4965,2889,42),(5177,1,0,0,1,2852,4965,2891,42),(5178,1,0,16.5,1,2852,4965,2893,42),(5179,1,0,14.5,1,2852,4965,2895,42),(5180,1,0,14.5,1,2852,4965,2897,42),(5181,1,0,9,1,2852,4965,2899,42),(5182,1,0,12.5,1,2852,4965,2901,42),(5183,1,0,18.5,1,2852,4965,2903,42),(5184,1,0,11.5,1,2852,4965,2905,42),(5185,1,0,11.5,1,2852,4965,2907,42),(5186,1,0,8,1,2852,4965,2909,42),(5187,1,0,6,1,2852,4965,2911,42),(5188,1,0,7.5,1,2852,4965,2913,42),(5189,1,0,9,1,2852,4965,2915,42),(5190,1,0,9.5,1,2852,4965,2917,42),(5191,1,0,8,1,2852,4965,2919,42),(5192,1,0,10.5,1,2852,4965,2921,42),(5193,1,0,18,1,2852,4965,2923,42),(5194,1,0,12,1,2852,4965,2560,42),(5195,1,0,4,1,2852,4965,2926,42),(5196,1,0,13,1,2852,4965,2928,42),(5197,1,0,17,1,2852,4965,2930,42),(5198,1,0,0,1,2852,4965,2932,42),(5199,1,0,12,1,2852,4965,2934,42),(5200,1,0,8.5,1,2852,4965,2936,42),(5201,1,0,0,1,2852,4965,2938,42),(5202,1,0,11,1,2852,4965,2940,42),(5203,1,0,18.5,1,2852,4965,2942,42),(5204,1,0,0,1,2852,4965,2855,43),(5205,1,0,19.5,1,2852,4965,2857,43),(5206,1,0,19.5,1,2852,4965,2859,43),(5207,1,0,19.5,1,2852,4965,2861,43),(5208,1,0,19.5,1,2852,4965,2863,43),(5209,1,0,12,1,2852,4965,2865,43),(5210,1,0,12,1,2852,4965,2867,43),(5211,1,0,12,1,2852,4965,2869,43),(5212,1,0,12,1,2852,4965,2871,43),(5213,1,0,15,1,2852,4965,2873,43),(5214,1,0,15,1,2852,4965,2875,43),(5215,1,0,15,1,2852,4965,2877,43),(5216,1,0,15,1,2852,4965,2879,43),(5217,1,0,18.5,1,2852,4965,2881,43),(5218,1,0,18.5,1,2852,4965,2883,43),(5219,1,0,18.5,1,2852,4965,2885,43),(5220,1,0,18.5,1,2852,4965,2887,43),(5221,1,0,18.5,1,2852,4965,2889,43),(5222,1,0,0,1,2852,4965,2891,43),(5223,1,0,18.5,1,2852,4965,2893,43),(5224,1,0,18.5,1,2852,4965,2895,43),(5225,1,0,18.5,1,2852,4965,2897,43),(5226,1,0,18.5,1,2852,4965,2899,43),(5227,1,0,18.5,1,2852,4965,2901,43),(5228,1,0,18.5,1,2852,4965,2903,43),(5229,1,0,18.5,1,2852,4965,2905,43),(5230,1,0,0,1,2852,4965,2907,43),(5231,1,0,0,1,2852,4965,2909,43),(5232,1,0,0,1,2852,4965,2911,43),(5233,1,0,0,1,2852,4965,2913,43),(5234,1,0,17.5,1,2852,4965,2915,43),(5235,1,0,17.5,1,2852,4965,2917,43),(5236,1,0,17.5,1,2852,4965,2919,43),(5237,1,0,17.5,1,2852,4965,2921,43),(5238,1,0,12,1,2852,4965,2923,43),(5239,1,0,12,1,2852,4965,2560,43),(5240,1,0,12,1,2852,4965,2926,43),(5241,1,0,12,1,2852,4965,2928,43),(5242,1,0,19,1,2852,4965,2930,43),(5243,1,0,0,1,2852,4965,2932,43),(5244,1,0,19,1,2852,4965,2934,43),(5245,1,0,19,1,2852,4965,2936,43),(5246,1,0,19,1,2852,4965,2938,43),(5247,1,0,19,1,2852,4965,2940,43),(5248,1,0,19,1,2852,4965,2942,43),(5249,1,0,0,1,2852,4965,2855,46),(5250,1,0,16,1,2852,4965,2857,46),(5251,1,0,6.75,1,2852,4965,2859,46),(5252,1,0,9.5,1,2852,4965,2861,46),(5253,1,0,14.5,1,2852,4965,2863,46),(5254,1,0,8.75,1,2852,4965,2865,46),(5255,1,0,9.75,1,2852,4965,2867,46),(5256,1,0,6,1,2852,4965,2869,46),(5257,1,0,6,1,2852,4965,2871,46),(5258,1,0,14,1,2852,4965,2873,46),(5259,1,0,8.5,1,2852,4965,2875,46),(5260,1,0,9,1,2852,4965,2877,46),(5261,1,0,11.75,1,2852,4965,2879,46),(5262,1,0,7,1,2852,4965,2881,46),(5263,1,0,0,1,2852,4965,2883,46),(5264,1,0,7,1,2852,4965,2885,46),(5265,1,0,14.75,1,2852,4965,2887,46),(5266,1,0,11.5,1,2852,4965,2889,46),(5267,1,0,0,1,2852,4965,2891,46),(5268,1,0,10.5,1,2852,4965,2893,46),(5269,1,0,8,1,2852,4965,2895,46),(5270,1,0,15,1,2852,4965,2897,46),(5271,1,0,7.5,1,2852,4965,2899,46),(5272,1,0,10.5,1,2852,4965,2901,46),(5273,1,0,16.5,1,2852,4965,2903,46),(5274,1,0,13,1,2852,4965,2905,46),(5275,1,0,11.75,1,2852,4965,2907,46),(5276,1,0,8,1,2852,4965,2909,46),(5277,1,0,3.75,1,2852,4965,2911,46),(5278,1,0,9,1,2852,4965,2913,46),(5279,1,0,9,1,2852,4965,2915,46),(5280,1,0,8.5,1,2852,4965,2917,46),(5281,1,0,4.75,1,2852,4965,2919,46),(5282,1,0,12,1,2852,4965,2921,46),(5283,1,0,12,1,2852,4965,2923,46),(5284,1,0,5.5,1,2852,4965,2560,46),(5285,1,0,0,1,2852,4965,2926,46),(5286,1,0,5,1,2852,4965,2928,46),(5287,1,0,17,1,2852,4965,2930,46),(5288,1,0,0,1,2852,4965,2932,46),(5289,1,0,6,1,2852,4965,2934,46),(5290,1,0,9,1,2852,4965,2936,46),(5291,1,0,7,1,2852,4965,2938,46),(5292,1,0,4.75,1,2852,4965,2940,46),(5293,1,0,8,1,2852,4965,2942,46),(5294,1,1,8,1,2852,4965,2869,46),(5295,1,1,10,1,2852,4965,2871,46),(5296,1,1,13.5,1,2852,4965,2907,46),(5297,1,1,10,1,2852,4965,2909,46),(5298,1,1,12.5,1,2852,4965,2911,46),(5299,1,1,9,1,2852,4965,2913,46),(5300,1,1,8.5,1,2852,4965,2919,46),(5301,1,1,10.5,1,2852,4965,2560,46),(5302,1,1,9,1,2852,4965,2926,46),(5303,1,1,11.5,1,2852,4965,2928,46),(5304,1,0,0,1,2852,4959,2855,42),(5305,1,0,16.5,1,2852,4959,2857,42),(5306,1,0,5.75,1,2852,4959,2859,42),(5307,1,0,8.75,1,2852,4959,2861,42),(5308,1,0,6.25,1,2852,4959,2863,42),(5309,1,0,10.5,1,2852,4959,2865,42),(5310,1,0,9,1,2852,4959,2867,42),(5311,1,0,4.5,1,2852,4959,2869,42),(5312,1,0,6.75,1,2852,4959,2871,42),(5313,1,0,7,1,2852,4959,2873,42),(5314,1,0,1.5,1,2852,4959,2875,42),(5315,1,0,11.25,1,2852,4959,2877,42),(5316,1,0,8.5,1,2852,4959,2879,42),(5317,1,0,8,1,2852,4959,2881,42),(5318,1,0,0,1,2852,4959,2883,42),(5319,1,0,15,1,2852,4959,2885,42),(5320,1,0,10,1,2852,4959,2887,42),(5321,1,0,6.5,1,2852,4959,2889,42),(5322,1,0,0,1,2852,4959,2891,42),(5323,1,0,11,1,2852,4959,2893,42),(5324,1,0,9.25,1,2852,4959,2895,42),(5325,1,0,12.25,1,2852,4959,2897,42),(5326,1,0,9,1,2852,4959,2899,42),(5327,1,0,11,1,2852,4959,2901,42),(5328,1,0,15,1,2852,4959,2903,42),(5329,1,0,15.5,1,2852,4959,2905,42),(5330,1,0,3.5,1,2852,4959,2907,42),(5331,1,0,2.5,1,2852,4959,2909,42),(5332,1,0,7.75,1,2852,4959,2911,42),(5333,1,0,10.75,1,2852,4959,2913,42),(5334,1,0,6.25,1,2852,4959,2915,42),(5335,1,0,10,1,2852,4959,2917,42),(5336,1,0,10.75,1,2852,4959,2919,42),(5337,1,0,15,1,2852,4959,2921,42),(5338,1,0,11.25,1,2852,4959,2923,42),(5339,1,0,5,1,2852,4959,2560,42),(5340,1,0,5.5,1,2852,4959,2926,42),(5341,1,0,10.5,1,2852,4959,2928,42),(5342,1,0,5.75,1,2852,4959,2930,42),(5343,1,0,0,1,2852,4959,2932,42),(5344,1,0,2.5,1,2852,4959,2934,42),(5345,1,0,8,1,2852,4959,2936,42),(5346,1,0,9.25,1,2852,4959,2938,42),(5347,1,0,10.25,1,2852,4959,2940,42),(5348,1,0,13,1,2852,4959,2942,42),(5349,1,0,0,1,2852,4959,2855,43),(5350,1,0,14,1,2852,4959,2857,43),(5351,1,0,14,1,2852,4959,2859,43),(5352,1,0,14,1,2852,4959,2861,43),(5353,1,0,14,1,2852,4959,2863,43),(5354,1,0,14,1,2852,4959,2865,43),(5355,1,0,14,1,2852,4959,2867,43),(5356,1,0,14,1,2852,4959,2869,43),(5357,1,0,14,1,2852,4959,2871,43),(5358,1,0,14,1,2852,4959,2873,43),(5359,1,0,14,1,2852,4959,2875,43),(5360,1,0,15.5,1,2852,4959,2877,43),(5361,1,0,15.5,1,2852,4959,2879,43),(5362,1,0,15.5,1,2852,4959,2881,43),(5363,1,0,0,1,2852,4959,2883,43),(5364,1,0,15.5,1,2852,4959,2885,43),(5365,1,0,15.5,1,2852,4959,2887,43),(5366,1,0,15.5,1,2852,4959,2889,43),(5367,1,0,0,1,2852,4959,2891,43),(5368,1,0,15.5,1,2852,4959,2893,43),(5369,1,0,15.5,1,2852,4959,2895,43),(5370,1,0,15.5,1,2852,4959,2897,43),(5371,1,0,13.5,1,2852,4959,2899,43),(5372,1,0,13.5,1,2852,4959,2901,43),(5373,1,0,13.5,1,2852,4959,2903,43),(5374,1,0,13.5,1,2852,4959,2905,43),(5375,1,0,15.5,1,2852,4959,2907,43),(5376,1,0,13.5,1,2852,4959,2909,43),(5377,1,0,13.5,1,2852,4959,2911,43),(5378,1,0,13.5,1,2852,4959,2913,43),(5379,1,0,13.5,1,2852,4959,2915,43),(5380,1,0,13.5,1,2852,4959,2917,43),(5381,1,0,13.5,1,2852,4959,2919,43),(5382,1,0,15.25,1,2852,4959,2921,43),(5383,1,0,15.25,1,2852,4959,2923,43),(5384,1,0,15.25,1,2852,4959,2560,43),(5385,1,0,15.25,1,2852,4959,2926,43),(5386,1,0,15.25,1,2852,4959,2928,43),(5387,1,0,15.25,1,2852,4959,2930,43),(5388,1,0,0,1,2852,4959,2932,43),(5389,1,0,15.25,1,2852,4959,2934,43),(5390,1,0,15.25,1,2852,4959,2936,43),(5391,1,0,15.5,1,2852,4959,2938,43),(5392,1,0,15.5,1,2852,4959,2940,43),(5393,1,0,15.5,1,2852,4959,2942,43),(5394,1,0,0,1,2852,4959,2855,46),(5395,1,0,10,1,2852,4959,2857,46),(5396,1,0,6,1,2852,4959,2859,46),(5397,1,0,9.5,1,2852,4959,2861,46),(5398,1,0,10.5,1,2852,4959,2863,46),(5399,1,0,6.5,1,2852,4959,2865,46),(5400,1,0,10,1,2852,4959,2867,46),(5401,1,0,3,1,2852,4959,2869,46),(5402,1,0,6.25,1,2852,4959,2871,46),(5403,1,0,8,1,2852,4959,2873,46),(5404,1,0,3.5,1,2852,4959,2875,46),(5405,1,0,7.5,1,2852,4959,2877,46),(5406,1,0,6.25,1,2852,4959,2879,46),(5407,1,0,5.5,1,2852,4959,2881,46),(5408,1,0,0,1,2852,4959,2883,46),(5409,1,0,7,1,2852,4959,2885,46),(5410,1,0,9.25,1,2852,4959,2887,46),(5411,1,0,6,1,2852,4959,2889,46),(5412,1,0,0,1,2852,4959,2891,46),(5413,1,0,5.5,1,2852,4959,2893,46),(5414,1,0,11.5,1,2852,4959,2895,46),(5415,1,0,13.25,1,2852,4959,2897,46),(5416,1,0,4.75,1,2852,4959,2899,46),(5417,1,0,7,1,2852,4959,2901,46),(5418,1,0,9.25,1,2852,4959,2903,46),(5419,1,0,11.5,1,2852,4959,2905,46),(5420,1,0,0,1,2852,4959,2907,46),(5421,1,0,1,1,2852,4959,2909,46),(5422,1,0,7,1,2852,4959,2911,46),(5423,1,0,7.25,1,2852,4959,2913,46),(5424,1,0,6,1,2852,4959,2915,46),(5425,1,0,6,1,2852,4959,2917,46),(5426,1,0,8.25,1,2852,4959,2919,46),(5427,1,0,12,1,2852,4959,2921,46),(5428,1,0,10.5,1,2852,4959,2923,46),(5429,1,0,7,1,2852,4959,2560,46),(5430,1,0,7,1,2852,4959,2926,46),(5431,1,0,7,1,2852,4959,2928,46),(5432,1,0,10.5,1,2852,4959,2930,46),(5433,1,0,0,1,2852,4959,2932,46),(5434,1,0,6.75,1,2852,4959,2934,46),(5435,1,0,5,1,2852,4959,2936,46),(5436,1,0,0,1,2852,4959,2938,46),(5437,1,0,9.25,1,2852,4959,2940,46),(5438,1,0,6.5,1,2852,4959,2942,46),(5439,1,1,5,1,2852,4959,2859,46),(5440,1,1,3,1,2852,4959,2869,46),(5441,1,1,13.75,1,2852,4959,2873,46),(5442,1,1,10,1,2852,4959,2879,46),(5443,1,1,5,1,2852,4959,2881,46),(5444,1,1,11.75,1,2852,4959,2889,46),(5445,1,1,12.75,1,2852,4959,2893,46),(5446,1,1,5.5,1,2852,4959,2899,46),(5447,1,1,1.5,1,2852,4959,2909,46),(5448,1,1,11.5,1,2852,4959,2911,46),(5449,1,1,11.25,1,2852,4959,2913,46),(5450,1,1,14,1,2852,4959,2915,46),(5451,1,1,8,1,2852,4959,2560,46),(5452,1,1,6.75,1,2852,4959,2928,46),(5453,1,1,8.5,1,2852,4959,2934,46),(5454,1,1,5,1,2852,4959,2936,46),(5455,1,1,10,1,2852,4959,2938,46),(5456,1,0,0,1,2852,4962,2855,42),(5457,1,0,20,1,2852,4962,2857,42),(5458,1,0,11.5,1,2852,4962,2859,42),(5459,1,0,6,1,2852,4962,2861,42),(5460,1,0,6,1,2852,4962,2863,42),(5461,1,0,6,1,2852,4962,2865,42),(5462,1,0,6,1,2852,4962,2867,42),(5463,1,0,12,1,2852,4962,2869,42),(5464,1,0,12,1,2852,4962,2871,42),(5465,1,0,6,1,2852,4962,2873,42),(5466,1,0,8,1,2852,4962,2875,42),(5467,1,0,20,1,2852,4962,2877,42),(5468,1,0,6,1,2852,4962,2879,42),(5469,1,0,11.5,1,2852,4962,2881,42),(5470,1,0,20,1,2852,4962,2883,42),(5471,1,0,20,1,2852,4962,2885,42),(5472,1,0,20,1,2852,4962,2887,42),(5473,1,0,7,1,2852,4962,2889,42),(5474,1,0,0,1,2852,4962,2891,42),(5475,1,0,20,1,2852,4962,2893,42),(5476,1,0,12,1,2852,4962,2895,42),(5477,1,0,12,1,2852,4962,2897,42),(5478,1,0,20,1,2852,4962,2899,42),(5479,1,0,12,1,2852,4962,2901,42),(5480,1,0,20,1,2852,4962,2903,42),(5481,1,0,20,1,2852,4962,2905,42),(5482,1,0,20,1,2852,4962,2907,42),(5483,1,0,12,1,2852,4962,2909,42),(5484,1,0,6,1,2852,4962,2911,42),(5485,1,0,16,1,2852,4962,2913,42),(5486,1,0,12,1,2852,4962,2915,42),(5487,1,0,12,1,2852,4962,2917,42),(5488,1,0,20,1,2852,4962,2919,42),(5489,1,0,15,1,2852,4962,2921,42),(5490,1,0,7,1,2852,4962,2923,42),(5491,1,0,0,1,2852,4962,2560,42),(5492,1,0,6,1,2852,4962,2926,42),(5493,1,0,12,1,2852,4962,2928,42),(5494,1,0,8,1,2852,4962,2930,42),(5495,1,0,0,1,2852,4962,2932,42),(5496,1,0,11.5,1,2852,4962,2934,42),(5497,1,0,20,1,2852,4962,2936,42),(5498,1,0,15,1,2852,4962,2938,42),(5499,1,0,10,1,2852,4962,2940,42),(5500,1,0,11.5,1,2852,4962,2942,42),(5501,1,0,0,1,2852,4962,2855,43),(5502,1,0,13,1,2852,4962,2857,43),(5503,1,0,13,1,2852,4962,2859,43),(5504,1,0,13,1,2852,4962,2861,43),(5505,1,0,12,1,2852,4962,2863,43),(5506,1,0,12,1,2852,4962,2865,43),(5507,1,0,13,1,2852,4962,2867,43),(5508,1,0,13,1,2852,4962,2869,43),(5509,1,0,13,1,2852,4962,2871,43),(5510,1,0,13,1,2852,4962,2873,43),(5511,1,0,14,1,2852,4962,2875,43),(5512,1,0,14,1,2852,4962,2877,43),(5513,1,0,14,1,2852,4962,2879,43),(5514,1,0,13,1,2852,4962,2881,43),(5515,1,0,13,1,2852,4962,2883,43),(5516,1,0,13,1,2852,4962,2885,43),(5517,1,0,17,1,2852,4962,2887,43),(5518,1,0,17,1,2852,4962,2889,43),(5519,1,0,0,1,2852,4962,2891,43),(5520,1,0,17,1,2852,4962,2893,43),(5521,1,0,13,1,2852,4962,2895,43),(5522,1,0,13,1,2852,4962,2897,43),(5523,1,0,13,1,2852,4962,2899,43),(5524,1,0,12,1,2852,4962,2901,43),(5525,1,0,12,1,2852,4962,2903,43),(5526,1,0,12,1,2852,4962,2905,43),(5527,1,0,12,1,2852,4962,2907,43),(5528,1,0,12,1,2852,4962,2909,43),(5529,1,0,12,1,2852,4962,2911,43),(5530,1,0,12,1,2852,4962,2913,43),(5531,1,0,12,1,2852,4962,2915,43),(5532,1,0,12,1,2852,4962,2917,43),(5533,1,0,12,1,2852,4962,2919,43),(5534,1,0,10,1,2852,4962,2921,43),(5535,1,0,10,1,2852,4962,2923,43),(5536,1,0,10,1,2852,4962,2560,43),(5537,1,0,16,1,2852,4962,2926,43),(5538,1,0,16,1,2852,4962,2928,43),(5539,1,0,16,1,2852,4962,2930,43),(5540,1,0,0,1,2852,4962,2932,43),(5541,1,0,12,1,2852,4962,2934,43),(5542,1,0,12,1,2852,4962,2936,43),(5543,1,0,12,1,2852,4962,2938,43),(5544,1,0,12,1,2852,4962,2940,43),(5545,1,0,12,1,2852,4962,2942,43),(5546,1,0,0,1,2852,4962,2855,46),(5547,1,0,8,1,2852,4962,2857,46),(5548,1,0,11,1,2852,4962,2859,46),(5549,1,0,10,1,2852,4962,2861,46),(5550,1,0,10,1,2852,4962,2863,46),(5551,1,0,5,1,2852,4962,2865,46),(5552,1,0,9,1,2852,4962,2867,46),(5553,1,0,5,1,2852,4962,2869,46),(5554,1,0,8,1,2852,4962,2871,46),(5555,1,0,14,1,2852,4962,2873,46),(5556,1,0,11,1,2852,4962,2875,46),(5557,1,0,7,1,2852,4962,2877,46),(5558,1,0,6,1,2852,4962,2879,46),(5559,1,0,12,1,2852,4962,2881,46),(5560,1,0,6,1,2852,4962,2883,46),(5561,1,0,6,1,2852,4962,2885,46),(5562,1,0,13,1,2852,4962,2887,46),(5563,1,0,13,1,2852,4962,2889,46),(5564,1,0,0,1,2852,4962,2891,46),(5565,1,0,14,1,2852,4962,2893,46),(5566,1,0,10,1,2852,4962,2895,46),(5567,1,0,7,1,2852,4962,2897,46),(5568,1,0,0,1,2852,4962,2899,46),(5569,1,0,13,1,2852,4962,2901,46),(5570,1,0,13,1,2852,4962,2903,46),(5571,1,0,14,1,2852,4962,2905,46),(5572,1,0,15,1,2852,4962,2907,46),(5573,1,0,13,1,2852,4962,2909,46),(5574,1,0,6,1,2852,4962,2911,46),(5575,1,0,10,1,2852,4962,2913,46),(5576,1,0,8,1,2852,4962,2915,46),(5577,1,0,11,1,2852,4962,2917,46),(5578,1,0,8,1,2852,4962,2919,46),(5579,1,0,13,1,2852,4962,2921,46),(5580,1,0,12,1,2852,4962,2923,46),(5581,1,0,13.5,1,2852,4962,2560,46),(5582,1,0,6,1,2852,4962,2926,46),(5583,1,0,7,1,2852,4962,2928,46),(5584,1,0,8,1,2852,4962,2930,46),(5585,1,0,0,1,2852,4962,2932,46),(5586,1,0,10,1,2852,4962,2934,46),(5587,1,0,12,1,2852,4962,2936,46),(5588,1,0,6,1,2852,4962,2938,46),(5589,1,0,16,1,2852,4962,2940,46),(5590,1,0,14,1,2852,4962,2942,46),(5591,1,1,16,1,2852,4962,2861,46),(5592,1,1,8,1,2852,4962,2865,46),(5593,1,1,11.25,1,2852,4962,2867,46),(5594,1,1,7.75,1,2852,4962,2869,46),(5595,1,1,17,1,2852,4962,2879,46),(5596,1,1,12,1,2852,4962,2897,46),(5597,1,1,11,1,2852,4962,2899,46),(5598,1,1,11.75,1,2852,4962,2911,46),(5599,1,1,10,1,2852,4962,2926,46),(5600,1,1,17,1,2852,4962,2930,46),(5601,1,0,0,1,2852,4969,2855,42),(5602,1,0,15.5,1,2852,4969,2857,42),(5603,1,0,15,1,2852,4969,2859,42),(5604,1,0,15,1,2852,4969,2861,42),(5605,1,0,18,1,2852,4969,2863,42),(5606,1,0,13,1,2852,4969,2865,42),(5607,1,0,15,1,2852,4969,2867,42),(5608,1,0,15.5,1,2852,4969,2869,42),(5609,1,0,17.5,1,2852,4969,2871,42),(5610,1,0,15,1,2852,4969,2873,42),(5611,1,0,14.5,1,2852,4969,2875,42),(5612,1,0,13,1,2852,4969,2877,42),(5613,1,0,15,1,2852,4969,2879,42),(5614,1,0,15,1,2852,4969,2881,42),(5615,1,0,12.5,1,2852,4969,2883,42),(5616,1,0,14,1,2852,4969,2885,42),(5617,1,0,15,1,2852,4969,2887,42),(5618,1,0,15,1,2852,4969,2889,42),(5619,1,0,0,1,2852,4969,2891,42),(5620,1,0,11.5,1,2852,4969,2893,42),(5621,1,0,14,1,2852,4969,2895,42),(5622,1,0,16.5,1,2852,4969,2897,42),(5623,1,0,14,1,2852,4969,2899,42),(5624,1,0,15,1,2852,4969,2901,42),(5625,1,0,16.5,1,2852,4969,2903,42),(5626,1,0,15,1,2852,4969,2905,42),(5627,1,0,16,1,2852,4969,2907,42),(5628,1,0,15,1,2852,4969,2909,42),(5629,1,0,14,1,2852,4969,2911,42),(5630,1,0,13.5,1,2852,4969,2913,42),(5631,1,0,12,1,2852,4969,2915,42),(5632,1,0,15,1,2852,4969,2917,42),(5633,1,0,14,1,2852,4969,2919,42),(5634,1,0,14.5,1,2852,4969,2921,42),(5635,1,0,14,1,2852,4969,2923,42),(5636,1,0,12.5,1,2852,4969,2560,42),(5637,1,0,12.5,1,2852,4969,2926,42),(5638,1,0,13,1,2852,4969,2928,42),(5639,1,0,11,1,2852,4969,2930,42),(5640,1,0,0,1,2852,4969,2932,42),(5641,1,0,13,1,2852,4969,2934,42),(5642,1,0,14.5,1,2852,4969,2936,42),(5643,1,0,13,1,2852,4969,2938,42),(5644,1,0,13.5,1,2852,4969,2940,42),(5645,1,0,11,1,2852,4969,2942,42),(5646,1,0,0,1,2852,4969,2855,43),(5647,1,0,13,1,2852,4969,2857,43),(5648,1,0,13.5,1,2852,4969,2859,43),(5649,1,0,16,1,2852,4969,2861,43),(5650,1,0,14,1,2852,4969,2863,43),(5651,1,0,16,1,2852,4969,2865,43),(5652,1,0,14,1,2852,4969,2867,43),(5653,1,0,15,1,2852,4969,2869,43),(5654,1,0,13.5,1,2852,4969,2871,43),(5655,1,0,16,1,2852,4969,2873,43),(5656,1,0,12,1,2852,4969,2875,43),(5657,1,0,13,1,2852,4969,2877,43),(5658,1,0,15,1,2852,4969,2879,43),(5659,1,0,15,1,2852,4969,2881,43),(5660,1,0,14.5,1,2852,4969,2883,43),(5661,1,0,13,1,2852,4969,2885,43),(5662,1,0,14,1,2852,4969,2887,43),(5663,1,0,13,1,2852,4969,2889,43),(5664,1,0,0,1,2852,4969,2891,43),(5665,1,0,11.5,1,2852,4969,2893,43),(5666,1,0,12,1,2852,4969,2895,43),(5667,1,0,11,1,2852,4969,2897,43),(5668,1,0,12,1,2852,4969,2899,43),(5669,1,0,12.5,1,2852,4969,2901,43),(5670,1,0,11,1,2852,4969,2903,43),(5671,1,0,11.5,1,2852,4969,2905,43),(5672,1,0,10,1,2852,4969,2907,43),(5673,1,0,13,1,2852,4969,2909,43),(5674,1,0,15,1,2852,4969,2911,43),(5675,1,0,11.5,1,2852,4969,2913,43),(5676,1,0,13,1,2852,4969,2915,43),(5677,1,0,14,1,2852,4969,2917,43),(5678,1,0,16,1,2852,4969,2919,43),(5679,1,0,13,1,2852,4969,2921,43),(5680,1,0,14,1,2852,4969,2923,43),(5681,1,0,12.5,1,2852,4969,2560,43),(5682,1,0,15,1,2852,4969,2926,43),(5683,1,0,14,1,2852,4969,2928,43),(5684,1,0,12,1,2852,4969,2930,43),(5685,1,0,0,1,2852,4969,2932,43),(5686,1,0,12,1,2852,4969,2934,43),(5687,1,0,13.5,1,2852,4969,2936,43),(5688,1,0,11,1,2852,4969,2938,43),(5689,1,0,15.5,1,2852,4969,2940,43),(5690,1,0,14,1,2852,4969,2942,43),(5691,1,0,0,1,2852,4969,2855,46),(5692,1,0,10.5,1,2852,4969,2857,46),(5693,1,0,9,1,2852,4969,2859,46),(5694,1,0,7,1,2852,4969,2861,46),(5695,1,0,9,1,2852,4969,2863,46),(5696,1,0,7,1,2852,4969,2865,46),(5697,1,0,8,1,2852,4969,2867,46),(5698,1,0,9,1,2852,4969,2869,46),(5699,1,0,14.5,1,2852,4969,2871,46),(5700,1,0,11.5,1,2852,4969,2873,46),(5701,1,0,10.5,1,2852,4969,2875,46),(5702,1,0,4.5,1,2852,4969,2877,46),(5703,1,0,9.5,1,2852,4969,2879,46),(5704,1,0,10.5,1,2852,4969,2881,46),(5705,1,0,3.5,1,2852,4969,2883,46),(5706,1,0,9.5,1,2852,4969,2885,46),(5707,1,0,7.5,1,2852,4969,2887,46),(5708,1,0,5,1,2852,4969,2889,46),(5709,1,0,0,1,2852,4969,2891,46),(5710,1,0,9,1,2852,4969,2893,46),(5711,1,0,8,1,2852,4969,2895,46),(5712,1,0,6,1,2852,4969,2897,46),(5713,1,0,8,1,2852,4969,2899,46),(5714,1,0,8.5,1,2852,4969,2901,46),(5715,1,0,10.5,1,2852,4969,2903,46),(5716,1,0,7,1,2852,4969,2905,46),(5717,1,0,5.5,1,2852,4969,2907,46),(5718,1,0,2.5,1,2852,4969,2909,46),(5719,1,0,4,1,2852,4969,2911,46),(5720,1,0,4,1,2852,4969,2913,46),(5721,1,0,5,1,2852,4969,2915,46),(5722,1,0,5.5,1,2852,4969,2917,46),(5723,1,0,8,1,2852,4969,2919,46),(5724,1,0,11,1,2852,4969,2921,46),(5725,1,0,6.5,1,2852,4969,2923,46),(5726,1,0,8,1,2852,4969,2560,46),(5727,1,0,8,1,2852,4969,2926,46),(5728,1,0,12,1,2852,4969,2928,46),(5729,1,0,8.5,1,2852,4969,2930,46),(5730,1,0,0,1,2852,4969,2932,46),(5731,1,0,6.5,1,2852,4969,2934,46),(5732,1,0,10.5,1,2852,4969,2936,46),(5733,1,0,6,1,2852,4969,2938,46),(5734,1,0,4.5,1,2852,4969,2940,46),(5735,1,0,7,1,2852,4969,2942,46),(5736,1,1,10.5,1,2852,4969,2883,46),(5737,1,1,10,1,2852,4969,2889,46),(5738,1,1,12.5,1,2852,4969,2909,46),(5739,1,1,13.5,1,2852,4969,2915,46),(5740,1,0,0,1,2852,4968,2855,42),(5741,1,0,9,1,2852,4968,2857,42),(5742,1,0,6.5,1,2852,4968,2859,42),(5743,1,0,5.25,1,2852,4968,2861,42),(5744,1,0,12.25,1,2852,4968,2863,42),(5745,1,0,5.5,1,2852,4968,2865,42),(5746,1,0,17.75,1,2852,4968,2867,42),(5747,1,0,1,1,2852,4968,2869,42),(5748,1,0,11.5,1,2852,4968,2871,42),(5749,1,0,9.25,1,2852,4968,2873,42),(5750,1,0,1.5,1,2852,4968,2875,42),(5751,1,0,11.25,1,2852,4968,2877,42),(5752,1,0,9.25,1,2852,4968,2879,42),(5753,1,0,11.25,1,2852,4968,2881,42),(5754,1,0,2.25,1,2852,4968,2883,42),(5755,1,0,1.5,1,2852,4968,2885,42),(5756,1,0,7.25,1,2852,4968,2887,42),(5757,1,0,4,1,2852,4968,2889,42),(5758,1,0,0,1,2852,4968,2891,42),(5759,1,0,16,1,2852,4968,2893,42),(5760,1,0,9.75,1,2852,4968,2895,42),(5761,1,0,12.5,1,2852,4968,2897,42),(5762,1,0,7.5,1,2852,4968,2899,42),(5763,1,0,4.75,1,2852,4968,2901,42),(5764,1,0,13.5,1,2852,4968,2903,42),(5765,1,0,13.75,1,2852,4968,2905,42),(5766,1,0,4.75,1,2852,4968,2907,42),(5767,1,0,0.5,1,2852,4968,2909,42),(5768,1,0,7.75,1,2852,4968,2911,42),(5769,1,0,11.75,1,2852,4968,2913,42),(5770,1,0,3.25,1,2852,4968,2915,42),(5771,1,0,18,1,2852,4968,2917,42),(5772,1,0,16,1,2852,4968,2919,42),(5773,1,0,13.25,1,2852,4968,2921,42),(5774,1,0,18,1,2852,4968,2923,42),(5775,1,0,1.5,1,2852,4968,2560,42),(5776,1,0,2.5,1,2852,4968,2926,42),(5777,1,0,4.25,1,2852,4968,2928,42),(5778,1,0,12,1,2852,4968,2930,42),(5779,1,0,0,1,2852,4968,2932,42),(5780,1,0,1,1,2852,4968,2934,42),(5781,1,0,6,1,2852,4968,2936,42),(5782,1,0,4.5,1,2852,4968,2938,42),(5783,1,0,10.75,1,2852,4968,2940,42),(5784,1,0,16,1,2852,4968,2942,42),(5785,1,0,0,1,2852,4968,2855,43),(5786,1,0,14,1,2852,4968,2857,43),(5787,1,0,13,1,2852,4968,2859,43),(5788,1,0,12,1,2852,4968,2861,43),(5789,1,0,14,1,2852,4968,2863,43),(5790,1,0,14,1,2852,4968,2865,43),(5791,1,0,14,1,2852,4968,2867,43),(5792,1,0,14,1,2852,4968,2869,43),(5793,1,0,14,1,2852,4968,2871,43),(5794,1,0,15,1,2852,4968,2873,43),(5795,1,0,14,1,2852,4968,2875,43),(5796,1,0,14,1,2852,4968,2877,43),(5797,1,0,14,1,2852,4968,2879,43),(5798,1,0,14,1,2852,4968,2881,43),(5799,1,0,12,1,2852,4968,2883,43),(5800,1,0,14,1,2852,4968,2885,43),(5801,1,0,14,1,2852,4968,2887,43),(5802,1,0,13,1,2852,4968,2889,43),(5803,1,0,0,1,2852,4968,2891,43),(5804,1,0,14,1,2852,4968,2893,43),(5805,1,0,14,1,2852,4968,2895,43),(5806,1,0,14,1,2852,4968,2897,43),(5807,1,0,14,1,2852,4968,2899,43),(5808,1,0,14,1,2852,4968,2901,43),(5809,1,0,14,1,2852,4968,2903,43),(5810,1,0,14,1,2852,4968,2905,43),(5811,1,0,14,1,2852,4968,2907,43),(5812,1,0,13,1,2852,4968,2909,43),(5813,1,0,13,1,2852,4968,2911,43),(5814,1,0,14,1,2852,4968,2913,43),(5815,1,0,13,1,2852,4968,2915,43),(5816,1,0,17,1,2852,4968,2917,43),(5817,1,0,12,1,2852,4968,2919,43),(5818,1,0,12,1,2852,4968,2921,43),(5819,1,0,15,1,2852,4968,2923,43),(5820,1,0,13,1,2852,4968,2560,43),(5821,1,0,14,1,2852,4968,2926,43),(5822,1,0,14,1,2852,4968,2928,43),(5823,1,0,14,1,2852,4968,2930,43),(5824,1,0,0,1,2852,4968,2932,43),(5825,1,0,14,1,2852,4968,2934,43),(5826,1,0,14,1,2852,4968,2936,43),(5827,1,0,12,1,2852,4968,2938,43),(5828,1,0,14,1,2852,4968,2940,43),(5829,1,0,14,1,2852,4968,2942,43),(5830,1,0,0,1,2852,4968,2855,46),(5831,1,0,7,1,2852,4968,2857,46),(5832,1,0,5,1,2852,4968,2859,46),(5833,1,0,2.5,1,2852,4968,2861,46),(5834,1,0,12,1,2852,4968,2863,46),(5835,1,0,4.5,1,2852,4968,2865,46),(5836,1,0,8.5,1,2852,4968,2867,46),(5837,1,0,0,1,2852,4968,2869,46),(5838,1,0,6,1,2852,4968,2871,46),(5839,1,0,14,1,2852,4968,2873,46),(5840,1,0,1,1,2852,4968,2875,46),(5841,1,0,2.5,1,2852,4968,2877,46),(5842,1,0,11,1,2852,4968,2879,46),(5843,1,0,6,1,2852,4968,2881,46),(5844,1,0,0,1,2852,4968,2883,46),(5845,1,0,2,1,2852,4968,2885,46),(5846,1,0,7,1,2852,4968,2887,46),(5847,1,0,12,1,2852,4968,2889,46),(5848,1,0,0,1,2852,4968,2891,46),(5849,1,0,14,1,2852,4968,2893,46),(5850,1,0,15,1,2852,4968,2895,46),(5851,1,0,14,1,2852,4968,2897,46),(5852,1,0,15,1,2852,4968,2899,46),(5853,1,0,5,1,2852,4968,2901,46),(5854,1,0,17,1,2852,4968,2903,46),(5855,1,0,16,1,2852,4968,2905,46),(5856,1,0,2,1,2852,4968,2907,46),(5857,1,0,0,1,2852,4968,2909,46),(5858,1,0,1.5,1,2852,4968,2911,46),(5859,1,0,13,1,2852,4968,2913,46),(5860,1,0,8,1,2852,4968,2915,46),(5861,1,0,14,1,2852,4968,2917,46),(5862,1,0,7,1,2852,4968,2919,46),(5863,1,0,11,1,2852,4968,2921,46),(5864,1,0,16,1,2852,4968,2923,46),(5865,1,0,1.5,1,2852,4968,2560,46),(5866,1,0,0,1,2852,4968,2926,46),(5867,1,0,0,1,2852,4968,2928,46),(5868,1,0,5,1,2852,4968,2930,46),(5869,1,0,0,1,2852,4968,2932,46),(5870,1,0,1.5,1,2852,4968,2934,46),(5871,1,0,0.5,1,2852,4968,2936,46),(5872,1,0,0,1,2852,4968,2938,46),(5873,1,0,6,1,2852,4968,2940,46),(5874,1,0,15,1,2852,4968,2942,46),(5875,1,1,10.5,1,2852,4968,2857,46),(5876,1,1,4,1,2852,4968,2859,46),(5877,1,1,13,1,2852,4968,2861,46),(5878,1,1,11.25,1,2852,4968,2865,46),(5879,1,1,7.5,1,2852,4968,2871,46),(5880,1,1,10,1,2852,4968,2877,46),(5881,1,1,11,1,2852,4968,2881,46),(5882,1,1,10,1,2852,4968,2885,46),(5883,1,1,16.5,1,2852,4968,2887,46),(5884,1,1,13,1,2852,4968,2889,46),(5885,1,1,12.5,1,2852,4968,2901,46),(5886,1,1,1,1,2852,4968,2909,46),(5887,1,1,11.5,1,2852,4968,2911,46),(5888,1,1,8,1,2852,4968,2915,46),(5889,1,1,13,1,2852,4968,2926,46),(5890,1,1,12,1,2852,4968,2928,46),(5891,1,1,16,1,2852,4968,2930,46),(5892,1,1,5.5,1,2852,4968,2934,46),(5893,1,1,4.5,1,2852,4968,2936,46),(5894,1,1,13.5,1,2852,4968,2940,46),(5895,1,0,0,1,2852,4966,2855,42),(5896,1,0,13.75,1,2852,4966,2857,42),(5897,1,0,6.25,1,2852,4966,2859,42),(5898,1,0,14.5,1,2852,4966,2861,42),(5899,1,0,11,1,2852,4966,2863,42),(5900,1,0,6.5,1,2852,4966,2865,42),(5901,1,0,10.5,1,2852,4966,2867,42),(5902,1,0,4,1,2852,4966,2869,42),(5903,1,0,7.75,1,2852,4966,2871,42),(5904,1,0,13.75,1,2852,4966,2873,42),(5905,1,0,12.75,1,2852,4966,2875,42),(5906,1,0,15.25,1,2852,4966,2877,42),(5907,1,0,13.5,1,2852,4966,2879,42),(5908,1,0,7.75,1,2852,4966,2881,42),(5909,1,0,0,1,2852,4966,2883,42),(5910,1,0,15.5,1,2852,4966,2885,42),(5911,1,0,16.25,1,2852,4966,2887,42),(5912,1,0,13.25,1,2852,4966,2889,42),(5913,1,0,0,1,2852,4966,2891,42),(5914,1,0,11.5,1,2852,4966,2893,42),(5915,1,0,19.75,1,2852,4966,2895,42),(5916,1,0,13,1,2852,4966,2897,42),(5917,1,0,10.5,1,2852,4966,2899,42),(5918,1,0,10,1,2852,4966,2901,42),(5919,1,0,16,1,2852,4966,2903,42),(5920,1,0,17,1,2852,4966,2905,42),(5921,1,0,14.75,1,2852,4966,2907,42),(5922,1,0,12,1,2852,4966,2909,42),(5923,1,0,13.5,1,2852,4966,2911,42),(5924,1,0,6.75,1,2852,4966,2913,42),(5925,1,0,8.5,1,2852,4966,2915,42),(5926,1,0,8.25,1,2852,4966,2917,42),(5927,1,0,5.25,1,2852,4966,2919,42),(5928,1,0,14,1,2852,4966,2921,42),(5929,1,0,12.5,1,2852,4966,2923,42),(5930,1,0,8.25,1,2852,4966,2560,42),(5931,1,0,9,1,2852,4966,2926,42),(5932,1,0,11.75,1,2852,4966,2928,42),(5933,1,0,13.25,1,2852,4966,2930,42),(5934,1,0,0,1,2852,4966,2932,42),(5935,1,0,11,1,2852,4966,2934,42),(5936,1,0,15.25,1,2852,4966,2936,42),(5937,1,0,10.75,1,2852,4966,2938,42),(5938,1,0,11,1,2852,4966,2940,42),(5939,1,0,9.5,1,2852,4966,2942,42),(5940,1,0,0,1,2852,4966,2855,43),(5941,1,0,0,1,2852,4966,2857,43),(5942,1,0,11.25,1,2852,4966,2859,43),(5943,1,0,10,1,2852,4966,2861,43),(5944,1,0,10,1,2852,4966,2863,43),(5945,1,0,10,1,2852,4966,2865,43),(5946,1,0,10,1,2852,4966,2867,43),(5947,1,0,16.25,1,2852,4966,2869,43),(5948,1,0,17.5,1,2852,4966,2871,43),(5949,1,0,18.75,1,2852,4966,2873,43),(5950,1,0,16.25,1,2852,4966,2875,43),(5951,1,0,16.25,1,2852,4966,2877,43),(5952,1,0,10,1,2852,4966,2879,43),(5953,1,0,11.25,1,2852,4966,2881,43),(5954,1,0,0,1,2852,4966,2883,43),(5955,1,0,16.25,1,2852,4966,2885,43),(5956,1,0,18.75,1,2852,4966,2887,43),(5957,1,0,10,1,2852,4966,2889,43),(5958,1,0,0,1,2852,4966,2891,43),(5959,1,0,13.75,1,2852,4966,2893,43),(5960,1,0,17.5,1,2852,4966,2895,43),(5961,1,0,11.25,1,2852,4966,2897,43),(5962,1,0,10,1,2852,4966,2899,43),(5963,1,0,10,1,2852,4966,2901,43),(5964,1,0,10,1,2852,4966,2903,43),(5965,1,0,18.75,1,2852,4966,2905,43),(5966,1,0,10,1,2852,4966,2907,43),(5967,1,0,13.75,1,2852,4966,2909,43),(5968,1,0,13.75,1,2852,4966,2911,43),(5969,1,0,17.5,1,2852,4966,2913,43),(5970,1,0,11.25,1,2852,4966,2915,43),(5971,1,0,10,1,2852,4966,2917,43),(5972,1,0,10,1,2852,4966,2919,43),(5973,1,0,10,1,2852,4966,2921,43),(5974,1,0,18.75,1,2852,4966,2923,43),(5975,1,0,13.75,1,2852,4966,2560,43),(5976,1,0,0,1,2852,4966,2926,43),(5977,1,0,0,1,2852,4966,2928,43),(5978,1,0,10,1,2852,4966,2930,43),(5979,1,0,0,1,2852,4966,2932,43),(5980,1,0,10,1,2852,4966,2934,43),(5981,1,0,10,1,2852,4966,2936,43),(5982,1,0,0,1,2852,4966,2938,43),(5983,1,0,0,1,2852,4966,2940,43),(5984,1,0,0,1,2852,4966,2942,43),(5985,1,0,0,1,2852,4966,2855,45),(5986,1,0,16.5,1,2852,4966,2857,45),(5987,1,0,14,1,2852,4966,2859,45),(5988,1,0,0,1,2852,4966,2861,45),(5989,1,0,11,1,2852,4966,2863,45),(5990,1,0,13,1,2852,4966,2865,45),(5991,1,0,12,1,2852,4966,2867,45),(5992,1,0,14.5,1,2852,4966,2869,45),(5993,1,0,13,1,2852,4966,2871,45),(5994,1,0,0,1,2852,4966,2873,45),(5995,1,0,13,1,2852,4966,2875,45),(5996,1,0,13,1,2852,4966,2877,45),(5997,1,0,13.5,1,2852,4966,2879,45),(5998,1,0,13,1,2852,4966,2881,45),(5999,1,0,0,1,2852,4966,2883,45),(6000,1,0,14,1,2852,4966,2885,45),(6001,1,0,15.75,1,2852,4966,2887,45),(6002,1,0,12.5,1,2852,4966,2889,45),(6003,1,0,0,1,2852,4966,2891,45),(6004,1,0,12,1,2852,4966,2893,45),(6005,1,0,17,1,2852,4966,2895,45),(6006,1,0,14.5,1,2852,4966,2897,45),(6007,1,0,13.5,1,2852,4966,2899,45),(6008,1,0,14,1,2852,4966,2901,45),(6009,1,0,14,1,2852,4966,2903,45),(6010,1,0,15,1,2852,4966,2905,45),(6011,1,0,0,1,2852,4966,2907,45),(6012,1,0,12,1,2852,4966,2909,45),(6013,1,0,13,1,2852,4966,2911,45),(6014,1,0,15,1,2852,4966,2913,45),(6015,1,0,0,1,2852,4966,2915,45),(6016,1,0,15,1,2852,4966,2917,45),(6017,1,0,14,1,2852,4966,2919,45),(6018,1,0,12.75,1,2852,4966,2921,45),(6019,1,0,12,1,2852,4966,2923,45),(6020,1,0,14,1,2852,4966,2560,45),(6021,1,0,11,1,2852,4966,2926,45),(6022,1,0,11.5,1,2852,4966,2928,45),(6023,1,0,0,1,2852,4966,2930,45),(6024,1,0,0,1,2852,4966,2932,45),(6025,1,0,15,1,2852,4966,2934,45),(6026,1,0,13.5,1,2852,4966,2936,45),(6027,1,0,13,1,2852,4966,2938,45),(6028,1,0,14.5,1,2852,4966,2940,45),(6029,1,0,13.5,1,2852,4966,2942,45),(6030,1,0,0,1,2852,4966,2855,46),(6031,1,0,8.5,1,2852,4966,2857,46),(6032,1,0,7.75,1,2852,4966,2859,46),(6033,1,0,14.25,1,2852,4966,2861,46),(6034,1,0,14.25,1,2852,4966,2863,46),(6035,1,0,8.5,1,2852,4966,2865,46),(6036,1,0,8.25,1,2852,4966,2867,46),(6037,1,0,7.75,1,2852,4966,2869,46),(6038,1,0,8,1,2852,4966,2871,46),(6039,1,0,13.5,1,2852,4966,2873,46),(6040,1,0,6.75,1,2852,4966,2875,46),(6041,1,0,11.25,1,2852,4966,2877,46),(6042,1,0,11.25,1,2852,4966,2879,46),(6043,1,0,10,1,2852,4966,2881,46),(6044,1,0,0,1,2852,4966,2883,46),(6045,1,0,9.75,1,2852,4966,2885,46),(6046,1,0,10.25,1,2852,4966,2887,46),(6047,1,0,12.5,1,2852,4966,2889,46),(6048,1,0,0,1,2852,4966,2891,46),(6049,1,0,9,1,2852,4966,2893,46),(6050,1,0,16,1,2852,4966,2895,46),(6051,1,0,9.75,1,2852,4966,2897,46),(6052,1,0,11.25,1,2852,4966,2899,46),(6053,1,0,10.75,1,2852,4966,2901,46),(6054,1,0,14.5,1,2852,4966,2903,46),(6055,1,0,18,1,2852,4966,2905,46),(6056,1,0,16.25,1,2852,4966,2907,46),(6057,1,0,9.75,1,2852,4966,2909,46),(6058,1,0,12.5,1,2852,4966,2911,46),(6059,1,0,10.25,1,2852,4966,2913,46),(6060,1,0,6.25,1,2852,4966,2915,46),(6061,1,0,7.25,1,2852,4966,2917,46),(6062,1,0,10.5,1,2852,4966,2919,46),(6063,1,0,14,1,2852,4966,2921,46),(6064,1,0,14,1,2852,4966,2923,46),(6065,1,0,3.25,1,2852,4966,2560,46),(6066,1,0,8.5,1,2852,4966,2926,46),(6067,1,0,10.75,1,2852,4966,2928,46),(6068,1,0,11.25,1,2852,4966,2930,46),(6069,1,0,0,1,2852,4966,2932,46),(6070,1,0,7.25,1,2852,4966,2934,46),(6071,1,0,15.25,1,2852,4966,2936,46),(6072,1,0,10.5,1,2852,4966,2938,46),(6073,1,0,10,1,2852,4966,2940,46),(6074,1,0,10.75,1,2852,4966,2942,46),(6075,1,1,15,1,2852,4966,2857,46),(6076,1,1,14.25,1,2852,4966,2859,46),(6077,1,1,7.5,1,2852,4966,2865,46),(6078,1,1,11.5,1,2852,4966,2867,46),(6079,1,1,4.75,1,2852,4966,2869,46),(6080,1,1,8.75,1,2852,4966,2871,46),(6081,1,1,12.25,1,2852,4966,2881,46),(6082,1,1,9.75,1,2852,4966,2915,46),(6083,1,1,15,1,2852,4966,2917,46),(6084,1,1,6.25,1,2852,4966,2560,46),(6085,1,1,12.25,1,2852,4966,2926,46),(6086,1,1,12.5,1,2852,4966,2928,46),(6087,1,1,11,1,2852,4966,2934,46),(6088,1,1,8.25,1,2852,4966,2938,46),(6089,1,1,12.25,1,2852,4966,2940,46),(6090,1,1,9.5,1,2852,4966,2942,46),(6094,1,0,0,1,2852,4964,2855,42),(6095,1,0,12.75,1,2852,4964,2857,42),(6096,1,0,10,1,2852,4964,2859,42),(6097,1,0,14,1,2852,4964,2861,42),(6098,1,0,11.25,1,2852,4964,2863,42),(6099,1,0,11,1,2852,4964,2865,42),(6100,1,0,12.5,1,2852,4964,2867,42),(6101,1,0,11,1,2852,4964,2869,42),(6102,1,0,11,1,2852,4964,2871,42),(6103,1,0,0,1,2852,4964,2873,42),(6104,1,0,12.75,1,2852,4964,2875,42),(6105,1,0,10,1,2852,4964,2877,42),(6106,1,0,13,1,2852,4964,2879,42),(6107,1,0,14,1,2852,4964,2881,42),(6108,1,0,10.5,1,2852,4964,2883,42),(6109,1,0,12,1,2852,4964,2885,42),(6110,1,0,15,1,2852,4964,2887,42),(6111,1,0,12,1,2852,4964,2889,42),(6112,1,0,0,1,2852,4964,2891,42),(6113,1,0,8,1,2852,4964,2893,42),(6114,1,0,15,1,2852,4964,2895,42),(6115,1,0,13,1,2852,4964,2897,42),(6116,1,0,13,1,2852,4964,2899,42),(6117,1,0,14.5,1,2852,4964,2901,42),(6118,1,0,9,1,2852,4964,2903,42),(6119,1,0,12,1,2852,4964,2905,42),(6120,1,0,0,1,2852,4964,2907,42),(6121,1,0,6.25,1,2852,4964,2909,42),(6122,1,0,10,1,2852,4964,2911,42),(6123,1,0,9.5,1,2852,4964,2913,42),(6124,1,0,12,1,2852,4964,2915,42),(6125,1,0,11.75,1,2852,4964,2917,42),(6126,1,0,12,1,2852,4964,2919,42),(6127,1,0,12.25,1,2852,4964,2921,42),(6128,1,0,14.5,1,2852,4964,2923,42),(6129,1,0,10.5,1,2852,4964,2560,42),(6130,1,0,10,1,2852,4964,2926,42),(6131,1,0,13,1,2852,4964,2928,42),(6132,1,0,12,1,2852,4964,2930,42),(6133,1,0,0,1,2852,4964,2932,42),(6134,1,0,14,1,2852,4964,2934,42),(6135,1,0,12,1,2852,4964,2936,42),(6136,1,0,10,1,2852,4964,2938,42),(6137,1,0,13.75,1,2852,4964,2940,42),(6138,1,0,13.75,1,2852,4964,2942,42),(6139,1,0,0,1,2852,4964,2855,43),(6140,1,0,12.75,1,2852,4964,2857,43),(6141,1,0,10,1,2852,4964,2859,43),(6142,1,0,14,1,2852,4964,2861,43),(6143,1,0,11.25,1,2852,4964,2863,43),(6144,1,0,11,1,2852,4964,2865,43),(6145,1,0,12.5,1,2852,4964,2867,43),(6146,1,0,11,1,2852,4964,2869,43),(6147,1,0,11,1,2852,4964,2871,43),(6148,1,0,0,1,2852,4964,2873,43),(6149,1,0,12.75,1,2852,4964,2875,43),(6150,1,0,10,1,2852,4964,2877,43),(6151,1,0,13,1,2852,4964,2879,43),(6152,1,0,14,1,2852,4964,2881,43),(6153,1,0,10.5,1,2852,4964,2883,43),(6154,1,0,12,1,2852,4964,2885,43),(6155,1,0,15,1,2852,4964,2887,43),(6156,1,0,12,1,2852,4964,2889,43),(6157,1,0,0,1,2852,4964,2891,43),(6158,1,0,8,1,2852,4964,2893,43),(6159,1,0,15,1,2852,4964,2895,43),(6160,1,0,13,1,2852,4964,2897,43),(6161,1,0,13,1,2852,4964,2899,43),(6162,1,0,14.5,1,2852,4964,2901,43),(6163,1,0,9,1,2852,4964,2903,43),(6164,1,0,12,1,2852,4964,2905,43),(6165,1,0,0,1,2852,4964,2907,43),(6166,1,0,12.75,1,2852,4964,2909,43),(6167,1,0,10,1,2852,4964,2911,43),(6168,1,0,9.5,1,2852,4964,2913,43),(6169,1,0,12,1,2852,4964,2915,43),(6170,1,0,11.75,1,2852,4964,2917,43),(6171,1,0,12,1,2852,4964,2919,43),(6172,1,0,12.25,1,2852,4964,2921,43),(6173,1,0,14.5,1,2852,4964,2923,43),(6174,1,0,10.5,1,2852,4964,2560,43),(6175,1,0,10,1,2852,4964,2926,43),(6176,1,0,13,1,2852,4964,2928,43),(6177,1,0,12,1,2852,4964,2930,43),(6178,1,0,0,1,2852,4964,2932,43),(6179,1,0,14,1,2852,4964,2934,43),(6180,1,0,12,1,2852,4964,2936,43),(6181,1,0,10,1,2852,4964,2938,43),(6182,1,0,13.75,1,2852,4964,2940,43),(6183,1,0,13.75,1,2852,4964,2942,43),(6184,1,0,0,1,2852,4964,2855,46),(6185,1,0,10,1,2852,4964,2857,46),(6186,1,0,5,1,2852,4964,2859,46),(6187,1,0,11,1,2852,4964,2861,46),(6188,1,0,8.25,1,2852,4964,2863,46),(6189,1,0,6,1,2852,4964,2865,46),(6190,1,0,10,1,2852,4964,2867,46),(6191,1,0,6,1,2852,4964,2869,46),(6192,1,0,6.75,1,2852,4964,2871,46),(6193,1,0,0,1,2852,4964,2873,46),(6194,1,0,9,1,2852,4964,2875,46),(6195,1,0,8.25,1,2852,4964,2877,46),(6196,1,0,10,1,2852,4964,2879,46),(6197,1,0,10.25,1,2852,4964,2881,46),(6198,1,0,6.25,1,2852,4964,2883,46),(6199,1,0,9.25,1,2852,4964,2885,46),(6200,1,0,13.25,1,2852,4964,2887,46),(6201,1,0,8.25,1,2852,4964,2889,46),(6202,1,0,0,1,2852,4964,2891,46),(6203,1,0,3,1,2852,4964,2893,46),(6204,1,0,13,1,2852,4964,2895,46),(6205,1,0,11,1,2852,4964,2897,46),(6206,1,0,10.25,1,2852,4964,2899,46),(6207,1,0,11.25,1,2852,4964,2901,46),(6208,1,0,6,1,2852,4964,2903,46),(6209,1,0,12.5,1,2852,4964,2905,46),(6210,1,0,0,1,2852,4964,2907,46),(6211,1,0,0,1,2852,4964,2909,46),(6212,1,0,5.5,1,2852,4964,2911,46),(6213,1,0,6.25,1,2852,4964,2913,46),(6214,1,0,8.75,1,2852,4964,2915,46),(6215,1,0,9,1,2852,4964,2917,46),(6216,1,0,10.25,1,2852,4964,2919,46),(6217,1,0,10.25,1,2852,4964,2921,46),(6218,1,0,11.25,1,2852,4964,2923,46),(6219,1,0,7.25,1,2852,4964,2560,46),(6220,1,0,5.75,1,2852,4964,2926,46),(6221,1,0,10.75,1,2852,4964,2928,46),(6222,1,0,7.5,1,2852,4964,2930,46),(6223,1,0,0,1,2852,4964,2932,46),(6224,1,0,10.5,1,2852,4964,2934,46),(6225,1,0,8.75,1,2852,4964,2936,46),(6226,1,0,4,1,2852,4964,2938,46),(6227,1,0,11.75,1,2852,4964,2940,46),(6228,1,0,11,1,2852,4964,2942,46),(6229,1,1,9.5,1,2852,4964,2859,46),(6230,1,1,10,1,2852,4964,2865,46),(6231,1,1,7,1,2852,4964,2869,46),(6232,1,1,10.75,1,2852,4964,2871,46),(6233,1,1,5.75,1,2852,4964,2893,46),(6234,1,1,13,1,2852,4964,2903,46),(6235,1,1,10.5,1,2852,4964,2909,46),(6236,1,1,7.5,1,2852,4964,2911,46),(6237,1,1,12,1,2852,4964,2913,46),(6238,1,1,3.25,1,2852,4964,2926,46),(6251,1,0,17,1,2852,4972,2855,46),(6252,1,0,17,1,2852,4972,2857,46),(6253,1,0,17,1,2852,4972,2859,46),(6254,1,0,17,1,2852,4972,2861,46),(6255,1,0,17,1,2852,4972,2863,46),(6256,1,0,17,1,2852,4972,2865,46),(6257,1,0,17,1,2852,4972,2867,46),(6258,1,0,17,1,2852,4972,2869,46),(6259,1,0,17,1,2852,4972,2871,46),(6260,1,0,17,1,2852,4972,2873,46),(6261,1,0,17,1,2852,4972,2875,46),(6262,1,0,17,1,2852,4972,2877,46),(6263,1,0,17,1,2852,4972,2879,46),(6264,1,0,17,1,2852,4972,2881,46),(6265,1,0,17,1,2852,4972,2883,46),(6266,1,0,17,1,2852,4972,2885,46),(6267,1,0,17,1,2852,4972,2887,46),(6268,1,0,17,1,2852,4972,2889,46),(6269,1,0,17,1,2852,4972,2891,46),(6270,1,0,17,1,2852,4972,2893,46),(6271,1,0,17,1,2852,4972,2895,46),(6272,1,0,17,1,2852,4972,2897,46),(6273,1,0,17,1,2852,4972,2899,46),(6274,1,0,17,1,2852,4972,2901,46),(6275,1,0,17,1,2852,4972,2903,46),(6276,1,0,17,1,2852,4972,2905,46),(6277,1,0,17,1,2852,4972,2907,46),(6278,1,0,17,1,2852,4972,2909,46),(6279,1,0,17,1,2852,4972,2911,46),(6280,1,0,17,1,2852,4972,2913,46),(6281,1,0,17,1,2852,4972,2915,46),(6282,1,0,17,1,2852,4972,2917,46),(6283,1,0,17,1,2852,4972,2919,46),(6284,1,0,17,1,2852,4972,2921,46),(6285,1,0,17,1,2852,4972,2923,46),(6286,1,0,17,1,2852,4972,2560,46),(6287,1,0,17,1,2852,4972,2926,46),(6288,1,0,17,1,2852,4972,2928,46),(6289,1,0,17,1,2852,4972,2930,46),(6290,1,0,17,1,2852,4972,2932,46),(6291,1,0,17,1,2852,4972,2934,46),(6292,1,0,17,1,2852,4972,2936,46),(6293,1,0,17,1,2852,4972,2938,46),(6294,1,0,17,1,2852,4972,2940,46),(6295,1,0,17,1,2852,4972,2942,46),(6296,1,0,0,1,2852,4963,2855,42),(6297,1,0,12,1,2852,4963,2857,42),(6298,1,0,10.5,1,2852,4963,2859,42),(6299,1,0,10.75,1,2852,4963,2861,42),(6300,1,0,12,1,2852,4963,2863,42),(6301,1,0,11,1,2852,4963,2865,42),(6302,1,0,12.5,1,2852,4963,2867,42),(6303,1,0,9.5,1,2852,4963,2869,42),(6304,1,0,11,1,2852,4963,2871,42),(6305,1,0,13.25,1,2852,4963,2873,42),(6306,1,0,11.5,1,2852,4963,2875,42),(6307,1,0,12.5,1,2852,4963,2877,42),(6308,1,0,13,1,2852,4963,2879,42),(6309,1,0,10.5,1,2852,4963,2881,42),(6310,1,0,9,1,2852,4963,2883,42),(6311,1,0,13.25,1,2852,4963,2885,42),(6312,1,0,13.25,1,2852,4963,2887,42),(6313,1,0,13.75,1,2852,4963,2889,42),(6314,1,0,0,1,2852,4963,2891,42),(6315,1,0,10,1,2852,4963,2893,42),(6316,1,0,15,1,2852,4963,2895,42),(6317,1,0,10.5,1,2852,4963,2897,42),(6318,1,0,11.5,1,2852,4963,2899,42),(6319,1,0,11.75,1,2852,4963,2901,42),(6320,1,0,11.75,1,2852,4963,2903,42),(6321,1,0,13.5,1,2852,4963,2905,42),(6322,1,0,14.25,1,2852,4963,2907,42),(6323,1,0,9.5,1,2852,4963,2909,42),(6324,1,0,10.5,1,2852,4963,2911,42),(6325,1,0,11.5,1,2852,4963,2913,42),(6326,1,0,10.5,1,2852,4963,2915,42),(6327,1,0,12.25,1,2852,4963,2917,42),(6328,1,0,10,1,2852,4963,2919,42),(6329,1,0,14.5,1,2852,4963,2921,42),(6330,1,0,10,1,2852,4963,2923,42),(6331,1,0,10,1,2852,4963,2560,42),(6332,1,0,10,1,2852,4963,2926,42),(6333,1,0,10.25,1,2852,4963,2928,42),(6334,1,0,10.25,1,2852,4963,2930,42),(6335,1,0,0,1,2852,4963,2932,42),(6336,1,0,13,1,2852,4963,2934,42),(6337,1,0,13.25,1,2852,4963,2936,42),(6338,1,0,11.75,1,2852,4963,2938,42),(6339,1,0,9.75,1,2852,4963,2940,42),(6340,1,0,10,1,2852,4963,2942,42),(6341,1,0,0,1,2852,4963,2855,43),(6342,1,0,13.5,1,2852,4963,2857,43),(6343,1,0,12,1,2852,4963,2859,43),(6344,1,0,12,1,2852,4963,2861,43),(6345,1,0,13.5,1,2852,4963,2863,43),(6346,1,0,12.5,1,2852,4963,2865,43),(6347,1,0,14,1,2852,4963,2867,43),(6348,1,0,12,1,2852,4963,2869,43),(6349,1,0,12.5,1,2852,4963,2871,43),(6350,1,0,15,1,2852,4963,2873,43),(6351,1,0,13,1,2852,4963,2875,43),(6352,1,0,14,1,2852,4963,2877,43),(6353,1,0,14.75,1,2852,4963,2879,43),(6354,1,0,12,1,2852,4963,2881,43),(6355,1,0,12,1,2852,4963,2883,43),(6356,1,0,15,1,2852,4963,2885,43),(6357,1,0,15,1,2852,4963,2887,43),(6358,1,0,15.5,1,2852,4963,2889,43),(6359,1,0,0,1,2852,4963,2891,43),(6360,1,0,12,1,2852,4963,2893,43),(6361,1,0,17,1,2852,4963,2895,43),(6362,1,0,12,1,2852,4963,2897,43),(6363,1,0,13,1,2852,4963,2899,43),(6364,1,0,13.25,1,2852,4963,2901,43),(6365,1,0,13.25,1,2852,4963,2903,43),(6366,1,0,15.25,1,2852,4963,2905,43),(6367,1,0,16,1,2852,4963,2907,43),(6368,1,0,12,1,2852,4963,2909,43),(6369,1,0,12,1,2852,4963,2911,43),(6370,1,0,13,1,2852,4963,2913,43),(6371,1,0,12,1,2852,4963,2915,43),(6372,1,0,13.75,1,2852,4963,2917,43),(6373,1,0,12,1,2852,4963,2919,43),(6374,1,0,16.5,1,2852,4963,2921,43),(6375,1,0,12,1,2852,4963,2923,43),(6376,1,0,12,1,2852,4963,2560,43),(6377,1,0,12,1,2852,4963,2926,43),(6378,1,0,12,1,2852,4963,2928,43),(6379,1,0,12,1,2852,4963,2930,43),(6380,1,0,0,1,2852,4963,2932,43),(6381,1,0,14.75,1,2852,4963,2934,43),(6382,1,0,15,1,2852,4963,2936,43),(6383,1,0,13.25,1,2852,4963,2938,43),(6384,1,0,12,1,2852,4963,2940,43),(6385,1,0,12,1,2852,4963,2942,43),(6386,1,0,0,1,2852,4963,2855,46),(6387,1,0,7.25,1,2852,4963,2857,46),(6388,1,0,4.75,1,2852,4963,2859,46),(6389,1,0,8,1,2852,4963,2861,46),(6390,1,0,10.5,1,2852,4963,2863,46),(6391,1,0,8.25,1,2852,4963,2865,46),(6392,1,0,10,1,2852,4963,2867,46),(6393,1,0,7,1,2852,4963,2869,46),(6394,1,0,8.5,1,2852,4963,2871,46),(6395,1,0,14.25,1,2852,4963,2873,46),(6396,1,0,7.5,1,2852,4963,2875,46),(6397,1,0,10,1,2852,4963,2877,46),(6398,1,0,10.5,1,2852,4963,2879,46),(6399,1,0,10.25,1,2852,4963,2881,46),(6400,1,0,0,1,2852,4963,2883,46),(6401,1,0,10,1,2852,4963,2885,46),(6402,1,0,11.75,1,2852,4963,2887,46),(6403,1,0,13,1,2852,4963,2889,46),(6404,1,0,0,1,2852,4963,2891,46),(6405,1,0,11.75,1,2852,4963,2893,46),(6406,1,0,11.75,1,2852,4963,2895,46),(6407,1,0,10.5,1,2852,4963,2897,46),(6408,1,0,9.5,1,2852,4963,2899,46),(6409,1,0,8.75,1,2852,4963,2901,46),(6410,1,0,13,1,2852,4963,2903,46),(6411,1,0,13.5,1,2852,4963,2905,46),(6412,1,0,7.75,1,2852,4963,2907,46),(6413,1,0,8.25,1,2852,4963,2909,46),(6414,1,0,11.25,1,2852,4963,2911,46),(6415,1,0,5.75,1,2852,4963,2913,46),(6416,1,0,9.5,1,2852,4963,2915,46),(6417,1,0,10,1,2852,4963,2917,46),(6418,1,0,7.5,1,2852,4963,2919,46),(6419,1,0,14.25,1,2852,4963,2921,46),(6420,1,0,10.5,1,2852,4963,2923,46),(6421,1,0,3.25,1,2852,4963,2560,46),(6422,1,0,8.75,1,2852,4963,2926,46),(6423,1,0,7.25,1,2852,4963,2928,46),(6424,1,0,11,1,2852,4963,2930,46),(6425,1,0,0,1,2852,4963,2932,46),(6426,1,0,11.5,1,2852,4963,2934,46),(6427,1,0,11.75,1,2852,4963,2936,46),(6428,1,0,5.25,1,2852,4963,2938,46),(6429,1,0,8.75,1,2852,4963,2940,46),(6430,1,0,7.5,1,2852,4963,2942,46),(6431,1,1,7.5,1,2852,4963,2857,46),(6432,1,1,9.5,1,2852,4963,2859,46),(6433,1,1,13,1,2852,4963,2861,46),(6434,1,1,11,1,2852,4963,2865,46),(6435,1,1,7.25,1,2852,4963,2869,46),(6436,1,1,13.75,1,2852,4963,2875,46),(6437,1,1,10,1,2852,4963,2883,46),(6438,1,1,11.25,1,2852,4963,2913,46),(6439,1,1,10.5,1,2852,4963,2919,46),(6440,1,1,9.5,1,2852,4963,2560,46),(6441,1,1,13,1,2852,4963,2926,46),(6442,1,1,14.75,1,2852,4963,2928,46),(6443,1,1,9.5,1,2852,4963,2938,46),(6444,1,1,13,1,2852,4963,2940,46),(6445,1,1,9.25,1,2852,4963,2942,46),(6446,1,0,0,1,2852,4970,2855,42),(6447,1,0,13.5,1,2852,4970,2857,42),(6448,1,0,6.5,1,2852,4970,2859,42),(6449,1,0,14,1,2852,4970,2861,42),(6450,1,0,12.75,1,2852,4970,2863,42),(6451,1,0,8.5,1,2852,4970,2865,42),(6452,1,0,10.5,1,2852,4970,2867,42),(6453,1,0,8.5,1,2852,4970,2869,42),(6454,1,0,7.5,1,2852,4970,2871,42),(6455,1,0,16,1,2852,4970,2873,42),(6456,1,0,13.25,1,2852,4970,2875,42),(6457,1,0,16.5,1,2852,4970,2877,42),(6458,1,0,16.5,1,2852,4970,2879,42),(6459,1,0,10.5,1,2852,4970,2881,42),(6460,1,0,11.25,1,2852,4970,2883,42),(6461,1,0,15,1,2852,4970,2885,42),(6462,1,0,8,1,2852,4970,2887,42),(6463,1,0,8.5,1,2852,4970,2889,42),(6464,1,0,0,1,2852,4970,2891,42),(6465,1,0,12.5,1,2852,4970,2893,42),(6466,1,0,17.25,1,2852,4970,2895,42),(6467,1,0,15.75,1,2852,4970,2897,42),(6468,1,0,10.5,1,2852,4970,2899,42),(6469,1,0,6.75,1,2852,4970,2901,42),(6470,1,0,15,1,2852,4970,2903,42),(6471,1,0,15.5,1,2852,4970,2905,42),(6472,1,0,12.25,1,2852,4970,2907,42),(6473,1,0,4.5,1,2852,4970,2909,42),(6474,1,0,11,1,2852,4970,2911,42),(6475,1,0,15.25,1,2852,4970,2913,42),(6476,1,0,7.5,1,2852,4970,2915,42),(6477,1,0,7.75,1,2852,4970,2917,42),(6478,1,0,3.75,1,2852,4970,2919,42),(6479,1,0,12.75,1,2852,4970,2921,42),(6480,1,0,10.5,1,2852,4970,2923,42),(6481,1,0,10,1,2852,4970,2560,42),(6482,1,0,14,1,2852,4970,2926,42),(6483,1,0,13.25,1,2852,4970,2928,42),(6484,1,0,17,1,2852,4970,2930,42),(6485,1,0,0,1,2852,4970,2932,42),(6486,1,0,18.25,1,2852,4970,2934,42),(6487,1,0,16,1,2852,4970,2936,42),(6488,1,0,9,1,2852,4970,2938,42),(6489,1,0,14,1,2852,4970,2940,42),(6490,1,0,14.25,1,2852,4970,2942,42),(6491,1,0,0,1,2852,4970,2855,43),(6492,1,0,13.5,1,2852,4970,2857,43),(6493,1,0,13.5,1,2852,4970,2859,43),(6494,1,0,13.5,1,2852,4970,2861,43),(6495,1,0,13.5,1,2852,4970,2863,43),(6496,1,0,13.5,1,2852,4970,2865,43),(6497,1,0,13.5,1,2852,4970,2867,43),(6498,1,0,13.5,1,2852,4970,2869,43),(6499,1,0,13.5,1,2852,4970,2871,43),(6500,1,0,13.5,1,2852,4970,2873,43),(6501,1,0,12,1,2852,4970,2875,43),(6502,1,0,12,1,2852,4970,2877,43),(6503,1,0,12,1,2852,4970,2879,43),(6504,1,0,12,1,2852,4970,2881,43),(6505,1,0,12,1,2852,4970,2883,43),(6506,1,0,12,1,2852,4970,2885,43),(6507,1,0,12,1,2852,4970,2887,43),(6508,1,0,12,1,2852,4970,2889,43),(6509,1,0,0,1,2852,4970,2891,43),(6510,1,0,12,1,2852,4970,2893,43),(6511,1,0,15,1,2852,4970,2895,43),(6512,1,0,15,1,2852,4970,2897,43),(6513,1,0,15,1,2852,4970,2899,43),(6514,1,0,15,1,2852,4970,2901,43),(6515,1,0,15,1,2852,4970,2903,43),(6516,1,0,15,1,2852,4970,2905,43),(6517,1,0,13,1,2852,4970,2907,43),(6518,1,0,15,1,2852,4970,2909,43),(6519,1,0,15,1,2852,4970,2911,43),(6520,1,0,15,1,2852,4970,2913,43),(6521,1,0,14,1,2852,4970,2915,43),(6522,1,0,14,1,2852,4970,2917,43),(6523,1,0,14,1,2852,4970,2919,43),(6524,1,0,14,1,2852,4970,2921,43),(6525,1,0,14,1,2852,4970,2923,43),(6526,1,0,14,1,2852,4970,2560,43),(6527,1,0,14,1,2852,4970,2926,43),(6528,1,0,14,1,2852,4970,2928,43),(6529,1,0,13,1,2852,4970,2930,43),(6530,1,0,0,1,2852,4970,2932,43),(6531,1,0,13,1,2852,4970,2934,43),(6532,1,0,13,1,2852,4970,2936,43),(6533,1,0,13,1,2852,4970,2938,43),(6534,1,0,13,1,2852,4970,2940,43),(6535,1,0,13,1,2852,4970,2942,43),(6536,1,0,0,1,2852,4970,2855,46),(6537,1,0,3.5,1,2852,4970,2857,46),(6538,1,0,10.75,1,2852,4970,2859,46),(6539,1,0,10,1,2852,4970,2861,46),(6540,1,0,12.5,1,2852,4970,2863,46),(6541,1,0,13.75,1,2852,4970,2865,46),(6542,1,0,11.5,1,2852,4970,2867,46),(6543,1,0,13,1,2852,4970,2869,46),(6544,1,0,9,1,2852,4970,2871,46),(6545,1,0,12.75,1,2852,4970,2873,46),(6546,1,0,9.25,1,2852,4970,2875,46),(6547,1,0,12,1,2852,4970,2877,46),(6548,1,0,11.75,1,2852,4970,2879,46),(6549,1,0,10.75,1,2852,4970,2881,46),(6550,1,0,10.5,1,2852,4970,2883,46),(6551,1,0,12,1,2852,4970,2885,46),(6552,1,0,0,1,2852,4970,2887,46),(6553,1,0,10.5,1,2852,4970,2889,46),(6554,1,0,0,1,2852,4970,2891,46),(6555,1,0,4.25,1,2852,4970,2893,46),(6556,1,0,13,1,2852,4970,2895,46),(6557,1,0,10.75,1,2852,4970,2897,46),(6558,1,0,11.75,1,2852,4970,2899,46),(6559,1,0,12.5,1,2852,4970,2901,46),(6560,1,0,11,1,2852,4970,2903,46),(6561,1,0,12,1,2852,4970,2905,46),(6562,1,0,11,1,2852,4970,2907,46),(6563,1,0,10.25,1,2852,4970,2909,46),(6564,1,0,10,1,2852,4970,2911,46),(6565,1,0,9.75,1,2852,4970,2913,46),(6566,1,0,5,1,2852,4970,2915,46),(6567,1,0,12.5,1,2852,4970,2917,46),(6568,1,0,8.5,1,2852,4970,2919,46),(6569,1,0,14.5,1,2852,4970,2921,46),(6570,1,0,4,1,2852,4970,2923,46),(6571,1,0,8.5,1,2852,4970,2560,46),(6572,1,0,13.25,1,2852,4970,2926,46),(6573,1,0,15.5,1,2852,4970,2928,46),(6574,1,0,9.5,1,2852,4970,2930,46),(6575,1,0,0,1,2852,4970,2932,46),(6576,1,0,12,1,2852,4970,2934,46),(6577,1,0,13,1,2852,4970,2936,46),(6578,1,0,11.25,1,2852,4970,2938,46),(6579,1,0,13.75,1,2852,4970,2940,46),(6580,1,0,11.25,1,2852,4970,2942,46),(6581,1,1,12.5,1,2852,4970,2857,46),(6582,1,1,10.5,1,2852,4970,2887,46),(6583,1,1,14.5,1,2852,4970,2893,46),(6584,1,1,9.5,1,2852,4970,2897,46),(6585,1,1,8,1,2852,4970,2909,46),(6586,1,1,6,1,2852,4970,2915,46),(6587,1,1,12,1,2852,4970,2919,46),(6588,1,1,8.5,1,2852,4970,2923,46),(6589,1,0,0,1,2852,4967,2855,42),(6590,1,0,16,1,2852,4967,2857,42),(6591,1,0,13.5,1,2852,4967,2859,42),(6592,1,0,13,1,2852,4967,2861,42),(6593,1,0,10,1,2852,4967,2863,42),(6594,1,0,12,1,2852,4967,2865,42),(6595,1,0,16,1,2852,4967,2867,42),(6596,1,0,17.5,1,2852,4967,2869,42),(6597,1,0,12,1,2852,4967,2871,42),(6598,1,0,0,1,2852,4967,2873,42),(6599,1,0,12.5,1,2852,4967,2875,42),(6600,1,0,12,1,2852,4967,2877,42),(6601,1,0,16,1,2852,4967,2879,42),(6602,1,0,14,1,2852,4967,2881,42),(6603,1,0,0,1,2852,4967,2883,42),(6604,1,0,13.5,1,2852,4967,2885,42),(6605,1,0,14,1,2852,4967,2887,42),(6606,1,0,12,1,2852,4967,2889,42),(6607,1,0,0,1,2852,4967,2891,42),(6608,1,0,15.5,1,2852,4967,2893,42),(6609,1,0,17.5,1,2852,4967,2895,42),(6610,1,0,14,1,2852,4967,2897,42),(6611,1,0,12.5,1,2852,4967,2899,42),(6612,1,0,15.5,1,2852,4967,2901,42),(6613,1,0,17.5,1,2852,4967,2903,42),(6614,1,0,15.5,1,2852,4967,2905,42),(6615,1,0,8.5,1,2852,4967,2907,42),(6616,1,0,10,1,2852,4967,2909,42),(6617,1,0,16,1,2852,4967,2911,42),(6618,1,0,15.25,1,2852,4967,2913,42),(6619,1,0,8,1,2852,4967,2915,42),(6620,1,0,16,1,2852,4967,2917,42),(6621,1,0,13.5,1,2852,4967,2919,42),(6622,1,0,12,1,2852,4967,2921,42),(6623,1,0,10,1,2852,4967,2923,42),(6624,1,0,13.5,1,2852,4967,2560,42),(6625,1,0,14,1,2852,4967,2926,42),(6626,1,0,12,1,2852,4967,2928,42),(6627,1,0,9.5,1,2852,4967,2930,42),(6628,1,0,0,1,2852,4967,2932,42),(6629,1,0,14,1,2852,4967,2934,42),(6630,1,0,13.5,1,2852,4967,2936,42),(6631,1,0,12,1,2852,4967,2938,42),(6632,1,0,13.5,1,2852,4967,2940,42),(6633,1,0,16,1,2852,4967,2942,42),(6634,1,0,0,1,2852,4967,2855,43),(6635,1,0,16,1,2852,4967,2857,43),(6636,1,0,13.5,1,2852,4967,2859,43),(6637,1,0,13.5,1,2852,4967,2861,43),(6638,1,0,10,1,2852,4967,2863,43),(6639,1,0,12,1,2852,4967,2865,43),(6640,1,0,16,1,2852,4967,2867,43),(6641,1,0,17.5,1,2852,4967,2869,43),(6642,1,0,12,1,2852,4967,2871,43),(6643,1,0,0,1,2852,4967,2873,43),(6644,1,0,12.5,1,2852,4967,2875,43),(6645,1,0,12,1,2852,4967,2877,43),(6646,1,0,16,1,2852,4967,2879,43),(6647,1,0,14,1,2852,4967,2881,43),(6648,1,0,0,1,2852,4967,2883,43),(6649,1,0,13.5,1,2852,4967,2885,43),(6650,1,0,14,1,2852,4967,2887,43),(6651,1,0,12,1,2852,4967,2889,43),(6652,1,0,0,1,2852,4967,2891,43),(6653,1,0,15.5,1,2852,4967,2893,43),(6654,1,0,17.5,1,2852,4967,2895,43),(6655,1,0,14,1,2852,4967,2897,43),(6656,1,0,12.5,1,2852,4967,2899,43),(6657,1,0,15.5,1,2852,4967,2901,43),(6658,1,0,17.5,1,2852,4967,2903,43),(6659,1,0,15.5,1,2852,4967,2905,43),(6660,1,0,13.5,1,2852,4967,2907,43),(6661,1,0,10,1,2852,4967,2909,43),(6662,1,0,16,1,2852,4967,2911,43),(6663,1,0,15.25,1,2852,4967,2913,43),(6664,1,0,13.5,1,2852,4967,2915,43),(6665,1,0,16,1,2852,4967,2917,43),(6666,1,0,13.5,1,2852,4967,2919,43),(6667,1,0,12,1,2852,4967,2921,43),(6668,1,0,10,1,2852,4967,2923,43),(6669,1,0,13.5,1,2852,4967,2560,43),(6670,1,0,14,1,2852,4967,2926,43),(6671,1,0,12,1,2852,4967,2928,43),(6672,1,0,13.5,1,2852,4967,2930,43),(6673,1,0,0,1,2852,4967,2932,43),(6674,1,0,14,1,2852,4967,2934,43),(6675,1,0,13.5,1,2852,4967,2936,43),(6676,1,0,12,1,2852,4967,2938,43),(6677,1,0,13.5,1,2852,4967,2940,43),(6678,1,0,16,1,2852,4967,2942,43),(6679,1,0,0,1,2852,4967,2855,45),(6680,1,0,16.5,1,2852,4967,2857,45),(6681,1,0,14,1,2852,4967,2859,45),(6682,1,0,14.25,1,2852,4967,2861,45),(6683,1,0,11,1,2852,4967,2863,45),(6684,1,0,13,1,2852,4967,2865,45),(6685,1,0,12,1,2852,4967,2867,45),(6686,1,0,14.5,1,2852,4967,2869,45),(6687,1,0,13,1,2852,4967,2871,45),(6688,1,0,0,1,2852,4967,2873,45),(6689,1,0,13,1,2852,4967,2875,45),(6690,1,0,13,1,2852,4967,2877,45),(6691,1,0,13.5,1,2852,4967,2879,45),(6692,1,0,13,1,2852,4967,2881,45),(6693,1,0,0,1,2852,4967,2883,45),(6694,1,0,14,1,2852,4967,2885,45),(6695,1,0,15.75,1,2852,4967,2887,45),(6696,1,0,12.5,1,2852,4967,2889,45),(6697,1,0,0,1,2852,4967,2891,45),(6698,1,0,12,1,2852,4967,2893,45),(6699,1,0,17,1,2852,4967,2895,45),(6700,1,0,14.5,1,2852,4967,2897,45),(6701,1,0,13.5,1,2852,4967,2899,45),(6702,1,0,14,1,2852,4967,2901,45),(6703,1,0,14,1,2852,4967,2903,45),(6704,1,0,15,1,2852,4967,2905,45),(6705,1,0,14,1,2852,4967,2907,45),(6706,1,0,12,1,2852,4967,2909,45),(6707,1,0,13,1,2852,4967,2911,45),(6708,1,0,15,1,2852,4967,2913,45),(6709,1,0,13.5,1,2852,4967,2915,45),(6710,1,0,15,1,2852,4967,2917,45),(6711,1,0,14,1,2852,4967,2919,45),(6712,1,0,12.75,1,2852,4967,2921,45),(6713,1,0,12,1,2852,4967,2923,45),(6714,1,0,14,1,2852,4967,2560,45),(6715,1,0,11,1,2852,4967,2926,45),(6716,1,0,11.5,1,2852,4967,2928,45),(6717,1,0,13.75,1,2852,4967,2930,45),(6718,1,0,0,1,2852,4967,2932,45),(6719,1,0,15,1,2852,4967,2934,45),(6720,1,0,13.5,1,2852,4967,2936,45),(6721,1,0,13,1,2852,4967,2938,45),(6722,1,0,14.5,1,2852,4967,2940,45),(6723,1,0,13.5,1,2852,4967,2942,45),(6724,1,0,0,1,2852,4967,2855,46),(6725,1,0,13,1,2852,4967,2857,46),(6726,1,0,8.25,1,2852,4967,2859,46),(6727,1,0,10,1,2852,4967,2861,46),(6728,1,0,7.75,1,2852,4967,2863,46),(6729,1,0,6.5,1,2852,4967,2865,46),(6730,1,0,9.5,1,2852,4967,2867,46),(6731,1,0,7,1,2852,4967,2869,46),(6732,1,0,7.5,1,2852,4967,2871,46),(6733,1,0,0,1,2852,4967,2873,46),(6734,1,0,8,1,2852,4967,2875,46),(6735,1,0,5,1,2852,4967,2877,46),(6736,1,0,7.5,1,2852,4967,2879,46),(6737,1,0,10,1,2852,4967,2881,46),(6738,1,0,0,1,2852,4967,2883,46),(6739,1,0,8.5,1,2852,4967,2885,46),(6740,1,0,0,1,2852,4967,2887,46),(6741,1,0,6,1,2852,4967,2889,46),(6742,1,0,0,1,2852,4967,2891,46),(6743,1,0,5.5,1,2852,4967,2893,46),(6744,1,0,13,1,2852,4967,2895,46),(6745,1,0,8,1,2852,4967,2897,46),(6746,1,0,8,1,2852,4967,2899,46),(6747,1,0,11,1,2852,4967,2901,46),(6748,1,0,10.75,1,2852,4967,2903,46),(6749,1,0,10.75,1,2852,4967,2905,46),(6750,1,0,10,1,2852,4967,2907,46),(6751,1,0,10.25,1,2852,4967,2909,46),(6752,1,0,6.75,1,2852,4967,2911,46),(6753,1,0,12,1,2852,4967,2913,46),(6754,1,0,10,1,2852,4967,2915,46),(6755,1,0,12.5,1,2852,4967,2917,46),(6756,1,0,11.35,1,2852,4967,2919,46),(6757,1,0,11.25,1,2852,4967,2921,46),(6758,1,0,7.75,1,2852,4967,2923,46),(6759,1,0,0,1,2852,4967,2560,46),(6760,1,0,7.5,1,2852,4967,2926,46),(6761,1,0,8,1,2852,4967,2928,46),(6762,1,0,10,1,2852,4967,2930,46),(6763,1,0,0,1,2852,4967,2932,46),(6764,1,0,6.5,1,2852,4967,2934,46),(6765,1,0,7.25,1,2852,4967,2936,46),(6766,1,0,0,1,2852,4967,2938,46),(6767,1,0,6.75,1,2852,4967,2940,46),(6768,1,0,0,1,2852,4967,2942,46),(6769,1,1,12.75,1,2852,4967,2865,46),(6770,1,1,13.25,1,2852,4967,2871,46),(6771,1,1,11,1,2852,4967,2877,46),(6772,1,1,15.5,1,2852,4967,2887,46),(6773,1,1,12.25,1,2852,4967,2923,46),(6774,1,1,10.5,1,2852,4967,2560,46),(6775,1,1,14.5,1,2852,4967,2938,46),(6776,1,1,11.75,1,2852,4967,2942,46),(6801,1,0,17,1,2852,4972,2855,45),(6802,1,0,17,1,2852,4972,2857,45),(6803,1,0,17,1,2852,4972,2859,45),(6804,1,0,17,1,2852,4972,2861,45),(6805,1,0,17,1,2852,4972,2863,45),(6806,1,0,17,1,2852,4972,2865,45),(6807,1,0,17,1,2852,4972,2867,45),(6808,1,0,17,1,2852,4972,2869,45),(6809,1,0,17,1,2852,4972,2871,45),(6810,1,0,17,1,2852,4972,2873,45),(6811,1,0,17,1,2852,4972,2875,45),(6812,1,0,17,1,2852,4972,2877,45),(6813,1,0,17,1,2852,4972,2879,45),(6814,1,0,17,1,2852,4972,2881,45),(6815,1,0,17,1,2852,4972,2883,45),(6816,1,0,17,1,2852,4972,2885,45),(6817,1,0,17,1,2852,4972,2887,45),(6818,1,0,17,1,2852,4972,2889,45),(6819,1,0,17,1,2852,4972,2891,45),(6820,1,0,17,1,2852,4972,2893,45),(6821,1,0,17,1,2852,4972,2895,45),(6822,1,0,17,1,2852,4972,2897,45),(6823,1,0,17,1,2852,4972,2899,45),(6824,1,0,17,1,2852,4972,2901,45),(6825,1,0,17,1,2852,4972,2903,45),(6826,1,0,17,1,2852,4972,2905,45),(6827,1,0,17,1,2852,4972,2907,45),(6828,1,0,17,1,2852,4972,2909,45),(6829,1,0,17,1,2852,4972,2911,45),(6830,1,0,17,1,2852,4972,2913,45),(6831,1,0,17,1,2852,4972,2915,45),(6832,1,0,17,1,2852,4972,2917,45),(6833,1,0,17,1,2852,4972,2919,45),(6834,1,0,17,1,2852,4972,2921,45),(6835,1,0,17,1,2852,4972,2923,45),(6836,1,0,17,1,2852,4972,2560,45),(6837,1,0,17,1,2852,4972,2926,45),(6838,1,0,17,1,2852,4972,2928,45),(6839,1,0,17,1,2852,4972,2930,45),(6840,1,0,17,1,2852,4972,2932,45),(6841,1,0,17,1,2852,4972,2934,45),(6842,1,0,17,1,2852,4972,2936,45),(6843,1,0,17,1,2852,4972,2938,45),(6844,1,0,17,1,2852,4972,2940,45),(6845,1,0,17,1,2852,4972,2942,45),(6964,1,0,9.25,1,2851,359,6851,42),(6965,1,0,16.75,1,2851,359,6853,42),(6966,1,0,10,1,2851,359,6855,42),(6967,1,0,7.5,1,2851,359,6857,42),(6968,1,0,9.5,1,2851,359,6859,42),(6969,1,0,11.5,1,2851,359,6861,42),(6970,1,0,4.5,1,2851,359,6867,42),(6971,1,0,10.75,1,2851,359,6869,42),(6972,1,0,9,1,2851,359,6871,42),(6973,1,0,10,1,2851,359,6873,42),(6974,1,0,10.5,1,2851,359,6875,42),(6975,1,0,6,1,2851,359,6877,42),(6976,1,0,8,1,2851,359,6879,42),(6977,1,0,5.5,1,2851,359,6881,42),(6978,1,0,10,1,2851,359,6883,42),(6979,1,0,13.75,1,2851,359,6885,42),(6980,1,0,8.75,1,2851,359,6887,42),(6981,1,0,9,1,2851,359,6889,42),(6982,1,0,11.25,1,2851,359,6891,42),(6983,1,0,13,1,2851,359,6895,42),(6984,1,0,7,1,2851,359,6897,42),(6985,1,0,10,1,2851,359,6899,42),(6986,1,0,12,1,2851,359,6901,42),(6987,1,0,10.25,1,2851,359,6903,42),(6988,1,0,12.25,1,2851,359,6905,42),(6989,1,0,7.5,1,2851,359,6907,42),(6990,1,0,8,1,2851,359,6909,42),(6991,1,0,7,1,2851,359,6911,42),(6992,1,0,18,1,2851,359,6914,42),(6993,1,0,12.25,1,2851,359,6916,42),(6994,1,0,3.25,1,2851,359,2558,42),(6995,1,0,11,1,2851,359,2909,42),(6996,1,0,7.5,1,2851,359,6920,42),(6997,1,0,12.25,1,2851,359,6922,42),(6998,1,0,11.5,1,2851,359,6924,42),(6999,1,0,7.25,1,2851,359,6928,42),(7000,1,0,7.75,1,2851,359,6930,42),(7001,1,0,11,1,2851,359,6932,42),(7002,1,0,7.5,1,2851,359,6934,42),(7003,1,0,4.25,1,2851,359,6936,42),(7004,1,0,10,1,2851,359,2932,42),(7005,1,0,10.75,1,2851,359,6939,42),(7006,1,0,2,1,2851,359,6941,42),(7007,1,0,12.5,1,2851,359,6943,42),(7008,1,0,8.25,1,2851,359,6949,42),(7009,1,0,9.25,1,2851,359,6951,42),(7010,1,0,12.5,1,2851,359,6953,42),(7011,1,0,8.25,1,2851,359,6955,42),(7012,1,0,10.25,1,2851,359,6957,42),(7013,1,0,9,1,2851,359,6959,42),(7014,1,0,7,1,2851,359,2883,42),(7015,1,0,11.5,1,2851,359,2560,42),(7016,1,0,12.25,1,2851,359,2865,42),(7017,1,0,6.75,1,2851,359,2871,42),(7018,1,0,10.5,1,2851,359,2885,42),(7019,1,0,16,1,2851,359,2911,42),(7020,1,0,15.5,1,2851,359,6851,43),(7021,1,0,15.5,1,2851,359,6853,43),(7022,1,0,15.5,1,2851,359,6855,43),(7023,1,0,15.5,1,2851,359,6857,43),(7024,1,0,14.5,1,2851,359,6859,43),(7025,1,0,14.5,1,2851,359,6861,43),(7026,1,0,14.5,1,2851,359,6867,43),(7027,1,0,14.5,1,2851,359,6869,43),(7028,1,0,15,1,2851,359,6871,43),(7029,1,0,15,1,2851,359,6873,43),(7030,1,0,15,1,2851,359,6875,43),(7031,1,0,15,1,2851,359,6877,43),(7032,1,0,17,1,2851,359,6879,43),(7033,1,0,17,1,2851,359,6881,43),(7034,1,0,17,1,2851,359,6883,43),(7035,1,0,17,1,2851,359,6885,43),(7036,1,0,17.5,1,2851,359,6887,43),(7037,1,0,17.5,1,2851,359,6889,43),(7038,1,0,17.5,1,2851,359,6891,43),(7039,1,0,17.5,1,2851,359,6895,43),(7040,1,0,12,1,2851,359,6897,43),(7041,1,0,12,1,2851,359,6899,43),(7042,1,0,12,1,2851,359,6901,43),(7043,1,0,12,1,2851,359,6903,43),(7044,1,0,15,1,2851,359,6905,43),(7045,1,0,15,1,2851,359,6907,43),(7046,1,0,15,1,2851,359,6909,43),(7047,1,0,12,1,2851,359,6911,43),(7048,1,0,15,1,2851,359,6914,43),(7049,1,0,12,1,2851,359,6916,43),(7050,1,0,12,1,2851,359,2558,43),(7051,1,0,12,1,2851,359,2909,43),(7052,1,0,12.5,1,2851,359,6920,43),(7053,1,0,12.5,1,2851,359,6922,43),(7054,1,0,12.5,1,2851,359,6924,43),(7055,1,0,12.5,1,2851,359,6928,43),(7056,1,0,18,1,2851,359,6930,43),(7057,1,0,18,1,2851,359,6932,43),(7058,1,0,18,1,2851,359,6934,43),(7059,1,0,18,1,2851,359,6936,43),(7060,1,0,16,1,2851,359,2932,43),(7061,1,0,16,1,2851,359,6939,43),(7062,1,0,16,1,2851,359,6941,43),(7063,1,0,16,1,2851,359,6943,43),(7064,1,0,15.5,1,2851,359,6949,43),(7065,1,0,15.5,1,2851,359,6951,43),(7066,1,0,15.5,1,2851,359,6953,43),(7067,1,0,14,1,2851,359,6955,43),(7068,1,0,14,1,2851,359,6957,43),(7069,1,0,14,1,2851,359,6959,43),(7070,1,0,15,1,2851,359,2883,43),(7071,1,0,13.5,1,2851,359,2560,43),(7072,1,0,17.5,1,2851,359,2865,43),(7073,1,0,17.5,1,2851,359,2871,43),(7074,1,0,17.5,1,2851,359,2885,43),(7075,1,0,17.5,1,2851,359,2911,43),(7076,1,0,13.25,1,2851,359,6851,46),(7077,1,0,16.5,1,2851,359,6853,46),(7078,1,0,12.5,1,2851,359,6855,46),(7079,1,0,10,1,2851,359,6857,46),(7080,1,0,7.5,1,2851,359,6859,46),(7081,1,0,15.5,1,2851,359,6861,46),(7082,1,0,5,1,2851,359,6867,46),(7083,1,0,11,1,2851,359,6869,46),(7084,1,0,15.5,1,2851,359,6871,46),(7085,1,0,16,1,2851,359,6873,46),(7086,1,0,19,1,2851,359,6875,46),(7087,1,0,10.5,1,2851,359,6877,46),(7088,1,0,9,1,2851,359,6879,46),(7089,1,0,8.75,1,2851,359,6881,46),(7090,1,0,12.5,1,2851,359,6883,46),(7091,1,0,10.5,1,2851,359,6885,46),(7092,1,0,10,1,2851,359,6887,46),(7093,1,0,8.5,1,2851,359,6889,46),(7094,1,0,16.5,1,2851,359,6891,46),(7095,1,0,17.25,1,2851,359,6895,46),(7096,1,0,13.5,1,2851,359,6897,46),(7097,1,0,12.25,1,2851,359,6899,46),(7098,1,0,16.25,1,2851,359,6901,46),(7099,1,0,10.25,1,2851,359,6903,46),(7100,1,0,16.25,1,2851,359,6905,46),(7101,1,0,12.5,1,2851,359,6907,46),(7102,1,0,8.25,1,2851,359,6909,46),(7103,1,0,5.5,1,2851,359,6911,46),(7104,1,0,16,1,2851,359,6914,46),(7105,1,0,9.5,1,2851,359,6916,46),(7106,1,0,6,1,2851,359,2558,46),(7107,1,0,12,1,2851,359,2909,46),(7108,1,0,14,1,2851,359,6920,46),(7109,1,0,16.25,1,2851,359,6922,46),(7110,1,0,13.75,1,2851,359,6924,46),(7111,1,0,8.75,1,2851,359,6928,46),(7112,1,0,10.5,1,2851,359,6930,46),(7113,1,0,13,1,2851,359,6932,46),(7114,1,0,10.5,1,2851,359,6934,46),(7115,1,0,13.5,1,2851,359,6936,46),(7116,1,0,11.75,1,2851,359,2932,46),(7117,1,0,15,1,2851,359,6939,46),(7118,1,0,12.5,1,2851,359,6941,46),(7119,1,0,15,1,2851,359,6943,46),(7120,1,0,14.25,1,2851,359,6949,46),(7121,1,0,16,1,2851,359,6951,46),(7122,1,0,11.25,1,2851,359,6953,46),(7123,1,0,11.75,1,2851,359,6955,46),(7124,1,0,8.75,1,2851,359,6957,46),(7125,1,0,10.5,1,2851,359,6959,46),(7126,1,0,8.75,1,2851,359,2560,46),(7127,1,0,14.5,1,2851,359,2865,46),(7128,1,0,16,1,2851,359,2871,46),(7129,1,0,16,1,2851,359,2885,46),(7130,1,0,15.5,1,2851,359,2911,46),(7131,1,1,12,1,2851,359,6867,46),(7132,1,1,15.5,1,2851,359,6881,46),(7133,1,1,12,1,2851,359,6911,46),(7134,1,1,6.5,1,2851,359,2558,46),(7135,1,1,14,1,2851,359,6928,46),(7201,1,0,16,1,2852,4971,2857,46),(7202,1,0,16,1,2852,4971,2859,46),(7203,1,0,16,1,2852,4971,2861,46),(7204,1,0,16,1,2852,4971,2863,46),(7205,1,0,16,1,2852,4971,2865,46),(7206,1,0,16,1,2852,4971,2867,46),(7207,1,0,16,1,2852,4971,2869,46),(7208,1,0,16,1,2852,4971,2871,46),(7209,1,0,16,1,2852,4971,2873,46),(7210,1,0,16,1,2852,4971,2875,46),(7211,1,0,16,1,2852,4971,2877,46),(7212,1,0,16,1,2852,4971,2879,46),(7213,1,0,16,1,2852,4971,2881,46),(7214,1,0,16,1,2852,4971,2883,46),(7215,1,0,16,1,2852,4971,2885,46),(7216,1,0,16,1,2852,4971,2887,46),(7217,1,0,16,1,2852,4971,2889,46),(7218,1,0,16,1,2852,4971,2893,46),(7219,1,0,16,1,2852,4971,2895,46),(7220,1,0,16,1,2852,4971,2897,46),(7221,1,0,16,1,2852,4971,2899,46),(7222,1,0,16,1,2852,4971,2901,46),(7223,1,0,16,1,2852,4971,2903,46),(7224,1,0,16,1,2852,4971,2905,46),(7225,1,0,16,1,2852,4971,2907,46),(7226,1,0,16,1,2852,4971,2909,46),(7227,1,0,16,1,2852,4971,2911,46),(7228,1,0,16,1,2852,4971,2913,46),(7229,1,0,16,1,2852,4971,2915,46),(7230,1,0,16,1,2852,4971,2917,46),(7231,1,0,16,1,2852,4971,2919,46),(7232,1,0,16,1,2852,4971,2921,46),(7233,1,0,16,1,2852,4971,2923,46),(7234,1,0,16,1,2852,4971,2560,46),(7235,1,0,16,1,2852,4971,2926,46),(7236,1,0,16,1,2852,4971,2928,46),(7237,1,0,16,1,2852,4971,2930,46),(7238,1,0,16,1,2852,4971,2932,46),(7239,1,0,16,1,2852,4971,2934,46),(7240,1,0,16,1,2852,4971,2936,46),(7241,1,0,16,1,2852,4971,2938,46),(7242,1,0,16,1,2852,4971,2940,46),(7243,1,0,16,1,2852,4971,2942,46),(7244,1,0,16,1,2852,4971,2857,43),(7245,1,0,16,1,2852,4971,2859,43),(7246,1,0,16,1,2852,4971,2861,43),(7247,1,0,16,1,2852,4971,2863,43),(7248,1,0,16,1,2852,4971,2865,43),(7249,1,0,16,1,2852,4971,2867,43),(7250,1,0,16,1,2852,4971,2869,43),(7251,1,0,16,1,2852,4971,2871,43),(7252,1,0,16,1,2852,4971,2873,43),(7253,1,0,16,1,2852,4971,2875,43),(7254,1,0,16,1,2852,4971,2877,43),(7255,1,0,16,1,2852,4971,2879,43),(7256,1,0,16,1,2852,4971,2881,43),(7257,1,0,16,1,2852,4971,2883,43),(7258,1,0,16,1,2852,4971,2885,43),(7259,1,0,16,1,2852,4971,2887,43),(7260,1,0,16,1,2852,4971,2889,43),(7261,1,0,16,1,2852,4971,2893,43),(7262,1,0,16,1,2852,4971,2895,43),(7263,1,0,16,1,2852,4971,2897,43),(7264,1,0,16,1,2852,4971,2899,43),(7265,1,0,16,1,2852,4971,2901,43),(7266,1,0,16,1,2852,4971,2903,43),(7267,1,0,16,1,2852,4971,2905,43),(7268,1,0,16,1,2852,4971,2907,43),(7269,1,0,16,1,2852,4971,2909,43),(7270,1,0,16,1,2852,4971,2911,43),(7271,1,0,16,1,2852,4971,2913,43),(7272,1,0,16,1,2852,4971,2915,43),(7273,1,0,16,1,2852,4971,2917,43),(7274,1,0,16,1,2852,4971,2919,43),(7275,1,0,16,1,2852,4971,2921,43),(7276,1,0,16,1,2852,4971,2923,43),(7277,1,0,16,1,2852,4971,2560,43),(7278,1,0,16,1,2852,4971,2926,43),(7279,1,0,16,1,2852,4971,2928,43),(7280,1,0,16,1,2852,4971,2930,43),(7281,1,0,16,1,2852,4971,2932,43),(7282,1,0,16,1,2852,4971,2934,43),(7283,1,0,16,1,2852,4971,2936,43),(7284,1,0,16,1,2852,4971,2938,43),(7285,1,0,16,1,2852,4971,2940,43),(7286,1,0,16,1,2852,4971,2942,43),(7287,1,0,16,1,2852,4971,2857,45),(7288,1,0,16,1,2852,4971,2859,45),(7289,1,0,16,1,2852,4971,2861,45),(7290,1,0,16,1,2852,4971,2863,45),(7291,1,0,16,1,2852,4971,2865,45),(7292,1,0,16,1,2852,4971,2867,45),(7293,1,0,16,1,2852,4971,2869,45),(7294,1,0,16,1,2852,4971,2871,45),(7295,1,0,16,1,2852,4971,2873,45),(7296,1,0,16,1,2852,4971,2875,45),(7297,1,0,16,1,2852,4971,2877,45),(7298,1,0,16,1,2852,4971,2879,45),(7299,1,0,16,1,2852,4971,2881,45),(7300,1,0,16,1,2852,4971,2883,45),(7301,1,0,16,1,2852,4971,2885,45),(7302,1,0,16,1,2852,4971,2887,45),(7303,1,0,16,1,2852,4971,2889,45),(7304,1,0,16,1,2852,4971,2893,45),(7305,1,0,16,1,2852,4971,2895,45),(7306,1,0,16,1,2852,4971,2897,45),(7307,1,0,16,1,2852,4971,2899,45),(7308,1,0,16,1,2852,4971,2901,45),(7309,1,0,16,1,2852,4971,2903,45),(7310,1,0,16,1,2852,4971,2905,45),(7311,1,0,16,1,2852,4971,2907,45),(7312,1,0,16,1,2852,4971,2909,45),(7313,1,0,16,1,2852,4971,2911,45),(7314,1,0,16,1,2852,4971,2913,45),(7315,1,0,16,1,2852,4971,2915,45),(7316,1,0,16,1,2852,4971,2917,45),(7317,1,0,16,1,2852,4971,2919,45),(7318,1,0,16,1,2852,4971,2921,45),(7319,1,0,16,1,2852,4971,2923,45),(7320,1,0,16,1,2852,4971,2560,45),(7321,1,0,16,1,2852,4971,2926,45),(7322,1,0,16,1,2852,4971,2928,45),(7323,1,0,16,1,2852,4971,2930,45),(7324,1,0,16,1,2852,4971,2932,45),(7325,1,0,16,1,2852,4971,2934,45),(7326,1,0,16,1,2852,4971,2936,45),(7327,1,0,16,1,2852,4971,2938,45),(7328,1,0,16,1,2852,4971,2940,45),(7329,1,0,16,1,2852,4971,2942,45);
/*!40000 ALTER TABLE `NOTE` ENABLE KEYS */;
UNLOCK TABLES;

--
-- Table structure for table `OPTIONS`
--

DROP TABLE IF EXISTS `OPTIONS`;
/*!40101 SET @saved_cs_client     = @@character_set_client */;
/*!40101 SET character_set_client = utf8 */;
CREATE TABLE `OPTIONS` (
  `ID` bigint(20) NOT NULL,
  `ACTIVE` int(11) DEFAULT '1',
  `CODE` varchar(255) DEFAULT NULL,
  `DESCRIPTION` varchar(255) DEFAULT NULL,
  `VERSION` int(11) DEFAULT NULL,
  `DEPARTEMENT_ID` bigint(20) DEFAULT NULL,
  PRIMARY KEY (`ID`),
  UNIQUE KEY `CODE` (`CODE`),
  KEY `FK_OPTIONS_DEPARTEMENT_ID` (`DEPARTEMENT_ID`),
  CONSTRAINT `FK_OPTIONS_DEPARTEMENT_ID` FOREIGN KEY (`DEPARTEMENT_ID`) REFERENCES `DEPARTEMENT` (`ID`)
) ENGINE=InnoDB DEFAULT CHARSET=latin1;
/*!40101 SET character_set_client = @saved_cs_client */;

--
-- Dumping data for table `OPTIONS`
--

LOCK TABLES `OPTIONS` WRITE;
/*!40000 ALTER TABLE `OPTIONS` DISABLE KEYS */;
INSERT INTO `OPTIONS` VALUES (10,1,'INFOTEL','Informatique et Télécommunications',1,8),(11,1,'IG','Informatique de Gestion / Analyste Programmeur',1,8),(12,1,'TELECOM','Télécommunications',1,8),(13,1,'SEAD','Sécurité et Administration Réseaux',1,8),(14,1,'AGEPD','Agriculture, Elevage et Produits Dérivés',1,9),(15,1,'PAA','Productions Animales et Aquaculture',1,9),(16,1,'PV','Productions Végétales',1,9),(17,1,'AGRAL','Agro-Alimentaire',1,9),(18,1,'EAME','Economie Agricole et Management des Entreprises',1,9),(2302,1,'ENREN','Energies Renouvelables',1,2301);
/*!40000 ALTER TABLE `OPTIONS` ENABLE KEYS */;
UNLOCK TABLES;

--
-- Table structure for table `PARCOURS`
--

DROP TABLE IF EXISTS `PARCOURS`;
/*!40101 SET @saved_cs_client     = @@character_set_client */;
/*!40101 SET character_set_client = utf8 */;
CREATE TABLE `PARCOURS` (
  `ID` bigint(20) NOT NULL,
  `ACTIVE` int(11) DEFAULT '1',
  `VERSION` int(11) DEFAULT NULL,
  `NIVEAU_ID` bigint(20) DEFAULT NULL,
  `OPTION_ID` bigint(20) DEFAULT NULL,
  PRIMARY KEY (`ID`),
  UNIQUE KEY `UNQ_PARCOURS_0` (`NIVEAU_ID`,`OPTION_ID`),
  KEY `FK_PARCOURS_OPTION_ID` (`OPTION_ID`),
  CONSTRAINT `FK_PARCOURS_NIVEAU_ID` FOREIGN KEY (`NIVEAU_ID`) REFERENCES `NIVEAU` (`ID`),
  CONSTRAINT `FK_PARCOURS_OPTION_ID` FOREIGN KEY (`OPTION_ID`) REFERENCES `OPTIONS` (`ID`)
) ENGINE=InnoDB DEFAULT CHARSET=latin1;
/*!40101 SET character_set_client = @saved_cs_client */;

--
-- Dumping data for table `PARCOURS`
--

LOCK TABLES `PARCOURS` WRITE;
/*!40000 ALTER TABLE `PARCOURS` DISABLE KEYS */;
INSERT INTO `PARCOURS` VALUES (30,1,1,3,10),(31,1,1,4,10),(32,1,1,5,11),(33,1,1,5,13),(34,1,1,5,12),(35,1,1,3,14),(36,1,1,4,14),(37,1,1,5,17),(38,1,1,5,18),(39,1,1,5,15),(40,1,1,5,16),(1151,1,1,6,17),(1152,1,1,6,18),(1153,1,1,6,15),(1154,1,1,6,16),(1155,1,1,7,17),(1156,1,1,7,18),(1157,1,1,7,15),(1158,1,1,7,16),(2303,1,1,3,2302),(2304,1,1,4,2302),(2305,1,1,6,2302);
/*!40000 ALTER TABLE `PARCOURS` ENABLE KEYS */;
UNLOCK TABLES;

--
-- Table structure for table `PROGRAMME`
--

DROP TABLE IF EXISTS `PROGRAMME`;
/*!40101 SET @saved_cs_client     = @@character_set_client */;
/*!40101 SET character_set_client = utf8 */;
CREATE TABLE `PROGRAMME` (
  `ID` bigint(20) NOT NULL,
  `ACTIVE` int(11) DEFAULT '1',
  `VERSION` int(11) DEFAULT NULL,
  `ANNEEACADEMIQUE_ID` bigint(20) DEFAULT NULL,
  `PARCOURS_ID` bigint(20) DEFAULT NULL,
  `SEMESTRE_ID` bigint(20) DEFAULT NULL,
  `UNITEENSEIGNEMENT_ID` bigint(20) DEFAULT NULL,
  PRIMARY KEY (`ID`),
  UNIQUE KEY `UNQ_PROGRAMME_0` (`SEMESTRE_ID`,`ANNEEACADEMIQUE_ID`,`PARCOURS_ID`,`UNITEENSEIGNEMENT_ID`),
  KEY `FK_PROGRAMME_PARCOURS_ID` (`PARCOURS_ID`),
  KEY `FK_PROGRAMME_ANNEEACADEMIQUE_ID` (`ANNEEACADEMIQUE_ID`),
  KEY `FK_PROGRAMME_UNITEENSEIGNEMENT_ID` (`UNITEENSEIGNEMENT_ID`),
  CONSTRAINT `FK_PROGRAMME_ANNEEACADEMIQUE_ID` FOREIGN KEY (`ANNEEACADEMIQUE_ID`) REFERENCES `ANNEEACADEMIQUE` (`ID`),
  CONSTRAINT `FK_PROGRAMME_PARCOURS_ID` FOREIGN KEY (`PARCOURS_ID`) REFERENCES `PARCOURS` (`ID`),
  CONSTRAINT `FK_PROGRAMME_SEMESTRE_ID` FOREIGN KEY (`SEMESTRE_ID`) REFERENCES `SEMESTRE` (`ID`),
  CONSTRAINT `FK_PROGRAMME_UNITEENSEIGNEMENT_ID` FOREIGN KEY (`UNITEENSEIGNEMENT_ID`) REFERENCES `UNITEENSEIGNEMENT` (`ID`)
) ENGINE=InnoDB DEFAULT CHARSET=latin1;
/*!40101 SET character_set_client = @saved_cs_client */;

--
-- Dumping data for table `PROGRAMME`
--

LOCK TABLES `PROGRAMME` WRITE;
/*!40000 ALTER TABLE `PROGRAMME` DISABLE KEYS */;
INSERT INTO `PROGRAMME` VALUES (751,1,1,29,30,19,369),(851,1,1,29,30,19,364),(852,1,1,29,30,19,365),(853,1,1,29,30,19,366),(901,1,1,29,30,19,367),(902,1,1,29,30,19,368),(903,1,1,29,30,19,370),(904,1,1,29,30,19,371),(2631,1,1,29,31,21,2623),(2632,1,1,29,31,21,2624),(2633,1,1,29,31,21,2625),(2634,1,1,29,31,21,2626),(2635,1,1,29,31,21,2627),(2636,1,1,29,31,21,2628),(2637,1,1,29,31,21,2629),(2638,1,1,29,31,21,2630),(2944,1,1,2852,30,19,364),(2945,1,1,2852,30,19,365),(2946,1,1,2852,30,19,366),(2947,1,1,2852,30,19,367),(2948,1,1,2852,30,19,368),(2949,1,1,2852,30,19,369),(2951,1,1,2852,30,19,371),(2952,1,1,2852,30,19,370),(4974,1,1,2852,30,20,4951),(4975,1,1,2852,30,20,4952),(4976,1,1,2852,30,20,4953),(4977,1,1,2852,30,20,4954),(4978,1,1,2852,30,20,4955),(4979,1,1,2852,30,20,4956),(4980,1,1,2852,30,20,4957),(4981,1,1,2852,30,20,4973),(4982,1,1,2852,30,20,4958),(7136,1,1,2851,30,19,371),(7137,1,1,2851,30,19,369);
/*!40000 ALTER TABLE `PROGRAMME` ENABLE KEYS */;
UNLOCK TABLES;

--
-- Table structure for table `SEMESTRE`
--

DROP TABLE IF EXISTS `SEMESTRE`;
/*!40101 SET @saved_cs_client     = @@character_set_client */;
/*!40101 SET character_set_client = utf8 */;
CREATE TABLE `SEMESTRE` (
  `ID` bigint(20) NOT NULL,
  `ACTIVE` int(11) DEFAULT '1',
  `INTITULE` varchar(255) DEFAULT NULL,
  `VERSION` int(11) DEFAULT NULL,
  `NIVEAU_ID` bigint(20) DEFAULT NULL,
  PRIMARY KEY (`ID`),
  UNIQUE KEY `INTITULE` (`INTITULE`),
  KEY `FK_SEMESTRE_NIVEAU_ID` (`NIVEAU_ID`),
  CONSTRAINT `FK_SEMESTRE_NIVEAU_ID` FOREIGN KEY (`NIVEAU_ID`) REFERENCES `NIVEAU` (`ID`)
) ENGINE=InnoDB DEFAULT CHARSET=latin1;
/*!40101 SET character_set_client = @saved_cs_client */;

--
-- Dumping data for table `SEMESTRE`
--

LOCK TABLES `SEMESTRE` WRITE;
/*!40000 ALTER TABLE `SEMESTRE` DISABLE KEYS */;
INSERT INTO `SEMESTRE` VALUES (19,1,'Semestre 1',1,3),(20,1,'Semestre 2',1,3),(21,1,'Semestre 3',1,4),(22,1,'Semestre 4',1,4),(23,1,'Semestre 5',1,5),(24,1,'Semestre 6',1,5),(25,1,'Semestre 7',1,6),(26,1,'Semestre 8',1,6),(27,1,'Semestre 9',1,7),(28,1,'Semestre 10',1,7);
/*!40000 ALTER TABLE `SEMESTRE` ENABLE KEYS */;
UNLOCK TABLES;

--
-- Table structure for table `SEQUENCE`
--

DROP TABLE IF EXISTS `SEQUENCE`;
/*!40101 SET @saved_cs_client     = @@character_set_client */;
/*!40101 SET character_set_client = utf8 */;
CREATE TABLE `SEQUENCE` (
  `SEQ_NAME` varchar(50) NOT NULL,
  `SEQ_COUNT` decimal(38,0) DEFAULT NULL,
  PRIMARY KEY (`SEQ_NAME`)
) ENGINE=InnoDB DEFAULT CHARSET=latin1;
/*!40101 SET character_set_client = @saved_cs_client */;

--
-- Dumping data for table `SEQUENCE`
--

LOCK TABLES `SEQUENCE` WRITE;
/*!40000 ALTER TABLE `SEQUENCE` DISABLE KEYS */;
INSERT INTO `SEQUENCE` VALUES ('SEQ_GEN',7350);
/*!40000 ALTER TABLE `SEQUENCE` ENABLE KEYS */;
UNLOCK TABLES;

--
-- Table structure for table `TYPECOURS`
--

DROP TABLE IF EXISTS `TYPECOURS`;
/*!40101 SET @saved_cs_client     = @@character_set_client */;
/*!40101 SET character_set_client = utf8 */;
CREATE TABLE `TYPECOURS` (
  `ID` bigint(20) NOT NULL,
  `ACTIVE` int(11) DEFAULT '1',
  `NOM` varchar(255) DEFAULT NULL,
  `VERSION` int(11) DEFAULT NULL,
  PRIMARY KEY (`ID`),
  UNIQUE KEY `NOM` (`NOM`)
) ENGINE=InnoDB DEFAULT CHARSET=latin1;
/*!40101 SET character_set_client = @saved_cs_client */;

--
-- Dumping data for table `TYPECOURS`
--

LOCK TABLES `TYPECOURS` WRITE;
/*!40000 ALTER TABLE `TYPECOURS` DISABLE KEYS */;
INSERT INTO `TYPECOURS` VALUES (41,1,'UE avec CC TPE et Examen',2),(201,1,'UE avec TP',1),(304,1,'UE TP',1),(951,1,'Zozo',1),(1051,1,'UE avec TPE TP et Examen',2);
/*!40000 ALTER TABLE `TYPECOURS` ENABLE KEYS */;
UNLOCK TABLES;

--
-- Table structure for table `UNITEENSEIGNEMENT`
--

DROP TABLE IF EXISTS `UNITEENSEIGNEMENT`;
/*!40101 SET @saved_cs_client     = @@character_set_client */;
/*!40101 SET character_set_client = utf8 */;
CREATE TABLE `UNITEENSEIGNEMENT` (
  `ID` bigint(20) NOT NULL,
  `ACTIVE` int(11) DEFAULT '1',
  `CODE` varchar(255) DEFAULT NULL,
  `INTITULE` varchar(255) DEFAULT NULL,
  `VERSION` int(11) DEFAULT NULL,
  `HASOPTIONALCHOICES` tinyint(1) DEFAULT '0',
  PRIMARY KEY (`ID`),
  UNIQUE KEY `CODE` (`CODE`)
) ENGINE=InnoDB DEFAULT CHARSET=latin1;
/*!40101 SET character_set_client = @saved_cs_client */;

--
-- Dumping data for table `UNITEENSEIGNEMENT`
--

LOCK TABLES `UNITEENSEIGNEMENT` WRITE;
/*!40000 ALTER TABLE `UNITEENSEIGNEMENT` DISABLE KEYS */;
INSERT INTO `UNITEENSEIGNEMENT` VALUES (364,1,'ITEL110','Mathématiques 1',2,0),(365,1,'ITEL111','Circuits Logiques 1',2,0),(366,1,'ITEL112','Electronique de base',2,0),(367,1,'ITEL113','Circuits Electriques',2,0),(368,1,'ITEL114','Electromagnétisme 1',2,0),(369,1,'ITEL115','Algorithmique et Programmation',2,0),(370,1,'ITEL116','Mécanique du point matériel ou Schéma Electrique',2,1),(371,1,'ITEL117','Communication Scientifique',2,0),(2623,1,'ITEL230','Mathematiques 3',4,0),(2624,1,'ITEL231','Architecture des Ordinateurs',2,0),(2625,1,'ITEL232','Programmation et Base de Données',2,0),(2626,1,'ITEL233','Electrotechnique',2,0),(2627,1,'ITEL234','Signaux et Systèmes',2,0),(2628,1,'ITEL235','Communication Analogique',2,0),(2629,1,'ITEL236','Communication Technique',2,0),(2630,1,'ITEL237','Economie et Droit Civil',2,0),(4951,1,'ITEL120','Mathématiques 2',2,0),(4952,1,'ITEL121','Circuits Logiques 2',2,0),(4953,1,'ITEL122','Systèmes d\'Exploitation 1',2,0),(4954,1,'ITEL123','Algorithmique et Structures de données',2,0),(4955,1,'ITEL124','Réseau et Technologies Web',2,0),(4956,1,'ITEL125','Electromagnétisme 2',2,0),(4957,1,'ITEL126','Dessin Technique et Technologies des Matériaux',2,0),(4958,1,'ITEL128','Stage',2,0),(4973,1,'ITEL127','Sports et Education Physique',1,0);
/*!40000 ALTER TABLE `UNITEENSEIGNEMENT` ENABLE KEYS */;
UNLOCK TABLES;

--
-- Table structure for table `UNITEENSEIGNEMENT_COURS`
--

DROP TABLE IF EXISTS `UNITEENSEIGNEMENT_COURS`;
/*!40101 SET @saved_cs_client     = @@character_set_client */;
/*!40101 SET character_set_client = utf8 */;
CREATE TABLE `UNITEENSEIGNEMENT_COURS` (
  `courses_ID` bigint(20) NOT NULL,
  `uniteEnseignements_ID` bigint(20) NOT NULL,
  PRIMARY KEY (`courses_ID`,`uniteEnseignements_ID`),
  KEY `FK_UNITEENSEIGNEMENT_COURS_uniteEnseignements_ID` (`uniteEnseignements_ID`),
  CONSTRAINT `FK_UNITEENSEIGNEMENT_COURS_courses_ID` FOREIGN KEY (`courses_ID`) REFERENCES `COURS` (`ID`),
  CONSTRAINT `FK_UNITEENSEIGNEMENT_COURS_uniteEnseignements_ID` FOREIGN KEY (`uniteEnseignements_ID`) REFERENCES `UNITEENSEIGNEMENT` (`ID`)
) ENGINE=InnoDB DEFAULT CHARSET=latin1;
/*!40101 SET character_set_client = @saved_cs_client */;

--
-- Dumping data for table `UNITEENSEIGNEMENT_COURS`
--

LOCK TABLES `UNITEENSEIGNEMENT_COURS` WRITE;
/*!40000 ALTER TABLE `UNITEENSEIGNEMENT_COURS` DISABLE KEYS */;
INSERT INTO `UNITEENSEIGNEMENT_COURS` VALUES (351,364),(352,364),(353,365),(354,366),(355,366),(356,367),(357,368),(358,368),(359,369),(360,369),(361,370),(362,370),(363,371),(2609,2623),(2610,2623),(2611,2624),(2612,2625),(2613,2625),(2614,2626),(2615,2626),(2616,2627),(2617,2627),(2618,2628),(2619,2628),(2620,2629),(2621,2630),(2622,2630),(4959,4951),(4960,4951),(4961,4952),(4962,4952),(4963,4953),(4964,4954),(4965,4954),(4966,4955),(4967,4955),(4968,4956),(4969,4957),(4970,4957),(4972,4958),(4971,4973);
/*!40000 ALTER TABLE `UNITEENSEIGNEMENT_COURS` ENABLE KEYS */;
UNLOCK TABLES;
/*!40103 SET TIME_ZONE=@OLD_TIME_ZONE */;

/*!40101 SET SQL_MODE=@OLD_SQL_MODE */;
/*!40014 SET FOREIGN_KEY_CHECKS=@OLD_FOREIGN_KEY_CHECKS */;
/*!40014 SET UNIQUE_CHECKS=@OLD_UNIQUE_CHECKS */;
/*!40101 SET CHARACTER_SET_CLIENT=@OLD_CHARACTER_SET_CLIENT */;
/*!40101 SET CHARACTER_SET_RESULTS=@OLD_CHARACTER_SET_RESULTS */;
/*!40101 SET COLLATION_CONNECTION=@OLD_COLLATION_CONNECTION */;
/*!40111 SET SQL_NOTES=@OLD_SQL_NOTES */;

-- Dump completed on 2015-05-30 13:20:57
