-- MySQL dump 10.13  Distrib 5.5.41, for debian-linux-gnu (i686)
--
-- Host: localhost    Database: notes
-- ------------------------------------------------------
-- Server version	5.5.41-0ubuntu0.14.04.1

/*!40101 SET @OLD_CHARACTER_SET_CLIENT=@@CHARACTER_SET_CLIENT */;
/*!40101 SET @OLD_CHARACTER_SET_RESULTS=@@CHARACTER_SET_RESULTS */;
/*!40101 SET @OLD_COLLATION_CONNECTION=@@COLLATION_CONNECTION */;
/*!40101 SET NAMES utf8 */;
/*!40103 SET @OLD_TIME_ZONE=@@TIME_ZONE */;
/*!40103 SET TIME_ZONE='+00:00' */;
/*!40014 SET @OLD_UNIQUE_CHECKS=@@UNIQUE_CHECKS, UNIQUE_CHECKS=0 */;
/*!40014 SET @OLD_FOREIGN_KEY_CHECKS=@@FOREIGN_KEY_CHECKS, FOREIGN_KEY_CHECKS=0 */;
/*!40101 SET @OLD_SQL_MODE=@@SQL_MODE, SQL_MODE='NO_AUTO_VALUE_ON_ZERO' */;
/*!40111 SET @OLD_SQL_NOTES=@@SQL_NOTES, SQL_NOTES=0 */;

--
-- Current Database: `notes`
--

CREATE DATABASE /*!32312 IF NOT EXISTS*/ `notes` /*!40100 DEFAULT CHARACTER SET latin1 */;

USE `notes`;

--
-- Table structure for table `ANNEEACADEMIQUE`
--

DROP TABLE IF EXISTS `ANNEEACADEMIQUE`;
/*!40101 SET @saved_cs_client     = @@character_set_client */;
/*!40101 SET character_set_client = utf8 */;
CREATE TABLE `ANNEEACADEMIQUE` (
  `ID` bigint(20) NOT NULL,
  `ACTIVE` int(11) DEFAULT '1',
  `DEBUT` date DEFAULT NULL,
  `FIN` date DEFAULT NULL,
  `VERSION` int(11) DEFAULT NULL,
  PRIMARY KEY (`ID`)
) ENGINE=InnoDB DEFAULT CHARSET=latin1;
/*!40101 SET character_set_client = @saved_cs_client */;

--
-- Dumping data for table `ANNEEACADEMIQUE`
--

LOCK TABLES `ANNEEACADEMIQUE` WRITE;
/*!40000 ALTER TABLE `ANNEEACADEMIQUE` DISABLE KEYS */;
INSERT INTO `ANNEEACADEMIQUE` VALUES (29,1,'2014-10-06','2015-09-26',1);
/*!40000 ALTER TABLE `ANNEEACADEMIQUE` ENABLE KEYS */;
UNLOCK TABLES;

--
-- Table structure for table `COURS`
--

DROP TABLE IF EXISTS `COURS`;
/*!40101 SET @saved_cs_client     = @@character_set_client */;
/*!40101 SET character_set_client = utf8 */;
CREATE TABLE `COURS` (
  `ID` bigint(20) NOT NULL,
  `ACTIVE` int(11) DEFAULT '1',
  `CREDIT` int(11) DEFAULT NULL,
  `INTITULE` varchar(255) DEFAULT NULL,
  `VERSION` int(11) DEFAULT NULL,
  `TYPECOURS_ID` bigint(20) DEFAULT NULL,
  PRIMARY KEY (`ID`),
  UNIQUE KEY `INTITULE` (`INTITULE`),
  KEY `FK_COURS_TYPECOURS_ID` (`TYPECOURS_ID`),
  CONSTRAINT `FK_COURS_TYPECOURS_ID` FOREIGN KEY (`TYPECOURS_ID`) REFERENCES `TYPECOURS` (`ID`)
) ENGINE=InnoDB DEFAULT CHARSET=latin1;
/*!40101 SET character_set_client = @saved_cs_client */;

--
-- Dumping data for table `COURS`
--

LOCK TABLES `COURS` WRITE;
/*!40000 ALTER TABLE `COURS` DISABLE KEYS */;
INSERT INTO `COURS` VALUES (351,1,3,'Analyse 1',1,41),(352,1,3,'Algèbre 1',1,41),(353,1,3,'Circuits Logiques 1',1,41),(354,1,3,'TP Electronique 1',1,304),(355,1,2,'Electronique de base',1,41),(356,1,2,'Circuits Electriques',1,41),(357,1,2,'Electromagnétisme 1',1,41),(358,1,2,'Optique Géométrique',1,41),(359,1,4,'Algorithmique et Programmation',1,41),(360,1,2,'Introduction à l\'informatique',1,41),(361,1,2,'Mécanique du Point Matériel',1,41),(362,1,2,'Schéma Electrique',1,41),(363,1,2,'Communation Scientifique',1,41);
/*!40000 ALTER TABLE `COURS` ENABLE KEYS */;
UNLOCK TABLES;

--
-- Table structure for table `CYCLES`
--

DROP TABLE IF EXISTS `CYCLES`;
/*!40101 SET @saved_cs_client     = @@character_set_client */;
/*!40101 SET character_set_client = utf8 */;
CREATE TABLE `CYCLES` (
  `ID` bigint(20) NOT NULL,
  `ACTIVE` int(11) DEFAULT '1',
  `NOM` varchar(255) DEFAULT NULL,
  `VERSION` int(11) DEFAULT NULL,
  PRIMARY KEY (`ID`),
  UNIQUE KEY `NOM` (`NOM`)
) ENGINE=InnoDB DEFAULT CHARSET=latin1;
/*!40101 SET character_set_client = @saved_cs_client */;

--
-- Dumping data for table `CYCLES`
--

LOCK TABLES `CYCLES` WRITE;
/*!40000 ALTER TABLE `CYCLES` DISABLE KEYS */;
INSERT INTO `CYCLES` VALUES (1,1,'Licence',1),(2,1,'Master',1);
/*!40000 ALTER TABLE `CYCLES` ENABLE KEYS */;
UNLOCK TABLES;

--
-- Table structure for table `DEPARTEMENT`
--

DROP TABLE IF EXISTS `DEPARTEMENT`;
/*!40101 SET @saved_cs_client     = @@character_set_client */;
/*!40101 SET character_set_client = utf8 */;
CREATE TABLE `DEPARTEMENT` (
  `ID` bigint(20) NOT NULL,
  `ACTIVE` int(11) DEFAULT '1',
  `CODE` varchar(255) DEFAULT NULL,
  `DESCRIPTION` varchar(255) DEFAULT NULL,
  `VERSION` int(11) DEFAULT NULL,
  PRIMARY KEY (`ID`),
  UNIQUE KEY `CODE` (`CODE`)
) ENGINE=InnoDB DEFAULT CHARSET=latin1;
/*!40101 SET character_set_client = @saved_cs_client */;

--
-- Dumping data for table `DEPARTEMENT`
--

LOCK TABLES `DEPARTEMENT` WRITE;
/*!40000 ALTER TABLE `DEPARTEMENT` DISABLE KEYS */;
INSERT INTO `DEPARTEMENT` VALUES (8,1,'INFOTEL','Informatique et Télécommunications',1),(9,1,'AGEPD','Agriculture, Elevage et Produits Dérivés',1);
/*!40000 ALTER TABLE `DEPARTEMENT` ENABLE KEYS */;
UNLOCK TABLES;

--
-- Table structure for table `ENSEIGNANT`
--

DROP TABLE IF EXISTS `ENSEIGNANT`;
/*!40101 SET @saved_cs_client     = @@character_set_client */;
/*!40101 SET character_set_client = utf8 */;
CREATE TABLE `ENSEIGNANT` (
  `ID` bigint(20) NOT NULL,
  `ACTIVE` int(11) DEFAULT '1',
  `NOM` varchar(255) DEFAULT NULL,
  `VERSION` int(11) DEFAULT NULL,
  PRIMARY KEY (`ID`)
) ENGINE=InnoDB DEFAULT CHARSET=latin1;
/*!40101 SET character_set_client = @saved_cs_client */;

--
-- Dumping data for table `ENSEIGNANT`
--

LOCK TABLES `ENSEIGNANT` WRITE;
/*!40000 ALTER TABLE `ENSEIGNANT` DISABLE KEYS */;
INSERT INTO `ENSEIGNANT` VALUES (801,1,'Vincent Douwe',1);
/*!40000 ALTER TABLE `ENSEIGNANT` ENABLE KEYS */;
UNLOCK TABLES;

--
-- Table structure for table `ENSEIGNEMENT`
--

DROP TABLE IF EXISTS `ENSEIGNEMENT`;
/*!40101 SET @saved_cs_client     = @@character_set_client */;
/*!40101 SET character_set_client = utf8 */;
CREATE TABLE `ENSEIGNEMENT` (
  `ID` bigint(20) NOT NULL,
  `ACTIVE` int(11) DEFAULT '1',
  `VERSION` int(11) DEFAULT NULL,
  `ANNEEACADEMIQUE_ID` bigint(20) DEFAULT NULL,
  `COURS_ID` bigint(20) DEFAULT NULL,
  PRIMARY KEY (`ID`),
  KEY `FK_ENSEIGNEMENT_COURS_ID` (`COURS_ID`),
  KEY `FK_ENSEIGNEMENT_ANNEEACADEMIQUE_ID` (`ANNEEACADEMIQUE_ID`),
  CONSTRAINT `FK_ENSEIGNEMENT_ANNEEACADEMIQUE_ID` FOREIGN KEY (`ANNEEACADEMIQUE_ID`) REFERENCES `ANNEEACADEMIQUE` (`ID`),
  CONSTRAINT `FK_ENSEIGNEMENT_COURS_ID` FOREIGN KEY (`COURS_ID`) REFERENCES `COURS` (`ID`)
) ENGINE=InnoDB DEFAULT CHARSET=latin1;
/*!40101 SET character_set_client = @saved_cs_client */;

--
-- Dumping data for table `ENSEIGNEMENT`
--

LOCK TABLES `ENSEIGNEMENT` WRITE;
/*!40000 ALTER TABLE `ENSEIGNEMENT` DISABLE KEYS */;
/*!40000 ALTER TABLE `ENSEIGNEMENT` ENABLE KEYS */;
UNLOCK TABLES;

--
-- Table structure for table `ENSEIGNEMENT_ENSEIGNANT`
--

DROP TABLE IF EXISTS `ENSEIGNEMENT_ENSEIGNANT`;
/*!40101 SET @saved_cs_client     = @@character_set_client */;
/*!40101 SET character_set_client = utf8 */;
CREATE TABLE `ENSEIGNEMENT_ENSEIGNANT` (
  `enseignants_ID` bigint(20) NOT NULL,
  `enseignements_ID` bigint(20) NOT NULL,
  PRIMARY KEY (`enseignants_ID`,`enseignements_ID`),
  KEY `FK_ENSEIGNEMENT_ENSEIGNANT_enseignements_ID` (`enseignements_ID`),
  CONSTRAINT `FK_ENSEIGNEMENT_ENSEIGNANT_enseignants_ID` FOREIGN KEY (`enseignants_ID`) REFERENCES `ENSEIGNANT` (`ID`),
  CONSTRAINT `FK_ENSEIGNEMENT_ENSEIGNANT_enseignements_ID` FOREIGN KEY (`enseignements_ID`) REFERENCES `ENSEIGNEMENT` (`ID`)
) ENGINE=InnoDB DEFAULT CHARSET=latin1;
/*!40101 SET character_set_client = @saved_cs_client */;

--
-- Dumping data for table `ENSEIGNEMENT_ENSEIGNANT`
--

LOCK TABLES `ENSEIGNEMENT_ENSEIGNANT` WRITE;
/*!40000 ALTER TABLE `ENSEIGNEMENT_ENSEIGNANT` DISABLE KEYS */;
/*!40000 ALTER TABLE `ENSEIGNEMENT_ENSEIGNANT` ENABLE KEYS */;
UNLOCK TABLES;

--
-- Table structure for table `ETUDIANT`
--

DROP TABLE IF EXISTS `ETUDIANT`;
/*!40101 SET @saved_cs_client     = @@character_set_client */;
/*!40101 SET character_set_client = utf8 */;
CREATE TABLE `ETUDIANT` (
  `ID` bigint(20) NOT NULL,
  `ACTIVE` int(11) DEFAULT '1',
  `DATEDENAISSANCE` date DEFAULT NULL,
  `EMAIL` varchar(255) DEFAULT NULL,
  `GENRE` int(11) DEFAULT NULL,
  `LIEUDENAISSANCE` varchar(255) DEFAULT NULL,
  `MATRICULE` varchar(255) DEFAULT NULL,
  `NOM` varchar(255) NOT NULL,
  `NUMEROTELEPHONE` varchar(255) DEFAULT NULL,
  `VERSION` int(11) DEFAULT NULL,
  PRIMARY KEY (`ID`),
  UNIQUE KEY `MATRICULE` (`MATRICULE`)
) ENGINE=InnoDB DEFAULT CHARSET=latin1;
/*!40101 SET character_set_client = @saved_cs_client */;

--
-- Dumping data for table `ETUDIANT`
--

LOCK TABLES `ETUDIANT` WRITE;
/*!40000 ALTER TABLE `ETUDIANT` DISABLE KEYS */;
INSERT INTO `ETUDIANT` VALUES (372,1,'1991-03-26',NULL,0,'MAROUA','14A756S','ABDOUL-AZIZ YOUGOUDA',NULL,1),(374,1,'1992-03-08',NULL,0,'DJARENGOL KODEK','14A311S','ABDOUL-AZIZE ALIOUM',NULL,1),(376,1,'1992-06-18',NULL,0,'GAROUA','14A686S','ABDOULKADIRI BELLO',NULL,1),(378,1,'1996-10-24',NULL,0,'LAGDO','14A495S','ABDOULRAMANE ABOU DJAFAR',NULL,1),(380,1,'1994-12-18',NULL,0,'MAROUA','14A687S','ADOUM ALI TAIGA',NULL,1),(382,1,'1993-10-15',NULL,0,'NGAOUNDAL','14A409S','ALGER SOULEYMANOU ABDOU',NULL,1),(384,1,'1996-01-18',NULL,0,'MESKINE','14A481S','AOUDAI BARTHELEMY',NULL,1),(386,1,'1992-11-16',NULL,0,'BAFOUSSAM','14A353S','ATTALA DOMPTUE THIERRY EMMANUEL',NULL,1),(388,1,'1990-05-15',NULL,0,'BERTOUA','14A666S','BASSONG STEVE DARYL DAN',NULL,1),(390,1,'1993-07-11',NULL,0,'BERTOUA','14A565S','BIET MOADOUGOU DELASTEYRIE',NULL,1),(392,1,'1997-11-07',NULL,1,'TOUBORO','14A616S','BOUGH JEMIMA',NULL,1),(394,1,'1997-09-30',NULL,0,'GODOLA-MERI','14A688S','DELI ETIENNE',NULL,1),(396,1,'1994-07-31',NULL,1,'TCHEBOA','14A442S','DIDIWA FATOUMATA',NULL,1),(398,1,'1991-06-23',NULL,0,'GAROUA','14A279S','DOBA MANGASSE VALERE FRANCIS',NULL,1),(400,1,'1992-04-22',NULL,0,'YAOUNDE','14A319S','EL HADJ ADAM MAHAMAT ADAM',NULL,1),(402,1,'1989-07-02',NULL,1,'MBOUROUKOU','14A164S','EMATI EPOTE JEANINE POUPINA',NULL,1),(404,1,'1992-08-28',NULL,0,'MAYO-OULO','14A341S','FAOUZI EL MANSOUR',NULL,1),(406,1,'1993-06-13',NULL,0,'YAOUNDE','14A386S','FOTSING TADJOU STEPHANE',NULL,1),(408,1,'1992-03-09',NULL,0,'NGAOUNDERE','14A312S','GUEDENA ADOLPHE',NULL,1),(410,1,'1994-06-29',NULL,0,'MOKOLO','14A439S','GUEDJEO ABDOUL NASSER',NULL,1),(412,1,'1997-02-23',NULL,0,'YAOUNDE','14A500S','GUY MBEREBE GUIDONA',NULL,1),(414,1,'1993-09-12',NULL,1,'BERTOUA','14A403S','HADJA EMITE MALAM',NULL,1),(416,1,'1984-04-04',NULL,0,'NGAOUNDERE','14A689S','HAMADAMA BOBBO EMILE',NULL,1),(418,1,'1991-08-22',NULL,0,'MAROUA','14A667S','HAMAWA DAIROU',NULL,1),(420,1,'1991-07-19',NULL,1,'MAROUA','14A690S','HAWA BELLO KOBE',NULL,1),(422,1,'1993-07-15',NULL,0,'DJERENGOL-KODEK','14A393S','IBNOU MOUBARAK',NULL,1),(424,1,'1995-01-16',NULL,0,'YAOUNDE','14A456S','JEUDONG DZOMO GERVAIS',NULL,1),(426,1,'1993-04-23',NULL,0,'FIGUIL','14A380S','KOUE DAYANA GABIN',NULL,1),(428,1,'1994-08-17',NULL,1,'NGAOUNDERE','14A691S','MARYAMOU OUMAROU',NULL,1),(430,1,'1998-01-02',NULL,0,'BERTOUA','14A615S','MBIABA MBATO ULRICH',NULL,1),(432,1,'1994-03-01',NULL,0,'CSD DE MOMO','14A576S','METOU\'OU AFANA RENE PEGUY STEPHANE PRINCE',NULL,1),(434,1,'1998-12-11',NULL,0,'DJARENGOL-KODEK','14A504S','MOHAMMAD MOURAD ABDOULAHI',NULL,1),(436,1,'1992-08-24',NULL,0,'DOUALA','14A554S','NDOUWE BAMO ERIC',NULL,1),(438,1,'1991-09-12',NULL,0,'BAFOUSSAM','14A692S','NGUIATSI GOUFACK JOLYVEAU CROWL',NULL,1),(440,1,'1986-02-10',NULL,0,'SANGMELIMA','14A067S','NKOMOZO\'O ANDOU FERDINAND GUY',NULL,1),(442,1,'1993-01-01',NULL,0,'NKOL-MGBANA','14A693S','ONGUENE MARCELIN',NULL,1),(444,1,'1996-08-20',NULL,0,'BALOUM','14A492S','OUEMBA TAGNE ARMEL BORIS',NULL,1),(446,1,'1995-03-20',NULL,0,'MEME','14A464S','OUMATE',NULL,1),(448,1,'1991-11-30',NULL,0,'GAROUA','14A300S','SENEPOULE RADIEU-AUSTIN',NULL,1),(450,1,'1993-08-24',NULL,0,'DOUALA','14A399S','SIMO VANICK JOEL',NULL,1),(452,1,'1994-01-01',NULL,0,'MAYO BANI HAMAN','14A612S','SOUGNABE ELYSEE',NULL,1),(454,1,'1998-11-19',NULL,0,'KARANTCHI','14A503S','TAKEDE MADIGA ALBERT',NULL,1),(456,1,'1994-02-25',NULL,0,'BAFOUSSAM','14A575S','TANKUI DJECHE FRANK KEVIN',NULL,1),(458,1,'1992-08-15',NULL,0,'MBOUDA','14A553S','TATSINDA NZAPA NARCISSE',NULL,1),(460,1,'1987-05-12',NULL,0,'YAOUNDE','14A088S','TCHUO TAKUETE BRICE',NULL,1),(462,1,'1990-03-13',NULL,0,'YAOUNDE','14A206S','WADOU BEKAME CAMILLE QUENTIN',NULL,1),(464,1,'1993-02-06',NULL,0,'BANKA-BAFANG','14A562S','WAKO RAOUL',NULL,1),(466,1,'1993-07-26',NULL,0,'YAOUNDE','14A694S','WATCHOU NJIKE GAUÏS PATIEN',NULL,1),(468,1,'1994-06-04',NULL,0,'MBANDJOCK','14A434S','WOUWE BERNARD YVES',NULL,1),(470,1,'1994-05-15',NULL,0,'DJIDOMA','14A695S','YAKNO BOLIVARD',NULL,1),(472,1,'1993-09-06',NULL,0,'MBALMAYO','14A569S','ZANGUE CEDRIC',NULL,1),(474,1,'1992-02-04',NULL,0,'BERTOUA','14A647S','ZEFONE ZACHARIE',NULL,1);
/*!40000 ALTER TABLE `ETUDIANT` ENABLE KEYS */;
UNLOCK TABLES;

--
-- Table structure for table `EVALUATION`
--

DROP TABLE IF EXISTS `EVALUATION`;
/*!40101 SET @saved_cs_client     = @@character_set_client */;
/*!40101 SET character_set_client = utf8 */;
CREATE TABLE `EVALUATION` (
  `ID` bigint(20) NOT NULL,
  `ACTIVE` int(11) DEFAULT '1',
  `CODE` varchar(255) DEFAULT NULL,
  `DESCRIPTION` varchar(255) DEFAULT NULL,
  `ISEXAM` tinyint(1) DEFAULT '0',
  `VERSION` int(11) DEFAULT NULL,
  PRIMARY KEY (`ID`),
  UNIQUE KEY `CODE` (`CODE`)
) ENGINE=InnoDB DEFAULT CHARSET=latin1;
/*!40101 SET character_set_client = @saved_cs_client */;

--
-- Dumping data for table `EVALUATION`
--

LOCK TABLES `EVALUATION` WRITE;
/*!40000 ALTER TABLE `EVALUATION` DISABLE KEYS */;
INSERT INTO `EVALUATION` VALUES (42,1,'CC','Controle Continu',0,1),(43,1,'TPE','Travail Personnel Encadré',0,1),(45,1,'TP','Travaux Pratiques',0,5),(46,1,'EE','Examen Ecrit',1,1);
/*!40000 ALTER TABLE `EVALUATION` ENABLE KEYS */;
UNLOCK TABLES;

--
-- Table structure for table `EVALUATIONDETAILS`
--

DROP TABLE IF EXISTS `EVALUATIONDETAILS`;
/*!40101 SET @saved_cs_client     = @@character_set_client */;
/*!40101 SET character_set_client = utf8 */;
CREATE TABLE `EVALUATIONDETAILS` (
  `ID` bigint(20) NOT NULL,
  `ACTIVE` int(11) DEFAULT '1',
  `POURCENTAGE` int(11) DEFAULT NULL,
  `VERSION` int(11) DEFAULT NULL,
  `EVALUATION_ID` bigint(20) DEFAULT NULL,
  `TYPECOURS_ID` bigint(20) DEFAULT NULL,
  PRIMARY KEY (`ID`),
  UNIQUE KEY `UNQ_EVALUATIONDETAILS_0` (`EVALUATION_ID`,`TYPECOURS_ID`),
  KEY `FK_EVALUATIONDETAILS_TYPECOURS_ID` (`TYPECOURS_ID`),
  CONSTRAINT `FK_EVALUATIONDETAILS_EVALUATION_ID` FOREIGN KEY (`EVALUATION_ID`) REFERENCES `EVALUATION` (`ID`),
  CONSTRAINT `FK_EVALUATIONDETAILS_TYPECOURS_ID` FOREIGN KEY (`TYPECOURS_ID`) REFERENCES `TYPECOURS` (`ID`)
) ENGINE=InnoDB DEFAULT CHARSET=latin1;
/*!40101 SET character_set_client = @saved_cs_client */;

--
-- Dumping data for table `EVALUATIONDETAILS`
--

LOCK TABLES `EVALUATIONDETAILS` WRITE;
/*!40000 ALTER TABLE `EVALUATIONDETAILS` DISABLE KEYS */;
INSERT INTO `EVALUATIONDETAILS` VALUES (51,1,30,3,42,41),(101,1,50,1,46,41),(151,1,20,1,43,41),(252,1,20,1,43,201),(305,1,100,1,45,304);
/*!40000 ALTER TABLE `EVALUATIONDETAILS` ENABLE KEYS */;
UNLOCK TABLES;

--
-- Table structure for table `INSCRIPTION`
--

DROP TABLE IF EXISTS `INSCRIPTION`;
/*!40101 SET @saved_cs_client     = @@character_set_client */;
/*!40101 SET character_set_client = utf8 */;
CREATE TABLE `INSCRIPTION` (
  `ID` bigint(20) NOT NULL,
  `ACTIVE` int(11) DEFAULT '1',
  `VERSION` int(11) DEFAULT NULL,
  `ANNEEACADEMIQUE_ID` bigint(20) DEFAULT NULL,
  `ETUDIANT_ID` bigint(20) DEFAULT NULL,
  `PARCOURS_ID` bigint(20) DEFAULT NULL,
  PRIMARY KEY (`ID`),
  UNIQUE KEY `UNQ_INSCRIPTION_0` (`ETUDIANT_ID`,`ANNEEACADEMIQUE_ID`,`PARCOURS_ID`),
  KEY `FK_INSCRIPTION_PARCOURS_ID` (`PARCOURS_ID`),
  KEY `FK_INSCRIPTION_ANNEEACADEMIQUE_ID` (`ANNEEACADEMIQUE_ID`),
  CONSTRAINT `FK_INSCRIPTION_ANNEEACADEMIQUE_ID` FOREIGN KEY (`ANNEEACADEMIQUE_ID`) REFERENCES `ANNEEACADEMIQUE` (`ID`),
  CONSTRAINT `FK_INSCRIPTION_ETUDIANT_ID` FOREIGN KEY (`ETUDIANT_ID`) REFERENCES `ETUDIANT` (`ID`),
  CONSTRAINT `FK_INSCRIPTION_PARCOURS_ID` FOREIGN KEY (`PARCOURS_ID`) REFERENCES `PARCOURS` (`ID`)
) ENGINE=InnoDB DEFAULT CHARSET=latin1;
/*!40101 SET character_set_client = @saved_cs_client */;

--
-- Dumping data for table `INSCRIPTION`
--

LOCK TABLES `INSCRIPTION` WRITE;
/*!40000 ALTER TABLE `INSCRIPTION` DISABLE KEYS */;
INSERT INTO `INSCRIPTION` VALUES (373,1,1,29,372,30),(375,1,1,29,374,30),(377,1,1,29,376,30),(379,1,1,29,378,30),(381,1,1,29,380,30),(383,1,1,29,382,30),(385,1,1,29,384,30),(387,1,1,29,386,30),(389,1,1,29,388,30),(391,1,1,29,390,30),(393,1,1,29,392,30),(395,1,1,29,394,30),(397,1,1,29,396,30),(399,1,1,29,398,30),(401,1,1,29,400,30),(403,1,1,29,402,30),(405,1,1,29,404,30),(407,1,1,29,406,30),(409,1,1,29,408,30),(411,1,1,29,410,30),(413,1,1,29,412,30),(415,1,1,29,414,30),(417,1,1,29,416,30),(419,1,1,29,418,30),(421,1,1,29,420,30),(423,1,1,29,422,30),(425,1,1,29,424,30),(427,1,1,29,426,30),(429,1,1,29,428,30),(431,1,1,29,430,30),(433,1,1,29,432,30),(435,1,1,29,434,30),(437,1,1,29,436,30),(439,1,1,29,438,30),(441,1,1,29,440,30),(443,1,1,29,442,30),(445,1,1,29,444,30),(447,1,1,29,446,30),(449,1,1,29,448,30),(451,1,1,29,450,30),(453,1,1,29,452,30),(455,1,1,29,454,30),(457,1,1,29,456,30),(459,1,1,29,458,30),(461,1,1,29,460,30),(463,1,1,29,462,30),(465,1,1,29,464,30),(467,1,1,29,466,30),(469,1,1,29,468,30),(471,1,1,29,470,30),(473,1,1,29,472,30),(475,1,1,29,474,30);
/*!40000 ALTER TABLE `INSCRIPTION` ENABLE KEYS */;
UNLOCK TABLES;

--
-- Table structure for table `NIVEAU`
--

DROP TABLE IF EXISTS `NIVEAU`;
/*!40101 SET @saved_cs_client     = @@character_set_client */;
/*!40101 SET character_set_client = utf8 */;
CREATE TABLE `NIVEAU` (
  `ID` bigint(20) NOT NULL,
  `ACTIVE` int(11) DEFAULT '1',
  `CODE` varchar(255) DEFAULT NULL,
  `VERSION` int(11) DEFAULT NULL,
  `CYCLE_ID` bigint(20) DEFAULT NULL,
  PRIMARY KEY (`ID`),
  UNIQUE KEY `CODE` (`CODE`),
  KEY `FK_NIVEAU_CYCLE_ID` (`CYCLE_ID`),
  CONSTRAINT `FK_NIVEAU_CYCLE_ID` FOREIGN KEY (`CYCLE_ID`) REFERENCES `CYCLES` (`ID`)
) ENGINE=InnoDB DEFAULT CHARSET=latin1;
/*!40101 SET character_set_client = @saved_cs_client */;

--
-- Dumping data for table `NIVEAU`
--

LOCK TABLES `NIVEAU` WRITE;
/*!40000 ALTER TABLE `NIVEAU` DISABLE KEYS */;
INSERT INTO `NIVEAU` VALUES (3,1,'Licence 1',1,1),(4,1,'Licence 2',1,1),(5,1,'Licence 3',1,1),(6,1,'Master 1',1,2),(7,1,'Master 2',1,2);
/*!40000 ALTER TABLE `NIVEAU` ENABLE KEYS */;
UNLOCK TABLES;

--
-- Table structure for table `NOTE`
--

DROP TABLE IF EXISTS `NOTE`;
/*!40101 SET @saved_cs_client     = @@character_set_client */;
/*!40101 SET character_set_client = utf8 */;
CREATE TABLE `NOTE` (
  `ID` bigint(20) NOT NULL,
  `ACTIVE` int(11) DEFAULT '1',
  `SESSIONS` int(11) NOT NULL,
  `VALEUR` double DEFAULT NULL,
  `VERSION` int(11) DEFAULT NULL,
  `ANNEEACADEMIQUE_ID` bigint(20) DEFAULT NULL,
  `COURS_ID` bigint(20) DEFAULT NULL,
  `ETUDIANT_ID` bigint(20) DEFAULT NULL,
  `EVALUATION_ID` bigint(20) DEFAULT NULL,
  PRIMARY KEY (`ID`),
  UNIQUE KEY `UNQ_NOTE_0` (`ETUDIANT_ID`,`EVALUATION_ID`,`COURS_ID`,`ANNEEACADEMIQUE_ID`,`SESSIONS`),
  KEY `FK_NOTE_EVALUATION_ID` (`EVALUATION_ID`),
  KEY `FK_NOTE_ANNEEACADEMIQUE_ID` (`ANNEEACADEMIQUE_ID`),
  KEY `FK_NOTE_COURS_ID` (`COURS_ID`),
  CONSTRAINT `FK_NOTE_ANNEEACADEMIQUE_ID` FOREIGN KEY (`ANNEEACADEMIQUE_ID`) REFERENCES `ANNEEACADEMIQUE` (`ID`),
  CONSTRAINT `FK_NOTE_COURS_ID` FOREIGN KEY (`COURS_ID`) REFERENCES `COURS` (`ID`),
  CONSTRAINT `FK_NOTE_ETUDIANT_ID` FOREIGN KEY (`ETUDIANT_ID`) REFERENCES `ETUDIANT` (`ID`),
  CONSTRAINT `FK_NOTE_EVALUATION_ID` FOREIGN KEY (`EVALUATION_ID`) REFERENCES `EVALUATION` (`ID`)
) ENGINE=InnoDB DEFAULT CHARSET=latin1;
/*!40101 SET character_set_client = @saved_cs_client */;

--
-- Dumping data for table `NOTE`
--

LOCK TABLES `NOTE` WRITE;
/*!40000 ALTER TABLE `NOTE` DISABLE KEYS */;
INSERT INTO `NOTE` VALUES (501,1,0,9.25,1,29,359,372,42),(502,1,0,0,1,29,359,374,42),(503,1,0,10.5,1,29,359,376,42),(504,1,0,14,1,29,359,378,42),(505,1,0,8.5,1,29,359,380,42),(506,1,0,7.25,1,29,359,382,42),(507,1,0,0,1,29,359,384,42),(508,1,0,15.25,1,29,359,386,42),(509,1,0,10.5,1,29,359,388,42),(510,1,0,7.75,1,29,359,390,42),(511,1,0,8.25,1,29,359,392,42),(512,1,0,7.5,1,29,359,394,42),(513,1,0,5.5,1,29,359,396,42),(514,1,0,5.5,1,29,359,398,42),(515,1,0,8,1,29,359,400,42),(516,1,0,6.5,1,29,359,402,42),(517,1,0,10.75,1,29,359,404,42),(518,1,0,11,1,29,359,406,42),(519,1,0,4,1,29,359,408,42),(520,1,0,5.5,1,29,359,410,42),(521,1,0,15,1,29,359,412,42),(522,1,0,6,1,29,359,414,42),(523,1,0,0.5,1,29,359,416,42),(524,1,0,8,1,29,359,418,42),(525,1,0,2,1,29,359,420,42),(526,1,0,10,1,29,359,422,42),(527,1,0,7.75,1,29,359,424,42),(528,1,0,9.5,1,29,359,426,42),(529,1,0,5,1,29,359,428,42),(530,1,0,12.75,1,29,359,430,42),(531,1,0,10.25,1,29,359,432,42),(532,1,0,11,1,29,359,434,42),(533,1,0,5.75,1,29,359,436,42),(534,1,0,8,1,29,359,438,42),(535,1,0,10.75,1,29,359,440,42),(536,1,0,6.75,1,29,359,442,42),(537,1,0,0,1,29,359,444,42),(538,1,0,6.5,1,29,359,446,42),(539,1,0,8,1,29,359,448,42),(540,1,0,0,1,29,359,450,42),(541,1,0,7.75,1,29,359,452,42),(542,1,0,18,1,29,359,454,42),(543,1,0,12.75,1,29,359,456,42),(544,1,0,13,1,29,359,458,42),(545,1,0,17,1,29,359,460,42),(546,1,0,8.5,1,29,359,462,42),(547,1,0,17.5,1,29,359,464,42),(548,1,0,8.75,1,29,359,466,42),(549,1,0,7,1,29,359,468,42),(550,1,0,2.5,1,29,359,470,42),(551,1,0,8.5,1,29,359,472,42),(552,1,0,6.5,1,29,359,474,42),(553,1,0,13.5,1,29,359,372,43),(554,1,0,0,1,29,359,374,43),(555,1,0,17.5,1,29,359,376,43),(556,1,0,13.5,1,29,359,378,43),(557,1,0,14.5,1,29,359,380,43),(558,1,0,13,1,29,359,382,43),(559,1,0,0,1,29,359,384,43),(560,1,0,17,1,29,359,386,43),(561,1,0,19.5,1,29,359,388,43),(562,1,0,13.5,1,29,359,390,43),(563,1,0,17.5,1,29,359,392,43),(564,1,0,17.5,1,29,359,394,43),(565,1,0,13,1,29,359,396,43),(566,1,0,19,1,29,359,398,43),(567,1,0,13.5,1,29,359,400,43),(568,1,0,17.5,1,29,359,402,43),(569,1,0,17.5,1,29,359,404,43),(570,1,0,17,1,29,359,406,43),(571,1,0,13.5,1,29,359,408,43),(572,1,0,19,1,29,359,410,43),(573,1,0,19,1,29,359,412,43),(574,1,0,17.5,1,29,359,414,43),(575,1,0,17.5,1,29,359,416,43),(576,1,0,17.5,1,29,359,418,43),(577,1,0,17.5,1,29,359,420,43),(578,1,0,13,1,29,359,422,43),(579,1,0,14.5,1,29,359,424,43),(580,1,0,13.5,1,29,359,426,43),(581,1,0,6,1,29,359,428,43),(582,1,0,6,1,29,359,430,43),(583,1,0,19.5,1,29,359,432,43),(584,1,0,13,1,29,359,434,43),(585,1,0,13.5,1,29,359,436,43),(586,1,0,13.5,1,29,359,438,43),(587,1,0,19.5,1,29,359,440,43),(588,1,0,6,1,29,359,442,43),(589,1,0,0,1,29,359,444,43),(590,1,0,19,1,29,359,446,43),(591,1,0,9,1,29,359,448,43),(592,1,0,0,1,29,359,450,43),(593,1,0,9,1,29,359,452,43),(594,1,0,17.5,1,29,359,454,43),(595,1,0,19.5,1,29,359,456,43),(596,1,0,17,1,29,359,458,43),(597,1,0,17.5,1,29,359,460,43),(598,1,0,14.5,1,29,359,462,43),(599,1,0,17,1,29,359,464,43),(600,1,0,13.5,1,29,359,466,43),(601,1,0,9,1,29,359,468,43),(602,1,0,9,1,29,359,470,43),(603,1,0,14.5,1,29,359,472,43),(604,1,0,6,1,29,359,474,43),(657,1,1,9.25,1,29,359,372,46),(658,1,1,12.5,1,29,359,382,46),(659,1,1,9.75,1,29,359,396,46),(660,1,1,11,1,29,359,398,46),(661,1,1,9,1,29,359,400,46),(662,1,1,6.5,1,29,359,408,46),(663,1,1,12,1,29,359,410,46),(664,1,1,7.75,1,29,359,414,46),(665,1,1,3,1,29,359,416,46),(666,1,1,5.25,1,29,359,420,46),(667,1,1,9.25,1,29,359,424,46),(668,1,1,12.5,1,29,359,426,46),(669,1,1,7.75,1,29,359,428,46),(670,1,1,12.5,1,29,359,436,46),(671,1,1,10,1,29,359,438,46),(672,1,1,12.5,1,29,359,440,46),(673,1,1,11.25,1,29,359,442,46),(674,1,1,12.5,1,29,359,452,46),(675,1,1,5,1,29,359,468,46),(676,1,1,7,1,29,359,470,46),(677,1,1,10,1,29,359,472,46),(678,1,1,12,1,29,359,474,46),(701,1,0,9.5,1,29,359,376,46),(702,1,0,11,1,29,359,378,46),(703,1,0,10,1,29,359,380,46),(704,1,0,7.5,1,29,359,382,46),(705,1,0,16,1,29,359,386,46),(706,1,0,10,1,29,359,388,46),(707,1,0,11.25,1,29,359,390,46),(708,1,0,11,1,29,359,392,46),(709,1,0,11.5,1,29,359,394,46),(710,1,0,8,1,29,359,396,46),(711,1,0,5,1,29,359,398,46),(712,1,0,7,1,29,359,400,46),(713,1,0,9,1,29,359,402,46),(714,1,0,10,1,29,359,404,46),(715,1,0,10,1,29,359,406,46),(716,1,0,4.75,1,29,359,408,46),(717,1,0,7.75,1,29,359,410,46),(718,1,0,13.5,1,29,359,412,46),(719,1,0,5.5,1,29,359,414,46),(720,1,0,2.5,1,29,359,416,46),(721,1,0,10,1,29,359,418,46),(722,1,0,13.5,1,29,359,422,46),(723,1,0,9.5,1,29,359,424,46),(724,1,0,7.5,1,29,359,426,46),(725,1,0,4.75,1,29,359,428,46),(726,1,0,15.25,1,29,359,430,46),(727,1,0,10,1,29,359,432,46),(728,1,0,12,1,29,359,434,46),(729,1,0,6.75,1,29,359,436,46),(730,1,0,7,1,29,359,438,46),(731,1,0,6.5,1,29,359,442,46),(732,1,0,8.5,1,29,359,446,46),(733,1,0,1.75,1,29,359,448,46),(734,1,0,10.5,1,29,359,452,46),(735,1,0,16,1,29,359,454,46),(736,1,0,13.75,1,29,359,456,46),(737,1,0,15.75,1,29,359,458,46),(738,1,0,14.5,1,29,359,460,46),(739,1,0,10.5,1,29,359,462,46),(740,1,0,14.5,1,29,359,464,46),(741,1,0,11.25,1,29,359,466,46),(742,1,0,2,1,29,359,468,46),(743,1,0,5.75,1,29,359,470,46),(744,1,0,6.5,1,29,359,472,46),(745,1,0,10,1,29,359,474,46);
/*!40000 ALTER TABLE `NOTE` ENABLE KEYS */;
UNLOCK TABLES;

--
-- Table structure for table `OPTIONS`
--

DROP TABLE IF EXISTS `OPTIONS`;
/*!40101 SET @saved_cs_client     = @@character_set_client */;
/*!40101 SET character_set_client = utf8 */;
CREATE TABLE `OPTIONS` (
  `ID` bigint(20) NOT NULL,
  `ACTIVE` int(11) DEFAULT '1',
  `CODE` varchar(255) DEFAULT NULL,
  `DESCRIPTION` varchar(255) DEFAULT NULL,
  `VERSION` int(11) DEFAULT NULL,
  `DEPARTEMENT_ID` bigint(20) DEFAULT NULL,
  PRIMARY KEY (`ID`),
  UNIQUE KEY `CODE` (`CODE`),
  KEY `FK_OPTIONS_DEPARTEMENT_ID` (`DEPARTEMENT_ID`),
  CONSTRAINT `FK_OPTIONS_DEPARTEMENT_ID` FOREIGN KEY (`DEPARTEMENT_ID`) REFERENCES `DEPARTEMENT` (`ID`)
) ENGINE=InnoDB DEFAULT CHARSET=latin1;
/*!40101 SET character_set_client = @saved_cs_client */;

--
-- Dumping data for table `OPTIONS`
--

LOCK TABLES `OPTIONS` WRITE;
/*!40000 ALTER TABLE `OPTIONS` DISABLE KEYS */;
INSERT INTO `OPTIONS` VALUES (10,1,'INFOTEL','Informatique et Télécommunications',1,8),(11,1,'IG','Informatique de Gestion / Analyste Programmeur',1,8),(12,1,'TELECOM','Télécommunications',1,8),(13,1,'SEAD','Sécurité et Administration Réseaux',1,8),(14,1,'AGEPD','Agriculture, Elevage et Produits Dérivés',1,9),(15,1,'PAA','Productions Animales et Aquaculture',1,9),(16,1,'PV','Productions Végétales',1,9),(17,1,'AGRAL','Agro-Alimentaire',1,9),(18,1,'EAME','Economie Agricole et Management des Entreprises',1,9);
/*!40000 ALTER TABLE `OPTIONS` ENABLE KEYS */;
UNLOCK TABLES;

--
-- Table structure for table `PARCOURS`
--

DROP TABLE IF EXISTS `PARCOURS`;
/*!40101 SET @saved_cs_client     = @@character_set_client */;
/*!40101 SET character_set_client = utf8 */;
CREATE TABLE `PARCOURS` (
  `ID` bigint(20) NOT NULL,
  `ACTIVE` int(11) DEFAULT '1',
  `VERSION` int(11) DEFAULT NULL,
  `NIVEAU_ID` bigint(20) DEFAULT NULL,
  `OPTION_ID` bigint(20) DEFAULT NULL,
  PRIMARY KEY (`ID`),
  UNIQUE KEY `UNQ_PARCOURS_0` (`NIVEAU_ID`,`OPTION_ID`),
  KEY `FK_PARCOURS_OPTION_ID` (`OPTION_ID`),
  CONSTRAINT `FK_PARCOURS_NIVEAU_ID` FOREIGN KEY (`NIVEAU_ID`) REFERENCES `NIVEAU` (`ID`),
  CONSTRAINT `FK_PARCOURS_OPTION_ID` FOREIGN KEY (`OPTION_ID`) REFERENCES `OPTIONS` (`ID`)
) ENGINE=InnoDB DEFAULT CHARSET=latin1;
/*!40101 SET character_set_client = @saved_cs_client */;

--
-- Dumping data for table `PARCOURS`
--

LOCK TABLES `PARCOURS` WRITE;
/*!40000 ALTER TABLE `PARCOURS` DISABLE KEYS */;
INSERT INTO `PARCOURS` VALUES (30,1,1,3,10),(31,1,1,4,10),(32,1,1,5,11),(33,1,1,5,13),(34,1,1,5,12),(35,1,1,3,14),(36,1,1,4,14),(37,1,1,5,17),(38,1,1,5,18),(39,1,1,5,15),(40,1,1,5,16);
/*!40000 ALTER TABLE `PARCOURS` ENABLE KEYS */;
UNLOCK TABLES;

--
-- Table structure for table `PROGRAMME`
--

DROP TABLE IF EXISTS `PROGRAMME`;
/*!40101 SET @saved_cs_client     = @@character_set_client */;
/*!40101 SET character_set_client = utf8 */;
CREATE TABLE `PROGRAMME` (
  `ID` bigint(20) NOT NULL,
  `ACTIVE` int(11) DEFAULT '1',
  `VERSION` int(11) DEFAULT NULL,
  `ANNEEACADEMIQUE_ID` bigint(20) DEFAULT NULL,
  `PARCOURS_ID` bigint(20) DEFAULT NULL,
  `SEMESTRE_ID` bigint(20) DEFAULT NULL,
  `UNITEENSEIGNEMENT_ID` bigint(20) DEFAULT NULL,
  PRIMARY KEY (`ID`),
  UNIQUE KEY `UNQ_PROGRAMME_0` (`SEMESTRE_ID`,`ANNEEACADEMIQUE_ID`,`PARCOURS_ID`,`UNITEENSEIGNEMENT_ID`),
  KEY `FK_PROGRAMME_PARCOURS_ID` (`PARCOURS_ID`),
  KEY `FK_PROGRAMME_ANNEEACADEMIQUE_ID` (`ANNEEACADEMIQUE_ID`),
  KEY `FK_PROGRAMME_UNITEENSEIGNEMENT_ID` (`UNITEENSEIGNEMENT_ID`),
  CONSTRAINT `FK_PROGRAMME_ANNEEACADEMIQUE_ID` FOREIGN KEY (`ANNEEACADEMIQUE_ID`) REFERENCES `ANNEEACADEMIQUE` (`ID`),
  CONSTRAINT `FK_PROGRAMME_PARCOURS_ID` FOREIGN KEY (`PARCOURS_ID`) REFERENCES `PARCOURS` (`ID`),
  CONSTRAINT `FK_PROGRAMME_SEMESTRE_ID` FOREIGN KEY (`SEMESTRE_ID`) REFERENCES `SEMESTRE` (`ID`),
  CONSTRAINT `FK_PROGRAMME_UNITEENSEIGNEMENT_ID` FOREIGN KEY (`UNITEENSEIGNEMENT_ID`) REFERENCES `UNITEENSEIGNEMENT` (`ID`)
) ENGINE=InnoDB DEFAULT CHARSET=latin1;
/*!40101 SET character_set_client = @saved_cs_client */;

--
-- Dumping data for table `PROGRAMME`
--

LOCK TABLES `PROGRAMME` WRITE;
/*!40000 ALTER TABLE `PROGRAMME` DISABLE KEYS */;
INSERT INTO `PROGRAMME` VALUES (751,1,1,29,30,19,369),(851,1,1,29,30,19,364),(852,1,1,29,30,19,365),(853,1,1,29,30,19,366),(901,1,1,29,30,19,367),(902,1,1,29,30,19,368),(903,1,1,29,30,19,370),(904,1,1,29,30,19,371);
/*!40000 ALTER TABLE `PROGRAMME` ENABLE KEYS */;
UNLOCK TABLES;

--
-- Table structure for table `SEMESTRE`
--

DROP TABLE IF EXISTS `SEMESTRE`;
/*!40101 SET @saved_cs_client     = @@character_set_client */;
/*!40101 SET character_set_client = utf8 */;
CREATE TABLE `SEMESTRE` (
  `ID` bigint(20) NOT NULL,
  `ACTIVE` int(11) DEFAULT '1',
  `INTITULE` varchar(255) DEFAULT NULL,
  `VERSION` int(11) DEFAULT NULL,
  `NIVEAU_ID` bigint(20) DEFAULT NULL,
  PRIMARY KEY (`ID`),
  UNIQUE KEY `INTITULE` (`INTITULE`),
  KEY `FK_SEMESTRE_NIVEAU_ID` (`NIVEAU_ID`),
  CONSTRAINT `FK_SEMESTRE_NIVEAU_ID` FOREIGN KEY (`NIVEAU_ID`) REFERENCES `NIVEAU` (`ID`)
) ENGINE=InnoDB DEFAULT CHARSET=latin1;
/*!40101 SET character_set_client = @saved_cs_client */;

--
-- Dumping data for table `SEMESTRE`
--

LOCK TABLES `SEMESTRE` WRITE;
/*!40000 ALTER TABLE `SEMESTRE` DISABLE KEYS */;
INSERT INTO `SEMESTRE` VALUES (19,1,'Semestre 1',1,3),(20,1,'Semestre 2',1,3),(21,1,'Semestre 3',1,4),(22,1,'Semestre 4',1,4),(23,1,'Semestre 5',1,5),(24,1,'Semestre 6',1,5),(25,1,'Semestre 7',1,6),(26,1,'Semestre 8',1,6),(27,1,'Semestre 9',1,7),(28,1,'Semestre 10',1,7);
/*!40000 ALTER TABLE `SEMESTRE` ENABLE KEYS */;
UNLOCK TABLES;

--
-- Table structure for table `SEQUENCE`
--

DROP TABLE IF EXISTS `SEQUENCE`;
/*!40101 SET @saved_cs_client     = @@character_set_client */;
/*!40101 SET character_set_client = utf8 */;
CREATE TABLE `SEQUENCE` (
  `SEQ_NAME` varchar(50) NOT NULL,
  `SEQ_COUNT` decimal(38,0) DEFAULT NULL,
  PRIMARY KEY (`SEQ_NAME`)
) ENGINE=InnoDB DEFAULT CHARSET=latin1;
/*!40101 SET character_set_client = @saved_cs_client */;

--
-- Dumping data for table `SEQUENCE`
--

LOCK TABLES `SEQUENCE` WRITE;
/*!40000 ALTER TABLE `SEQUENCE` DISABLE KEYS */;
INSERT INTO `SEQUENCE` VALUES ('SEQ_GEN',950);
/*!40000 ALTER TABLE `SEQUENCE` ENABLE KEYS */;
UNLOCK TABLES;

--
-- Table structure for table `TYPECOURS`
--

DROP TABLE IF EXISTS `TYPECOURS`;
/*!40101 SET @saved_cs_client     = @@character_set_client */;
/*!40101 SET character_set_client = utf8 */;
CREATE TABLE `TYPECOURS` (
  `ID` bigint(20) NOT NULL,
  `ACTIVE` int(11) DEFAULT '1',
  `NOM` varchar(255) DEFAULT NULL,
  `VERSION` int(11) DEFAULT NULL,
  PRIMARY KEY (`ID`),
  UNIQUE KEY `NOM` (`NOM`)
) ENGINE=InnoDB DEFAULT CHARSET=latin1;
/*!40101 SET character_set_client = @saved_cs_client */;

--
-- Dumping data for table `TYPECOURS`
--

LOCK TABLES `TYPECOURS` WRITE;
/*!40000 ALTER TABLE `TYPECOURS` DISABLE KEYS */;
INSERT INTO `TYPECOURS` VALUES (41,1,'UE avec CC TPE et Examen',2),(201,1,'UE avec TP',1),(304,1,'UE TP',1);
/*!40000 ALTER TABLE `TYPECOURS` ENABLE KEYS */;
UNLOCK TABLES;

--
-- Table structure for table `UNITEENSEIGNEMENT`
--

DROP TABLE IF EXISTS `UNITEENSEIGNEMENT`;
/*!40101 SET @saved_cs_client     = @@character_set_client */;
/*!40101 SET character_set_client = utf8 */;
CREATE TABLE `UNITEENSEIGNEMENT` (
  `ID` bigint(20) NOT NULL,
  `ACTIVE` int(11) DEFAULT '1',
  `CODE` varchar(255) DEFAULT NULL,
  `INTITULE` varchar(255) DEFAULT NULL,
  `VERSION` int(11) DEFAULT NULL,
  PRIMARY KEY (`ID`),
  UNIQUE KEY `CODE` (`CODE`)
) ENGINE=InnoDB DEFAULT CHARSET=latin1;
/*!40101 SET character_set_client = @saved_cs_client */;

--
-- Dumping data for table `UNITEENSEIGNEMENT`
--

LOCK TABLES `UNITEENSEIGNEMENT` WRITE;
/*!40000 ALTER TABLE `UNITEENSEIGNEMENT` DISABLE KEYS */;
INSERT INTO `UNITEENSEIGNEMENT` VALUES (364,1,'ITEL110','Mathématiques 1',2),(365,1,'ITEL111','Circuits Logiques 1',2),(366,1,'ITEL112','Electronique de base',2),(367,1,'ITEL113','Circuits Electriques',2),(368,1,'ITEL114','Electromagnétisme 1',2),(369,1,'ITEL115','Algorithmique et Programmation',2),(370,1,'ITEL116','Mécanique du point matériel ou Schéma Electrique',2),(371,1,'ITEL117','Communication Scientifique',2);
/*!40000 ALTER TABLE `UNITEENSEIGNEMENT` ENABLE KEYS */;
UNLOCK TABLES;

--
-- Table structure for table `UNITEENSEIGNEMENT_COURS`
--

DROP TABLE IF EXISTS `UNITEENSEIGNEMENT_COURS`;
/*!40101 SET @saved_cs_client     = @@character_set_client */;
/*!40101 SET character_set_client = utf8 */;
CREATE TABLE `UNITEENSEIGNEMENT_COURS` (
  `courses_ID` bigint(20) NOT NULL,
  `uniteEnseignements_ID` bigint(20) NOT NULL,
  PRIMARY KEY (`courses_ID`,`uniteEnseignements_ID`),
  KEY `FK_UNITEENSEIGNEMENT_COURS_uniteEnseignements_ID` (`uniteEnseignements_ID`),
  CONSTRAINT `FK_UNITEENSEIGNEMENT_COURS_courses_ID` FOREIGN KEY (`courses_ID`) REFERENCES `COURS` (`ID`),
  CONSTRAINT `FK_UNITEENSEIGNEMENT_COURS_uniteEnseignements_ID` FOREIGN KEY (`uniteEnseignements_ID`) REFERENCES `UNITEENSEIGNEMENT` (`ID`)
) ENGINE=InnoDB DEFAULT CHARSET=latin1;
/*!40101 SET character_set_client = @saved_cs_client */;

--
-- Dumping data for table `UNITEENSEIGNEMENT_COURS`
--

LOCK TABLES `UNITEENSEIGNEMENT_COURS` WRITE;
/*!40000 ALTER TABLE `UNITEENSEIGNEMENT_COURS` DISABLE KEYS */;
INSERT INTO `UNITEENSEIGNEMENT_COURS` VALUES (351,364),(352,364),(353,365),(354,366),(355,366),(356,367),(357,368),(358,368),(359,369),(360,369),(361,370),(362,370),(363,371);
/*!40000 ALTER TABLE `UNITEENSEIGNEMENT_COURS` ENABLE KEYS */;
UNLOCK TABLES;
/*!40103 SET TIME_ZONE=@OLD_TIME_ZONE */;

/*!40101 SET SQL_MODE=@OLD_SQL_MODE */;
/*!40014 SET FOREIGN_KEY_CHECKS=@OLD_FOREIGN_KEY_CHECKS */;
/*!40014 SET UNIQUE_CHECKS=@OLD_UNIQUE_CHECKS */;
/*!40101 SET CHARACTER_SET_CLIENT=@OLD_CHARACTER_SET_CLIENT */;
/*!40101 SET CHARACTER_SET_RESULTS=@OLD_CHARACTER_SET_RESULTS */;
/*!40101 SET COLLATION_CONNECTION=@OLD_COLLATION_CONNECTION */;
/*!40111 SET SQL_NOTES=@OLD_SQL_NOTES */;

-- Dump completed on 2015-05-01 13:18:13
