-- MySQL dump 10.13  Distrib 5.5.44, for debian-linux-gnu (i686)
--
-- Host: localhost    Database: notes
-- ------------------------------------------------------
-- Server version	5.5.44-0ubuntu0.14.04.1

/*!40101 SET @OLD_CHARACTER_SET_CLIENT=@@CHARACTER_SET_CLIENT */;
/*!40101 SET @OLD_CHARACTER_SET_RESULTS=@@CHARACTER_SET_RESULTS */;
/*!40101 SET @OLD_COLLATION_CONNECTION=@@COLLATION_CONNECTION */;
/*!40101 SET NAMES utf8 */;
/*!40103 SET @OLD_TIME_ZONE=@@TIME_ZONE */;
/*!40103 SET TIME_ZONE='+00:00' */;
/*!40014 SET @OLD_UNIQUE_CHECKS=@@UNIQUE_CHECKS, UNIQUE_CHECKS=0 */;
/*!40014 SET @OLD_FOREIGN_KEY_CHECKS=@@FOREIGN_KEY_CHECKS, FOREIGN_KEY_CHECKS=0 */;
/*!40101 SET @OLD_SQL_MODE=@@SQL_MODE, SQL_MODE='NO_AUTO_VALUE_ON_ZERO' */;
/*!40111 SET @OLD_SQL_NOTES=@@SQL_NOTES, SQL_NOTES=0 */;

--
-- Current Database: `notes`
--

CREATE DATABASE /*!32312 IF NOT EXISTS*/ `notes` /*!40100 DEFAULT CHARACTER SET latin1 */;

USE `notes`;

--
-- Table structure for table `ANNEEACADEMIQUE`
--

DROP TABLE IF EXISTS `ANNEEACADEMIQUE`;
/*!40101 SET @saved_cs_client     = @@character_set_client */;
/*!40101 SET character_set_client = utf8 */;
CREATE TABLE `ANNEEACADEMIQUE` (
  `ID` bigint(20) NOT NULL,
  `ACTIVE` int(11) DEFAULT '1',
  `DEBUT` date DEFAULT NULL,
  `FIN` date DEFAULT NULL,
  `VERSION` int(11) DEFAULT NULL,
  `NUMERODEBUT` int(11) NOT NULL,
  PRIMARY KEY (`ID`),
  UNIQUE KEY `NUMERODEBUT` (`NUMERODEBUT`)
) ENGINE=InnoDB DEFAULT CHARSET=latin1;
/*!40101 SET character_set_client = @saved_cs_client */;

--
-- Dumping data for table `ANNEEACADEMIQUE`
--

LOCK TABLES `ANNEEACADEMIQUE` WRITE;
/*!40000 ALTER TABLE `ANNEEACADEMIQUE` DISABLE KEYS */;
INSERT INTO `ANNEEACADEMIQUE` VALUES (81,1,'2009-10-05','2010-09-30',1,2009),(82,1,'2010-10-04','2011-09-30',1,2010),(83,1,'2011-10-03','2012-09-28',1,2011),(84,1,'2012-10-08','2013-09-27',1,2012),(85,1,'2013-10-07','2014-09-26',1,2013),(86,1,'2014-10-06','2015-09-25',1,2014);
/*!40000 ALTER TABLE `ANNEEACADEMIQUE` ENABLE KEYS */;
UNLOCK TABLES;

--
-- Table structure for table `COURS`
--

DROP TABLE IF EXISTS `COURS`;
/*!40101 SET @saved_cs_client     = @@character_set_client */;
/*!40101 SET character_set_client = utf8 */;
CREATE TABLE `COURS` (
  `ID` bigint(20) NOT NULL,
  `ACTIVE` int(11) DEFAULT '1',
  `INTITULE` varchar(255) DEFAULT NULL,
  `VERSION` int(11) DEFAULT NULL,
  `TYPECOURS_ID` bigint(20) DEFAULT NULL,
  PRIMARY KEY (`ID`),
  UNIQUE KEY `INTITULE` (`INTITULE`),
  KEY `FK_COURS_TYPECOURS_ID` (`TYPECOURS_ID`),
  CONSTRAINT `FK_COURS_TYPECOURS_ID` FOREIGN KEY (`TYPECOURS_ID`) REFERENCES `TYPECOURS` (`ID`)
) ENGINE=InnoDB DEFAULT CHARSET=latin1;
/*!40101 SET character_set_client = @saved_cs_client */;

--
-- Dumping data for table `COURS`
--

LOCK TABLES `COURS` WRITE;
/*!40000 ALTER TABLE `COURS` DISABLE KEYS */;
INSERT INTO `COURS` VALUES (151,1,'Algèbre 1',1,87),(152,1,'Analyse 1',1,87),(153,1,'Circuits Logiques 1',1,87),(155,1,'TP Électronique 1',3,87),(156,1,'Électronique de base',1,87),(157,1,'Circuits Électriques',1,87),(158,1,'Électromagnétisme 1',1,87),(159,1,'Optique Géométrique',1,87),(160,1,'Algorithmique et Programmation',1,87),(161,1,'Introduction à l\'Informatique',1,87),(162,1,'Mécanique du Point Matériel',1,87),(163,1,'Schémas Électriques',1,87),(164,1,'Communication Scientifique',1,87),(165,1,'Analyse 2',1,87),(166,1,'Algèbre 2',1,87),(167,1,'Circuits Logiques 2',1,87),(168,1,'TP Électronique 2',2,87),(169,1,'Systèmes d\'Exploitation 1',1,90),(170,1,'Logique Formelle',1,87),(171,1,'Algorithmique et Structures de Données 1',1,87),(172,1,'Introduction aux Réseaux',1,90),(173,1,'Technologies et Applications Web',1,87),(174,1,'Électrostatique',1,87),(175,1,'Dessin Technique et Fabrication Mécanique',1,87),(176,1,'Technologies des Matériaux',1,87),(177,1,'Stage',1,88),(178,1,'Analyse 3',1,87),(179,1,'Probabilités et Statistiques',1,87),(180,1,'Architectures des Ordinateurs',1,87),(181,1,'Programmation Avancée en C',1,87),(182,1,'Introduction aux Bases de Données',1,87),(183,1,'Électrotechnique de Base',1,87),(184,1,'Electronique de Puissance',1,87),(185,1,'Traitement du Signal',1,87),(186,1,'Systèmes et Signaux de Communication',1,87),(187,1,'Propagation des Ondes',1,87),(188,1,'Bases de Communications Analogiques 1',1,87),(189,1,'Communication Technique',1,87),(190,1,'Économie Générale',1,87),(191,1,'Droit Civil et Social',1,87),(192,1,'Applications Client / Serveur',1,87),(193,1,'Algorithmique et Structures de Données 2',1,87),(194,1,'Programmation Orientée Objets 1',1,87),(195,1,'Programmation Web',1,87),(196,1,'Système d\'Exploitation 2',1,87),(197,1,'Bases de Communications Numériques',1,87),(198,1,'Radiocommunications Mobiles',1,87),(199,1,'Hyperfréquences',1,87),(200,1,'Systèmes Reconfigurables',1,87),(201,1,'Systèmes Embarqués 1',1,87),(202,1,'Projet de Création d\'Entreprises',1,87),(203,1,'Gestion d\'Entreprise',1,87),(204,1,'Sport et Education Physique',1,87),(205,1,'Théories des Graphes et Recherche Opérationnelle',1,87),(206,1,'Analyse de Données',1,87),(207,1,'Systèmes Asservis',1,87),(208,1,'Fonctions Électriques',1,87),(209,1,'Réseaux Locaux et Interconnexion',2,90),(210,1,'Protocoles des Réseaux',2,90),(211,1,'Réseaux sans fils',2,90),(212,1,'Rayonnement et Antenne 1',1,87),(213,1,'Electronique Radiofréquence',1,87),(214,1,'Automatique de Base',1,87),(215,1,'Résistance des Matériaux',1,87),(216,1,'Energies Renouvelables',1,87),(217,1,'Projet Tutoré sur les Systèmes Embarqués',1,88),(218,1,'Gestion et Conduite des Projets',1,87),(219,1,'Méthodologie de Recherche',1,87),(220,1,'Communications Optiques',1,87),(221,1,'Radiocommunications 3G et NGN',1,87),(222,1,'Réseaux Intélligents',1,87),(223,1,'Planification des Systèmes de Télécommunications',1,87),(224,1,'Protocoles d\'Applications',1,87),(225,1,'Optimisation des Systèmes de Télécommunications',1,87),(226,1,'Sécurité des Systèmes de Télécommunications',1,87),(227,1,'Bases de Communications Analogiques 2',1,87),(228,1,'Electronique des Fonctions',1,87),(229,1,'Analyse Numérique',1,87),(230,1,'Projet Tutoré de Simulation des Réseaux de Télécommunications',1,87),(231,1,'Droit des TIC',1,87),(232,1,'Droit du Travail',1,87),(233,1,'Arithmétique et Cryptographie',1,87),(234,1,'Théorie des Langages et Compilation',1,87),(235,1,'Programmation Orientée Objets 2',1,87),(236,1,'Interface Homme-Machine',1,87),(237,1,'CAO et Infographie',1,87),(238,1,'Systèmes d\'Information',1,87),(239,1,'Bases de Données avancées 1',1,87),(241,1,'Administration Système',1,87),(242,1,'Mathématiques Financières',1,87),(243,1,'Génie Logiciel 1',1,87),(244,1,'Introduction aux Systèmes Experts et Langages Spécialisés',1,87),(245,1,'Conception et Organisation de la Maintenance',1,87),(246,1,'Bases de Données Avancées 2',1,87),(247,1,'Supervision des Réseaux',1,87),(248,1,'Sécurité des SI et Réseaux',1,87),(249,1,'Projet Tutoré',2,87),(250,1,'Gestion Financière',1,87),(251,1,'Gestion des Finances Publiques',1,87),(252,1,'Notions de Comptabilité',1,87),(253,1,'Sécurité des Réseaux',1,87),(254,1,'Réseaux Publics',1,87),(255,1,'Circuits Micro-Ondes',1,87),(256,1,'Méthodes Numériques en Electromagnétisme',1,87),(257,1,'Interconnexion et Gestion du Spectre / Technologie et Gestion du Réseau d\'Accès',1,87),(258,1,'Optoélectronique / Technologie de l\'Optique Guidée',1,87),(259,1,'Théorie de l\'Information',1,87),(260,1,'Gestion des Projets 1',1,87),(261,1,'Systèmes Embarqués II',1,87),(262,1,'Projet Tutoré sur les Réseaux Intélligents et Mesh',1,87),(263,1,'Droit des affaires et des Entreprises en Difficultés',1,87),(264,1,'Gestion et Évaluation Financière et Comptable / Comptabilité',1,87),(265,1,'Normes et Protocoles',1,87),(266,1,'Télévision Numérique',1,87),(267,1,'TIC VoIP, IPv6, Programmation Socket',1,87),(268,1,'Rayonnement et Antenne II',1,87),(269,1,'Compatibilité Electromagnétique',1,87),(270,1,'Projets Tutorés sur la Planification WIMAX, CDMA et UMTS',1,87),(271,1,'Recherche Opérationnelle et Théorie des Graphes II',1,87),(272,1,'Analyse Numérique II',1,87),(273,1,'Droit des Télécommunications / Régulation',1,87),(274,1,'Communication / Management Général / Gestion des Ressources Humaines',1,87),(275,1,'Systèmes Embarqués - Robotique',1,87),(276,1,'Dimensionnement de la Consommation de l\'Énergie Électrique',1,87),(277,1,'Programmation C, C++ et Java, Systèmes Distribués',1,87),(278,1,'Antennes Intélligentes',1,87),(279,1,'Réseaux Locaux d\'Entreprise',1,87),(280,1,'Système d\'Information et de Gestion',1,87),(281,1,'Télédétection en Électromagnétisme',1,87),(282,1,'Radiocommunications mobiles système et concept',1,87),(283,1,'Télécommunications Spatiales',1,87),(284,1,'Aspects Juridiques de l\'Entreprise',1,87),(285,1,'Stage et Mémoire',1,88),(286,1,'Intelligence Artificielle et Applications',1,87),(287,1,'Calcul Parallèle',1,87),(288,1,'Génie Logiciel II',1,87),(289,1,'SGBD et Langages de Requêtes',1,87),(290,1,'Programmation Orientée Objets 3',1,87),(291,1,'Electronique et Interfaçage',1,87),(292,1,'Traitement d\'Images et Vision par Ordinateur',1,87),(293,1,'Réseaux et Protocoles de Communication',1,87),(294,1,'Sécurité Informatique',1,87),(295,1,'Programmation Système',1,87),(296,1,'SMA et Projet Systèmes Experts',1,87),(298,1,'Programmation Orientée Objets 4',1,87),(299,1,'Programmation Système et Administration Réseaux',1,87),(300,1,'Ingénierie des Télécommunications',1,87),(301,1,'Recherche Opérationnelle 2',1,87),(303,1,'Génie Logiciel III',1,87),(304,1,'Modélisation et Vérification',1,87),(305,1,'BD de Nouvelles Générations et SIG',1,87),(306,1,'Conduite de Projet et IHM',1,87),(307,1,'Analyse de Données et Projet RO',1,87),(308,1,'Systèmes Répartis et Sécurité Informatique',1,87),(309,1,'Systèmes Multimédia, Tuteurs Intélligents et Traitement d\'Images',1,87),(310,1,'Projets de Synthèse',1,87),(311,1,'Protocoles et Interconnexion des Réseaux',1,87),(312,1,'Planification des Réseaux Mobiles',1,87),(313,1,'Systèmes Répartis et Programmation Web',1,87),(314,1,'Sécurité Informatique et Réseaux',1,87),(315,1,'Management',1,87),(316,1,'Algorithmique Avancée',1,87);
/*!40000 ALTER TABLE `COURS` ENABLE KEYS */;
UNLOCK TABLES;

--
-- Table structure for table `COURSUEANNEE`
--

DROP TABLE IF EXISTS `COURSUEANNEE`;
/*!40101 SET @saved_cs_client     = @@character_set_client */;
/*!40101 SET character_set_client = utf8 */;
CREATE TABLE `COURSUEANNEE` (
  `ID` bigint(20) NOT NULL,
  `ANNEEACADEMIQUE_ID` bigint(20) DEFAULT NULL,
  `COURS_ID` bigint(20) DEFAULT NULL,
  `UNITEENSEIGNEMENT_ID` bigint(20) DEFAULT NULL,
  PRIMARY KEY (`ID`),
  UNIQUE KEY `UNQ_COURSUEANNEE_0` (`ANNEEACADEMIQUE_ID`,`UNITEENSEIGNEMENT_ID`,`COURS_ID`),
  KEY `FK_COURSUEANNEE_UNITEENSEIGNEMENT_ID` (`UNITEENSEIGNEMENT_ID`),
  KEY `FK_COURSUEANNEE_COURS_ID` (`COURS_ID`),
  CONSTRAINT `FK_COURSUEANNEE_ANNEEACADEMIQUE_ID` FOREIGN KEY (`ANNEEACADEMIQUE_ID`) REFERENCES `ANNEEACADEMIQUE` (`ID`),
  CONSTRAINT `FK_COURSUEANNEE_COURS_ID` FOREIGN KEY (`COURS_ID`) REFERENCES `COURS` (`ID`),
  CONSTRAINT `FK_COURSUEANNEE_UNITEENSEIGNEMENT_ID` FOREIGN KEY (`UNITEENSEIGNEMENT_ID`) REFERENCES `UNITEENSEIGNEMENT` (`ID`)
) ENGINE=InnoDB DEFAULT CHARSET=latin1;
/*!40101 SET character_set_client = @saved_cs_client */;

--
-- Dumping data for table `COURSUEANNEE`
--

LOCK TABLES `COURSUEANNEE` WRITE;
/*!40000 ALTER TABLE `COURSUEANNEE` DISABLE KEYS */;
/*!40000 ALTER TABLE `COURSUEANNEE` ENABLE KEYS */;
UNLOCK TABLES;

--
-- Table structure for table `CREDIT`
--

DROP TABLE IF EXISTS `CREDIT`;
/*!40101 SET @saved_cs_client     = @@character_set_client */;
/*!40101 SET character_set_client = utf8 */;
CREATE TABLE `CREDIT` (
  `ID` bigint(20) NOT NULL,
  `VALEUR` int(11) DEFAULT NULL,
  `ANNEEACADEMIQUE_ID` bigint(20) DEFAULT NULL,
  `COURS_ID` bigint(20) DEFAULT NULL,
  `PARCOURS_ID` bigint(20) DEFAULT NULL,
  `VERSION` int(11) DEFAULT NULL,
  PRIMARY KEY (`ID`),
  UNIQUE KEY `UNQ_CREDIT_0` (`ANNEEACADEMIQUE_ID`,`PARCOURS_ID`,`COURS_ID`),
  KEY `FK_CREDIT_PARCOURS_ID` (`PARCOURS_ID`),
  KEY `FK_CREDIT_COURS_ID` (`COURS_ID`),
  CONSTRAINT `FK_CREDIT_ANNEEACADEMIQUE_ID` FOREIGN KEY (`ANNEEACADEMIQUE_ID`) REFERENCES `ANNEEACADEMIQUE` (`ID`),
  CONSTRAINT `FK_CREDIT_COURS_ID` FOREIGN KEY (`COURS_ID`) REFERENCES `COURS` (`ID`),
  CONSTRAINT `FK_CREDIT_PARCOURS_ID` FOREIGN KEY (`PARCOURS_ID`) REFERENCES `PARCOURS` (`ID`)
) ENGINE=InnoDB DEFAULT CHARSET=latin1;
/*!40101 SET character_set_client = @saved_cs_client */;

--
-- Dumping data for table `CREDIT`
--

LOCK TABLES `CREDIT` WRITE;
/*!40000 ALTER TABLE `CREDIT` DISABLE KEYS */;
INSERT INTO `CREDIT` VALUES (1004,3,86,166,58,1),(1005,4,86,160,58,1),(1006,2,86,171,58,1),(1007,3,86,152,58,1),(1008,3,86,165,58,1),(1009,2,86,157,58,1),(1010,3,86,153,58,1),(1011,5,86,167,58,2),(1012,2,86,164,58,1),(1013,5,86,175,58,2),(1014,2,86,158,58,1),(1015,5,86,156,58,2),(1016,2,86,174,58,1),(1017,2,86,161,58,1),(1018,2,86,170,58,1),(1019,2,86,162,58,1),(1020,2,86,159,58,1),(1021,2,86,163,58,1),(1022,2,86,204,58,1),(1023,2,86,177,58,1),(1024,2,86,169,58,1),(1025,0,86,176,58,2),(1026,2,86,173,58,1),(1027,0,86,155,58,2),(1028,0,86,168,58,2),(4268,2,86,172,58,1),(4301,3,86,151,58,1),(8279,3,83,151,58,1),(8280,3,83,166,58,1),(8281,3,83,160,58,1),(8282,2,83,171,58,1),(8283,3,83,152,58,1),(8284,3,83,165,58,1),(8285,2,83,157,58,1),(8286,3,83,153,58,3),(8287,5,83,167,58,2),(8288,2,83,164,58,1),(8289,3,83,175,58,1),(8290,2,83,158,58,1),(8291,5,83,156,58,2),(8292,2,83,174,58,1),(8293,3,83,161,58,1),(8294,2,83,172,58,1),(8295,1,83,170,58,2),(8296,2,83,162,58,1),(8297,2,83,159,58,1),(8298,2,83,163,58,1),(8299,2,83,204,58,1),(8300,2,83,177,58,1),(8301,2,83,169,58,1),(8302,2,83,176,58,1),(8303,1,83,173,58,2),(9154,2,86,193,59,1),(9155,3,86,180,59,1),(9156,2,86,188,59,1),(9157,2,86,197,59,1),(9158,2,86,189,59,1),(9159,2,86,191,59,1),(9160,2,86,190,59,1),(9161,2,86,184,59,1),(9162,2,86,183,59,1),(9163,2,86,203,59,1),(9164,3,86,199,59,1),(9165,2,86,182,59,1),(9166,2,86,181,59,1),(9167,3,86,194,59,1),(9168,2,86,195,59,1),(9169,2,86,202,59,1),(9170,2,86,187,59,1),(9171,2,86,198,59,1),(9172,2,86,177,59,1),(9173,2,86,196,59,1),(9174,2,86,186,59,1),(9175,2,86,185,59,1),(9711,2,86,178,59,1),(9712,2,86,179,59,1),(10448,2,86,201,59,1),(10851,2,86,238,60,1),(10852,2,86,241,60,1),(10853,2,86,239,60,1),(10854,2,86,246,60,1),(10855,2,86,243,60,1),(10856,2,86,242,60,1),(10857,2,86,219,60,1),(10858,2,86,249,60,1),(10859,2,86,245,60,1),(10860,2,86,235,60,1),(10861,2,86,211,60,1),(10862,2,86,247,60,1),(11594,3,86,316,60,1),(11595,2,86,206,60,1),(12286,2,86,210,62,1),(12383,2,86,219,62,1),(12479,2,86,228,62,1),(14684,3,85,151,58,1),(14685,3,85,160,58,1),(14686,3,85,152,58,1),(14687,3,85,157,58,2),(14688,4,85,153,58,2),(14689,2,85,164,58,1),(14690,3,85,175,58,1),(14691,2,85,158,58,1),(14692,2,85,156,58,1),(14693,3,85,161,58,1),(14694,2,85,162,58,1),(14695,2,85,159,58,1),(14696,2,85,163,58,1),(14697,2,85,176,58,1),(14705,3,85,155,58,1),(14776,3,84,151,58,1),(14777,3,84,166,58,1),(14778,3,84,160,58,1),(14779,2,84,171,58,1),(14780,3,84,152,58,1),(14781,3,84,165,58,1),(14782,2,84,157,58,1),(14783,3,84,153,58,1),(14784,2,84,167,58,1),(14785,2,84,164,58,1),(14786,3,84,175,58,1),(14787,2,84,158,58,1),(14788,2,84,156,58,1),(14789,2,84,174,58,1),(14790,3,84,161,58,1),(14791,2,84,172,58,1),(14792,1,84,170,58,1),(14793,2,84,162,58,1),(14794,2,84,159,58,1),(14795,2,84,163,58,1),(14796,2,84,204,58,1),(14797,2,84,177,58,1),(14798,2,84,169,58,1),(14799,2,84,176,58,1),(14800,1,84,173,58,1),(14801,3,84,155,58,1),(14802,3,84,168,58,1),(14803,3,85,166,58,1),(14804,2,85,171,58,1),(14805,3,85,165,58,1),(14806,2,85,167,58,1),(14807,2,85,174,58,1),(14808,2,85,172,58,1),(14809,2,85,170,58,1),(14810,2,85,177,58,1),(14811,2,85,169,58,1),(14812,2,85,173,58,1),(14813,3,85,168,58,1);
/*!40000 ALTER TABLE `CREDIT` ENABLE KEYS */;
UNLOCK TABLES;

--
-- Table structure for table `CYCLES`
--

DROP TABLE IF EXISTS `CYCLES`;
/*!40101 SET @saved_cs_client     = @@character_set_client */;
/*!40101 SET character_set_client = utf8 */;
CREATE TABLE `CYCLES` (
  `ID` bigint(20) NOT NULL,
  `ACTIVE` int(11) DEFAULT '1',
  `NOM` varchar(255) DEFAULT NULL,
  `VERSION` int(11) DEFAULT NULL,
  PRIMARY KEY (`ID`),
  UNIQUE KEY `NOM` (`NOM`)
) ENGINE=InnoDB DEFAULT CHARSET=latin1;
/*!40101 SET character_set_client = @saved_cs_client */;

--
-- Dumping data for table `CYCLES`
--

LOCK TABLES `CYCLES` WRITE;
/*!40000 ALTER TABLE `CYCLES` DISABLE KEYS */;
INSERT INTO `CYCLES` VALUES (1,1,'Licence',1),(2,1,'Master',1);
/*!40000 ALTER TABLE `CYCLES` ENABLE KEYS */;
UNLOCK TABLES;

--
-- Table structure for table `DEPARTEMENT`
--

DROP TABLE IF EXISTS `DEPARTEMENT`;
/*!40101 SET @saved_cs_client     = @@character_set_client */;
/*!40101 SET character_set_client = utf8 */;
CREATE TABLE `DEPARTEMENT` (
  `ID` bigint(20) NOT NULL,
  `ACTIVE` int(11) DEFAULT '1',
  `CODE` varchar(255) DEFAULT NULL,
  `ENGLISHDESCRIPTION` varchar(255) DEFAULT NULL,
  `FRENCHDESCRIPTION` varchar(255) DEFAULT NULL,
  `VERSION` int(11) DEFAULT NULL,
  PRIMARY KEY (`ID`),
  UNIQUE KEY `CODE` (`CODE`)
) ENGINE=InnoDB DEFAULT CHARSET=latin1;
/*!40101 SET character_set_client = @saved_cs_client */;

--
-- Dumping data for table `DEPARTEMENT`
--

LOCK TABLES `DEPARTEMENT` WRITE;
/*!40000 ALTER TABLE `DEPARTEMENT` DISABLE KEYS */;
INSERT INTO `DEPARTEMENT` VALUES (8,1,'INFOTEL','Computer Science and Telecommunications','Informatique et Télécommunications',2),(9,1,'AGEPD','Agriculture, Livestock and Derived Products','Agriculture Elevage et Produits Dérivés',2),(10,1,'ENREN','Renewable Energies','Energies Renouvelables',2),(601,0,'SCIENV','Environmental Sciences','Sciences Environnementales',2),(602,1,'SCISOD','Social Sciences for the Development','Sciences Sociales pour le Développement',3),(603,1,'GTC','Textile and Leather Engineering','Génie Textile et Cuir',1);
/*!40000 ALTER TABLE `DEPARTEMENT` ENABLE KEYS */;
UNLOCK TABLES;

--
-- Table structure for table `ENSEIGNANT`
--

DROP TABLE IF EXISTS `ENSEIGNANT`;
/*!40101 SET @saved_cs_client     = @@character_set_client */;
/*!40101 SET character_set_client = utf8 */;
CREATE TABLE `ENSEIGNANT` (
  `ID` bigint(20) NOT NULL,
  `ACTIVE` int(11) DEFAULT '1',
  `NOM` varchar(255) DEFAULT NULL,
  `VERSION` int(11) DEFAULT NULL,
  PRIMARY KEY (`ID`)
) ENGINE=InnoDB DEFAULT CHARSET=latin1;
/*!40101 SET character_set_client = @saved_cs_client */;

--
-- Dumping data for table `ENSEIGNANT`
--

LOCK TABLES `ENSEIGNANT` WRITE;
/*!40000 ALTER TABLE `ENSEIGNANT` DISABLE KEYS */;
INSERT INTO `ENSEIGNANT` VALUES (351,1,'Douwe Vincent',1),(665,1,'Olivier Bossou Vidémé',1),(666,1,'Terdam Valentin',1),(667,1,'Barzina Robert',1),(668,1,'Nounamo Dabou Patrick',1),(669,1,'Guiem Richard',1),(670,1,'Siddi Tengeleng',1),(671,1,'Boudjou Hortense',1),(672,1,'Pecha Amina',1),(673,1,'Woundjiagué Apollinaire',1),(674,1,'Nisso Nicodem',2),(675,1,'Djorwé Temoa',1),(676,1,'Charles Laoukoura',1),(677,0,'Zozo pai nous',3),(678,0,'Zozo pai nous',3),(759,1,'Kolyang',1),(760,1,'Kaladzavi Guidedi',1),(761,1,'Tchoffo',1),(769,1,'Tchangnwa Fridolin',1),(771,1,'Djoda Pagore',1),(773,1,'Kidmo Kaokamla',1),(788,1,'Nasser',1),(789,1,'Djebba',1),(790,1,'Djomdi',1);
/*!40000 ALTER TABLE `ENSEIGNANT` ENABLE KEYS */;
UNLOCK TABLES;

--
-- Table structure for table `ENSEIGNEMENT`
--

DROP TABLE IF EXISTS `ENSEIGNEMENT`;
/*!40101 SET @saved_cs_client     = @@character_set_client */;
/*!40101 SET character_set_client = utf8 */;
CREATE TABLE `ENSEIGNEMENT` (
  `ID` bigint(20) NOT NULL,
  `ACTIVE` int(11) DEFAULT '1',
  `VERSION` int(11) DEFAULT NULL,
  `ANNEEACADEMIQUE_ID` bigint(20) DEFAULT NULL,
  `COURS_ID` bigint(20) DEFAULT NULL,
  `PARCOURS_ID` bigint(20) DEFAULT NULL,
  PRIMARY KEY (`ID`),
  KEY `FK_ENSEIGNEMENT_COURS_ID` (`COURS_ID`),
  KEY `FK_ENSEIGNEMENT_ANNEEACADEMIQUE_ID` (`ANNEEACADEMIQUE_ID`),
  CONSTRAINT `FK_ENSEIGNEMENT_ANNEEACADEMIQUE_ID` FOREIGN KEY (`ANNEEACADEMIQUE_ID`) REFERENCES `ANNEEACADEMIQUE` (`ID`),
  CONSTRAINT `FK_ENSEIGNEMENT_COURS_ID` FOREIGN KEY (`COURS_ID`) REFERENCES `COURS` (`ID`)
) ENGINE=InnoDB DEFAULT CHARSET=latin1;
/*!40101 SET character_set_client = @saved_cs_client */;

--
-- Dumping data for table `ENSEIGNEMENT`
--

LOCK TABLES `ENSEIGNEMENT` WRITE;
/*!40000 ALTER TABLE `ENSEIGNEMENT` DISABLE KEYS */;
INSERT INTO `ENSEIGNEMENT` VALUES (703,1,3,86,152,58),(704,1,2,86,151,58),(751,1,1,86,160,58),(752,1,1,86,171,58),(753,1,1,86,166,58),(754,1,1,86,165,58),(755,1,1,86,157,58),(756,1,1,86,153,58),(757,1,1,86,167,58),(758,1,1,86,158,58),(762,1,1,86,161,58),(763,1,1,86,172,58),(764,1,4,86,170,58),(765,1,1,86,163,58),(766,1,1,86,174,58),(767,1,1,86,173,58),(768,1,1,86,156,58),(770,1,1,86,159,58),(772,1,1,86,175,58),(774,1,1,86,162,58),(775,1,1,86,193,59),(776,1,1,86,180,59),(777,1,1,86,188,59),(778,1,1,86,197,59),(779,1,1,86,199,59),(780,1,1,86,182,59),(781,1,1,86,181,59),(782,1,1,86,195,59),(783,1,1,86,187,59),(784,1,1,86,198,59),(785,1,1,86,185,59),(786,1,1,86,186,59),(787,1,1,86,201,59),(791,1,2,86,203,59),(792,1,1,86,202,59),(793,1,1,86,241,60),(794,1,1,86,206,60),(795,1,1,86,246,60),(796,1,1,86,245,60),(797,1,1,86,231,60),(798,1,1,86,243,60),(799,1,1,86,244,60),(800,1,1,86,242,60),(801,1,1,86,219,60),(802,1,1,86,235,60),(803,1,1,86,249,60),(804,1,1,86,224,60),(805,1,1,86,211,60),(806,1,1,86,248,60),(807,1,1,86,247,60),(808,1,1,86,191,59),(4269,1,1,86,169,58);
/*!40000 ALTER TABLE `ENSEIGNEMENT` ENABLE KEYS */;
UNLOCK TABLES;

--
-- Table structure for table `ENSEIGNEMENT_ENSEIGNANT`
--

DROP TABLE IF EXISTS `ENSEIGNEMENT_ENSEIGNANT`;
/*!40101 SET @saved_cs_client     = @@character_set_client */;
/*!40101 SET character_set_client = utf8 */;
CREATE TABLE `ENSEIGNEMENT_ENSEIGNANT` (
  `enseignants_ID` bigint(20) NOT NULL,
  `enseignements_ID` bigint(20) NOT NULL,
  PRIMARY KEY (`enseignants_ID`,`enseignements_ID`),
  KEY `FK_ENSEIGNEMENT_ENSEIGNANT_enseignements_ID` (`enseignements_ID`),
  CONSTRAINT `FK_ENSEIGNEMENT_ENSEIGNANT_enseignants_ID` FOREIGN KEY (`enseignants_ID`) REFERENCES `ENSEIGNANT` (`ID`),
  CONSTRAINT `FK_ENSEIGNEMENT_ENSEIGNANT_enseignements_ID` FOREIGN KEY (`enseignements_ID`) REFERENCES `ENSEIGNEMENT` (`ID`)
) ENGINE=InnoDB DEFAULT CHARSET=latin1;
/*!40101 SET character_set_client = @saved_cs_client */;

--
-- Dumping data for table `ENSEIGNEMENT_ENSEIGNANT`
--

LOCK TABLES `ENSEIGNEMENT_ENSEIGNANT` WRITE;
/*!40000 ALTER TABLE `ENSEIGNEMENT_ENSEIGNANT` DISABLE KEYS */;
INSERT INTO `ENSEIGNEMENT_ENSEIGNANT` VALUES (669,703),(669,704),(351,751),(351,752),(672,753),(669,754),(670,755),(674,756),(674,757),(665,758),(759,762),(760,762),(671,763),(759,764),(667,765),(761,766),(668,767),(674,768),(769,770),(771,772),(773,774),(351,775),(674,776),(667,777),(667,778),(670,779),(668,780),(351,781),(351,782),(670,783),(666,784),(670,785),(670,786),(674,787),(789,791),(790,792),(675,793),(673,794),(351,795),(674,796),(788,797),(668,798),(668,799),(673,800),(668,801),(351,802),(351,803),(671,804),(666,805),(666,806),(666,807),(788,808),(671,4269);
/*!40000 ALTER TABLE `ENSEIGNEMENT_ENSEIGNANT` ENABLE KEYS */;
UNLOCK TABLES;

--
-- Table structure for table `ETUDIANT`
--

DROP TABLE IF EXISTS `ETUDIANT`;
/*!40101 SET @saved_cs_client     = @@character_set_client */;
/*!40101 SET character_set_client = utf8 */;
CREATE TABLE `ETUDIANT` (
  `ID` bigint(20) NOT NULL,
  `ACTIVE` int(11) DEFAULT '1',
  `DATEDENAISSANCE` date DEFAULT NULL,
  `EMAIL` varchar(255) DEFAULT NULL,
  `GENRE` int(11) DEFAULT NULL,
  `LIEUDENAISSANCE` varchar(255) DEFAULT NULL,
  `MATRICULE` varchar(255) DEFAULT NULL,
  `NOM` varchar(255) NOT NULL,
  `NUMEROTELEPHONE` varchar(255) DEFAULT NULL,
  `VALIDDATE` tinyint(1) DEFAULT '1',
  `VERSION` int(11) DEFAULT NULL,
  PRIMARY KEY (`ID`),
  UNIQUE KEY `MATRICULE` (`MATRICULE`)
) ENGINE=InnoDB DEFAULT CHARSET=latin1;
/*!40101 SET character_set_client = @saved_cs_client */;

--
-- Dumping data for table `ETUDIANT`
--

LOCK TABLES `ETUDIANT` WRITE;
/*!40000 ALTER TABLE `ETUDIANT` DISABLE KEYS */;
INSERT INTO `ETUDIANT` VALUES (1051,1,NULL,NULL,0,NULL,'11V334S','ABDOURAHMAN OUMAROU',NULL,0,1),(1053,1,'1987-05-18',NULL,0,'NKOT-ABANG','11V202S','ANANGA ATEBA JEAN BERTRAND',NULL,1,1),(1055,1,'1989-07-08',NULL,0,'OBALA','11V306S','AWONO ONGUENE DOMINIQUE',NULL,1,1),(1057,1,'1992-01-26',NULL,1,'BANGANGTE','11V409S','AYEMELE PAKA LINDA',NULL,1,1),(1059,1,'1990-08-14',NULL,0,'SOULEDE','11V354S','BABGAI RAPHAEL GUIDEKE',NULL,1,1),(1061,1,'1988-11-04',NULL,0,'NDIKOKO-NDIKI','11V274S','BANAKEN BELBOM ANDRE ROGER',NULL,1,1),(1063,1,'1991-04-05',NULL,1,'NJONE','11V389S','BEKOU MAPO OUEMBA ERVIE CORINA',NULL,1,1),(1065,1,NULL,NULL,0,NULL,'11V086S','BISSO HENRI JEAN',NULL,0,1),(1067,1,'1990-05-13',NULL,1,'MOKOLO','11V344S','DAGUIDAM DELPHINE',NULL,1,1),(1069,1,'1988-03-03',NULL,0,'MBANGA','11V238S','DJONTU TAJOUO FRANCOIS ACHILLE',NULL,1,1),(1071,1,'1988-02-19',NULL,0,'MAROUA','11V237S','DOURWE JEAN CLAUDE',NULL,1,1),(1073,1,'1991-02-10',NULL,0,'NJOMBE','11V383S','EKANKANG  NTOUBA MARTIN',NULL,1,1),(1075,1,'1988-06-23',NULL,0,'YAOUNDE','11V489S','ESSOKOLOK OLEMBE SEDRICK FREDY',NULL,1,1),(1077,1,'1991-11-06',NULL,1,'GAROUA','11V405S','FATIME MALOUM',NULL,1,1),(1079,1,NULL,NULL,0,NULL,'11V232S','FOGA MICHEL',NULL,0,1),(1081,1,'1992-11-06',NULL,0,'YAOUNDÉ','11V430S','FOTSO TAGNE LIONEL YVAN',NULL,1,1),(1083,1,'1992-08-31',NULL,0,'YAGOUA','11V424S','GOLSIA KAIMISSINA ARISTIDE',NULL,1,1),(1085,1,'1988-06-14',NULL,0,'MUNDEMBA','11V255S','HIDAMA II ELISEE',NULL,1,1),(1087,1,NULL,NULL,0,NULL,'11V397S','ISSA HAMAN DJEMTCHOU',NULL,0,1),(1089,1,'1990-06-12',NULL,0,'Kossewa - Maroua','11V348S','JEREMIE MAMZOUAI',NULL,1,1),(1091,1,'1993-01-21',NULL,0,'BUEA','11V434S','KENFACK DJEUFACK VALMY-ROI',NULL,1,1),(1093,1,'1989-03-03',NULL,0,'KRIBI','11V289S','KWENDJEU DJAMEN DANIS DU ROLE',NULL,1,1),(1095,1,'1992-12-28',NULL,1,'TIGA','11V433S','MAÎNOUE MAKAÎNET FLORENCE',NULL,1,1),(1097,1,'1991-01-19',NULL,1,'MBALMAYO','11V377S','MAJU TATCHUM EUGENIE',NULL,1,1),(1099,1,'1992-08-03',NULL,1,'BANGWA','11V421S','MBOUOGNONG PEFIENERE DORIMENE',NULL,1,1),(1101,1,'1993-06-08',NULL,1,'MELONG I','11V437S','METCHOMNOU FOGANG INGRID STROBEL',NULL,1,1),(1103,1,'1993-06-03',NULL,0,'YAOUNDE','11V518S','MBGATOU DARYL',NULL,1,1),(1105,1,'1989-05-19',NULL,0,'GUIDER','11V298S','MOHAMADOU AWAL',NULL,1,1),(1107,1,'1989-08-17',NULL,0,'NGAOUNDERE','11V309S','MOHAMADOU YOUSSOUF',NULL,1,1),(1109,1,'1989-01-12',NULL,0,'BIBIA','11V283S','NGALLY MIMBIANG ALOYS DUOVANY',NULL,1,1),(1111,1,'1987-12-02',NULL,0,'DOUALA','11V228S','NGATCHEU SIEWE FABRICE',NULL,1,1),(1113,1,'1989-02-27',NULL,0,'NDOUNGUE','11V288S','NJIELIEU LUCKY STERGE',NULL,1,1),(1115,1,'1992-09-12',NULL,0,'EBOLOWA','11V427S','NKWEWO NGOUFO GEDEON GHISLAIN',NULL,1,1),(1117,1,'1987-04-26',NULL,0,'BAPI','11V197S','NONO FOKOU ACHILLE',NULL,1,1),(1119,1,'1988-03-05',NULL,0,'BAFOUSSAM','11V239S','NWAFO WOMNDIEGAM MAMA',NULL,1,1),(1121,1,'1987-07-09',NULL,0,'GAROUA','11V209S','OUSMANOU MAMOUDOU',NULL,1,1),(1123,1,'1990-05-15',NULL,0,'DSCHANG','11V345S','PATALE EVER JUNIOR',NULL,1,1),(1125,1,'1990-12-08',NULL,0,'DOUKOULA','11V371S','PELYANG EMMANUEL',NULL,1,1),(1127,1,'1992-12-12',NULL,0,'DOUALA','11V432S','POUEMO MONGANG ISAAC ADRIEN',NULL,1,1),(1129,1,'1991-08-12',NULL,1,'MAROUA','11V399S','SAMIRA MOHAMAN SANI',NULL,1,1),(1131,1,'1991-02-03',NULL,0,'DOUALA','11V380S','SILIYA WANN KISSI',NULL,1,1),(1133,1,'1992-06-25',NULL,0,'GAROUA','11V417S','SUINA NAINA PROSPER',NULL,1,1),(1135,1,'1989-04-19',NULL,0,'LIBREVILLE','11V296S','TCHEUKO EMANI CYRIAQUE THIERRY',NULL,1,1),(1137,1,'1992-03-31',NULL,0,'NKONGSAMBA','11V412S','TEGUIA NKOUNGAN NIKEL MAUREEN',NULL,1,1),(1139,1,'1990-08-27',NULL,0,'BODO  MAKARY','11V356S','WA  ARA  LIMANGANA HASSANA',NULL,1,1),(1141,1,'1989-03-27',NULL,0,'DOUALA','12X300S','ABA PAMBE ALAIN',NULL,1,1),(1143,1,'1992-03-03',NULL,0,'DOUALA','12X122S','ABDOUL KARIMOU HAMADOU TALLA',NULL,1,1),(1145,1,'1991-10-27',NULL,0,'NGAOUNDERE','12X139S','AHMADOU BATCHI',NULL,1,1),(1147,1,'1992-12-01',NULL,1,'MAYO ENDALLA','12X094S','AMINA PAZEU',NULL,1,1),(1149,1,'1991-09-15',NULL,0,'YAOUNDÉ','12X146S','BALLA MEKONGO JOSEPH AUBIN',NULL,1,1),(1151,1,'1991-04-23',NULL,0,'YAOUNDÉ','12X169S','BELLO YERE FIDELE',NULL,1,1),(1153,1,NULL,NULL,0,NULL,'12X503S','BENDI NGUIMBOUS PATRICE',NULL,0,1),(1155,1,NULL,NULL,0,NULL,'12X560S','DITOUAMO BARNABAS',NULL,0,1),(1157,1,'1989-05-11',NULL,0,'MAROUA','12X290S','DJARYANG DECARTES',NULL,1,1),(1159,1,'1992-07-04',NULL,1,'MBO BANDJOUN','12X112S','DJEPANG CHENKEP LUSIANNE',NULL,1,1),(1161,1,'1993-01-05',NULL,0,'BANGANGTE','12X086S','DJIOSSEU TIODO AUDREY',NULL,1,1),(1163,1,'1991-07-03',NULL,0,'YAOUNDÉ','12X155S','DONGUE OLIVIER',NULL,1,1),(1165,1,'1990-06-21',NULL,0,'NGUELEMENDOUGA','12X222S','DOUMTSOP MELI FRANC WALTER',NULL,1,1),(1167,1,'1990-09-13',NULL,1,'YAOUNDE','12X209S','ENANGUE AYISSI LOUISE-AGNES TATIANA',NULL,1,1),(1169,1,'1990-01-21',NULL,1,'NYASSAR NDERE','12X252S','FADIMATOU ISSA',NULL,1,1),(1171,1,'1993-04-03',NULL,0,'BERTOUA','12X076S','FEUDJIO TSAGUE ARMEL FERRY',NULL,1,1),(1173,1,'1994-02-14',NULL,0,'BAFOUSSAM','12X040S','FEUWO FEUTSEU CYRILLE JOEL',NULL,1,1),(1175,1,'1995-10-15',NULL,0,'DOUALA','12X008S','FOTSO DEFFO PEGGY PEREZ',NULL,1,1),(1177,1,'1994-06-21',NULL,0,'MAROUA','12X031S','GONG TCHOING RODOLPHE',NULL,1,1),(1179,1,'1992-07-19',NULL,1,'YAOUNDÉ','12X110S','GONKENE TCHOUAWI VIVIANE',NULL,1,1),(1181,1,'1985-10-10',NULL,0,'AFADE','12X497S','GUEIME ABADAM',NULL,1,1),(1183,1,NULL,NULL,1,NULL,'12X045S','HADJA HELIMATA GOUSKRO',NULL,0,1),(1185,1,NULL,NULL,0,NULL,'12X117S','HOMDIM TCHUENTEU JOEL LANDRY',NULL,0,1),(1187,1,'1988-01-12',NULL,0,'MAROUA','12X391S','HOUKOULAM FIRMIN',NULL,1,1),(1189,1,'1988-01-07',NULL,0,'NJOMBE','12X392S','KAMGA NGAMENI MICHEL FRANCK',NULL,1,1),(1191,1,'1994-12-06',NULL,0,'DOUALA','12X023S','KONE POFOURA ESAIE',NULL,1,1),(1193,1,'1995-01-18',NULL,1,'YAOUNDÉ','12X020S','KUITCHE DJOUMESSAP BARBARA',NULL,1,1),(1195,1,'1989-06-09',NULL,0,'DOUALA','12X283S','LEMOTIO TEMATIO HUGUES PATRICE',NULL,1,1),(1197,1,'1994-10-10',NULL,1,'YAOUNDÉ','12X026S','MAHPEHKA KODJO',NULL,1,1),(1199,1,'1994-10-25',NULL,1,'LAINDE','12X024S','MAIGNOWA BAMO',NULL,1,1),(1201,1,'1990-07-05',NULL,0,'MARO','12X220S','MAMSOAL NDADJINYAM ISRAEL',NULL,1,1),(1204,1,'1990-03-06',NULL,0,'YAOUNDÉ','12X243S','MAMBOU NOUYADJE SOPHONIE',NULL,1,1),(1206,1,'1984-03-30',NULL,0,'DOUALA','12X546S','METO\'O EMERY LEROY',NULL,1,1),(1208,1,'1990-05-02',NULL,0,'DSCHANG','12X234S','MEWA TIYO ANTOINE',NULL,1,1),(1211,1,'1990-05-24',NULL,0,'MAROUA','12X228S','MOHAMED ABDOURAMAN',NULL,1,1),(1213,1,'1993-08-29',NULL,0,'YAOUNDÉ','12X052S','MOUSTAPHA ABBAGADI ALKALI AHMAT',NULL,1,1),(1215,1,'1992-02-16',NULL,0,'BIKOK','12X123S','NDONG ENGOZO\'O BORIS GAEL',NULL,1,1),(1217,1,NULL,NULL,0,NULL,'12X294S','NGANTCHA SUSCIL HALIDA',NULL,0,1),(1219,1,'1990-09-16',NULL,0,'DOUALA','12X006S','NGOUMENI JEAN PIERRE',NULL,1,1),(1221,1,'1993-02-10',NULL,0,'PENJA','12X082S','NGOUNE TONLEU BILL CLAIRE',NULL,1,1),(1223,1,'1989-03-17',NULL,0,'BAFIA','12X303S','NOUBIAP NOMSI ROUMUALD',NULL,1,1),(1225,1,'1989-01-23',NULL,0,'AWING','12X314S','PEZOH OMEGA FRU',NULL,1,1),(1227,1,'1988-08-17',NULL,0,'GAROUA','12X349S','SALI AHMADOU',NULL,1,1),(1230,1,'1993-03-14',NULL,0,'DOUALA','12X078S','SONKENG SYLVAIN',NULL,1,1),(1232,1,NULL,NULL,0,NULL,'12X267S','TAIWE DJONGA FREDERIC',NULL,0,1),(1234,1,'1993-03-09',NULL,0,'YAOUNDE','12X079S','TAKOUTSING YENDE WILLY HAROLD',NULL,1,1),(1236,1,NULL,NULL,0,NULL,'12X177S','TCHOGNIA KOM THIERRY FABRICE',NULL,0,1),(1238,1,NULL,NULL,0,NULL,'12X156S','TENE HAPPI VIRGIL',NULL,0,1),(1240,1,'1993-01-13',NULL,0,'NJOMBE','12X085S','TENKEU SAYOU ARMEL DONALD',NULL,1,1),(1242,1,'1992-01-17',NULL,0,'YAGOUA','12X129S','TOLOBA YOUSSOUFA',NULL,1,1),(1244,1,'1989-12-14',NULL,1,'NDOUNGUE','12X263S','WANTCHE EDIMOMENE BONANYAKA',NULL,1,1),(1246,1,'1990-12-16',NULL,0,'GAWAR-MOKOLO','12X190S','YOUSSOUF',NULL,1,1),(1248,1,'1992-07-28',NULL,1,'GAROUA','12X107S','ZOUBAYDAT DAHIROU',NULL,1,1),(1250,1,'1993-02-17',NULL,1,'MAROUA','12X081S','ZOUBEIDA OUMAROU',NULL,1,1),(1342,1,'1994-02-01',NULL,0,'KOUSSERI','13Z001S','ABAGANA ABAGANA',NULL,0,1),(1344,1,'1991-03-12',NULL,0,'DOUALA','13Z292S','ABALINTSINA PIERRE STEVE',NULL,1,1),(1346,1,'1995-10-08',NULL,0,'GAROUA','13Z042S','ABOUBAKAR AHMADOU',NULL,1,1),(1348,1,'1994-10-02',NULL,1,'DSCHANG','13Z068S','AMEZATIO TANANZONG PRISCA ODE',NULL,1,1),(1350,1,'1995-03-17',NULL,0,'TOUMAKA -BABADJOU','13Z053S','ATEMGOUA BRUMEL',NULL,1,1),(1352,1,'1994-05-22',NULL,0,'GUIDER','13Z090S','BIROUE ISAAC',NULL,1,1),(1354,1,'1989-06-12',NULL,0,'GAROUA','13Z399S','BOUBAKARI HAMADOU',NULL,1,1),(1356,1,'1995-11-22',NULL,0,'BAFOUSSAM','13Z039S','DARI MBOBE COLLINS',NULL,1,1),(1358,1,'1993-08-08',NULL,0,'ATTA','13Z141S','DJOUSSAM NGUE PAULIN',NULL,1,1),(1360,1,'1993-01-14',NULL,0,'MOKOLO','13Z173S','DOUPOM YAYA DIEUDONNE',NULL,1,1),(1362,1,'1991-12-22',NULL,0,'OKOK','13Z241S','EDOUGA JEAN PATRICK',NULL,1,1),(1364,1,'1991-08-03',NULL,1,'YAOUNDE','13Z268S','ESSANA NTEDE CHRISTELLE LAETITIA',NULL,1,1),(1366,1,'1989-09-16',NULL,0,'MELONG','13Z387S','ESSELEM CORNEILLE',NULL,1,1),(1368,1,'1992-02-11',NULL,0,'EDEA','13Z226S','ESSOME  MBEM JEAN  ROMEO',NULL,1,1),(1370,1,'1994-05-09',NULL,0,'TIGA','13Z094S','FEGUE EMBOLO ARMEL VIANNEY',NULL,1,1),(1372,1,'1992-04-04',NULL,0,'KAMPALA MADA','13Z216S','GARAKCHEM ATEUK',NULL,1,1),(1374,1,'1994-04-30',NULL,0,'KOUSSERI','13Z095S','GUEIME MADAM ALIFA',NULL,1,1),(1376,1,'1989-11-10',NULL,0,'YAOUNDE','13Z724S','IBRAHIM BOUBA',NULL,1,1),(1378,1,'1995-06-27',NULL,1,'DOUALA','13Z769S','KADJE YOUDOM MERCEDES KEVINE',NULL,1,1),(1380,1,'1994-08-04',NULL,0,'SEMTO','13Z079S','KOUAM TAMO JEAN JULES',NULL,1,1),(1382,1,'1987-07-10',NULL,0,'NTEINGUE','13Z741S','KUEFOUET MAURICE CALVIN',NULL,1,1),(1384,1,'1990-10-25',NULL,0,'MAROUA','13Z315S','LIWA ARMAND',NULL,1,1),(1386,1,'1993-08-01',NULL,0,'NGAOUNDERE','13Z143S','MADI VONDOU ARABO',NULL,1,1),(1388,1,'1992-03-09',NULL,0,'YAOUNDE','13Z223S','MBA MESSI DIEUDONNE LANDRY',NULL,1,1),(1390,1,'1992-08-28',NULL,0,'NGOUMOU','13Z190S','MBALLA FRANCIS ANICET',NULL,1,1),(1392,1,'1986-06-28',NULL,0,'DOUALA','13Z533S','MBONDJO BANGKWE PIERRE ERNEST',NULL,1,1),(1394,1,'1992-01-04',NULL,0,'FEGMIMBANG II','13Z239S','MESSI SERGE VALERY',NULL,1,1),(1396,1,'1992-04-02',NULL,1,'PENKA MICHEL','13Z217S','METSIGUIE MERLEINE IRENE',NULL,1,1),(1398,1,'1993-07-30',NULL,0,'TOULOUM','13Z144S','MOBARA PIERRE',NULL,1,1),(1400,1,'1990-02-01',NULL,0,'GUIDER','13Z004S','MOHAMADOU AMINOU IBRAHIMA',NULL,0,1),(1402,1,'1995-09-20',NULL,1,'MAROUA','13Z043S','MOUNIRA IDRISSOU LIMAN TOUKOUR',NULL,1,1),(1404,1,'1994-01-04',NULL,0,'ABONG-MBANG','13Z115S','MPA NGUELE FERNAND',NULL,1,1),(1406,1,'1993-01-02',NULL,0,'SANGMELIMA','13Z175S','NDAMKOU TANKE PASCAL BRONDON',NULL,1,1),(1408,1,'1988-02-10',NULL,0,'MINDIF','13Z764S','NENTCHE SYLVAIN',NULL,1,1),(1410,1,'1993-09-12',NULL,0,'YAOUNDE','13Z133S','NGONO ONANA STEPHANE FLORIDE',NULL,1,1),(1412,1,'1992-05-24',NULL,0,'DOUALA','13Z770S','NGOUMO ZEBAZE ALEX FLORIAN',NULL,1,1),(1414,1,'1997-08-22',NULL,1,'SANTA AKUM','13Z026S','NGUESUH STELLA  NYAMUKONG',NULL,1,1),(1416,1,'1986-11-25',NULL,0,'DOUALA','13Z740S','NOUKAM FABRICE TCHEKSON',NULL,1,1),(1418,1,'1994-06-14',NULL,0,'BAMENDOU','13Z086S','SILATSA TCHATCHUM JOVIAL',NULL,1,1),(1420,1,'1990-08-16',NULL,0,'NGAOUNDERE','13Z334S','SODEA MOÏNAM WILLY',NULL,1,1),(1422,1,'1993-04-09',NULL,0,'DSCHANG','13Z160S','SOKEING HYDIL AICARD',NULL,1,1),(1424,1,'1991-06-04',NULL,0,'GAROUA','13Z785S','SOULEYMANOU SALI',NULL,1,1),(1426,1,'1992-02-14',NULL,0,'KYABE','13Z690S','SOUSSIA KAINI',NULL,1,1),(1428,1,'1995-09-19',NULL,0,'MBOUDA','13Z044S','TABOUA KAMTA BASIL',NULL,1,1),(1430,1,'1993-09-15',NULL,0,'BABADJOU','13Z132S','TAGNIKEU TOUOYEM THIERRY',NULL,1,1),(1432,1,'1994-09-28',NULL,0,'YAOUNDE','13Z765S','TAMDJOKOUE  KETCHAPA ADRIEN',NULL,1,1),(1434,1,'1994-05-10',NULL,0,'MBOUDA','13Z093S','TCHINDA GOUFFO THIERRY',NULL,1,1),(1436,1,'1991-03-12',NULL,0,'DOUALA','13Z742S','TCHOGNIA KOM THIERRY FABRICE',NULL,1,1),(1438,1,'1992-05-06',NULL,0,'BALOUM','13Z773S','TEFEUDONG EVADAS',NULL,1,1),(1440,1,'1987-02-13',NULL,0,'DSCHANG','13Z507S','TEUFACK NAGUE FABRICE',NULL,1,1),(1442,1,'1994-08-15',NULL,0,'TCHATIBALI','13Z075S','WANGBA CELESTIN',NULL,1,1),(1444,1,'1990-04-02',NULL,0,'DOUALA','13Z707S','YOUEGAN  NGAMENI RODRIGUE  GERBO',NULL,1,1),(1446,1,'1985-05-10',NULL,0,'DOUALA','13Z563S','ZEH EKOUMOU VIANEY',NULL,1,1),(1449,1,'1991-03-26',NULL,0,'MAROUA','14A756S','ABDOUL-AZIZ YOUGOUDA',NULL,1,1),(1451,1,'1992-03-08',NULL,0,'DJARENGOL KODEK','14A311S','ABDOUL-AZIZE ALIOUM',NULL,1,1),(1453,1,'1992-06-18',NULL,0,'GAROUA','14A686S','ABDOULKADIRI BELLO',NULL,1,1),(1455,1,'1996-10-24',NULL,0,'LAGDO','14A495S','ABDOULRAMANE ABOU DJAFAR',NULL,1,1),(1457,1,'1994-12-18',NULL,0,'MAROUA','14A687S','ADOUM ALI TAIGA',NULL,1,1),(1459,1,'1993-10-15',NULL,0,'NGAOUNDAL','14A409S','ALGER SOULEYMANOU ABDOU',NULL,1,1),(1461,1,'1996-01-18',NULL,0,'MESKINE','14A481S','AOUDAI BARTHELEMY',NULL,1,1),(1463,1,'1992-11-16',NULL,0,'BAFOUSSAM','14A353S','ATTALA DOMPTUE THIERRY EMMANUEL',NULL,1,1),(1465,1,'1990-05-15',NULL,0,'BERTOUA','14A666S','BASSONG STEVE DARYL DAN',NULL,1,1),(1467,1,'1993-07-11',NULL,0,'BERTOUA','14A565S','BIET MOADOUGOU DELASTEYRIE',NULL,1,1),(1469,1,'1997-11-07',NULL,1,'TOUBORO','14A616S','BOUGH JEMIMA',NULL,1,1),(1471,1,'1997-09-30',NULL,0,'GODOLA-MERI','14A688S','DELI ETIENNE',NULL,1,1),(1473,1,'1994-07-31',NULL,1,'TCHEBOA','14A442S','DIDIWA FATOUMATA',NULL,1,1),(1475,1,'1991-06-23',NULL,0,'GAROUA','14A279S','DOBA MANGASSE VALERE FRANCIS',NULL,1,1),(1477,1,'1992-04-22',NULL,0,'YAOUNDE','14A319S','EL HADJ ADAM MAHAMAT ADAM',NULL,1,1),(1479,1,'1989-07-02',NULL,1,'MBOUROUKOU','14A164S','EMATI EPOTE JEANINE POUPINA',NULL,1,1),(1481,1,'1992-08-28',NULL,0,'MAYO-OULO','14A341S','FAOUZI EL MANSOUR',NULL,1,1),(1483,1,'1993-06-13',NULL,0,'YAOUNDE','14A386S','FOTSING TADJOU STEPHANE',NULL,1,1),(1485,1,'1992-03-09',NULL,0,'NGAOUNDERE','14A312S','GUEDENA ADOLPHE',NULL,1,1),(1487,1,'1994-06-29',NULL,0,'MOKOLO','14A439S','GUEDJEO ABDOUL NASSER',NULL,1,1),(1489,1,'1997-02-23',NULL,0,'YAOUNDE','14A500S','GUY MBEREBE GUIDONA',NULL,1,1),(1491,1,'1993-09-12',NULL,1,'BERTOUA','14A403S','HADJA EMITE MALAM',NULL,1,1),(1493,1,'1984-04-04',NULL,0,'NGAOUNDERE','14A689S','HAMADAMA BOBBO EMILE',NULL,1,1),(1495,1,'1991-08-22',NULL,0,'MAROUA','14A667S','HAMAWA DAIROU',NULL,1,1),(1497,1,'1991-07-19',NULL,1,'MAROUA','14A690S','HAWA BELLO KOBE',NULL,1,1),(1499,1,'1993-07-15',NULL,0,'DJERENGOL-KODEK','14A393S','IBNOU MOUBARAK',NULL,1,1),(1501,1,'1995-01-16',NULL,0,'YAOUNDE','14A456S','JEUDONG DZOMO GERVAIS',NULL,1,1),(1503,1,'1993-04-23',NULL,0,'FIGUIL','14A380S','KOUE DAYANA GABIN',NULL,1,1),(1505,1,'1994-08-17',NULL,1,'NGAOUNDERE','14A691S','MARYAMOU OUMAROU',NULL,1,1),(1507,1,'1998-01-02',NULL,0,'BERTOUA','14A615S','MBIABA MBATO ULRICH',NULL,1,1),(1509,1,'1994-03-01',NULL,0,'CSD DE MOMO','14A576S','METOU\'OU AFANA RENE PEGUY STEPHANE PRINCE',NULL,1,1),(1511,1,'1998-12-11',NULL,0,'DJARENGOL-KODEK','14A504S','MOHAMMAD MOURAD ABDOULAHI',NULL,1,1),(1513,1,'1992-08-24',NULL,0,'DOUALA','14A554S','NDOUWE BAMO ERIC',NULL,1,1),(1515,1,'1991-09-12',NULL,0,'BAFOUSSAM','14A692S','NGUIATSI GOUFACK JOLYVEAU CROWL',NULL,1,1),(1517,1,'1986-02-10',NULL,0,'SANGMELIMA','14A067S','NKOMOZO\'O ANDOU FERDINAND GUY',NULL,1,1),(1519,1,'1993-01-01',NULL,0,'NKOL-MGBANA','14A693S','ONGUENE MARCELIN',NULL,1,1),(1521,1,'1996-08-20',NULL,0,'BALOUM','14A492S','OUEMBA TAGNE ARMEL BORIS',NULL,1,1),(1523,1,'1995-03-20',NULL,0,'MEME','14A464S','OUMATE',NULL,1,1),(1525,1,'1991-11-30',NULL,0,'GAROUA','14A300S','SENEPOULE RADIEU-AUSTIN',NULL,1,1),(1527,1,'1993-08-24',NULL,0,'DOUALA','14A399S','SIMO VANICK JOEL',NULL,1,1),(1529,1,'1994-01-01',NULL,0,'MAYO BANI HAMAN','14A612S','SOUGNABE ELYSEE',NULL,1,1),(1531,1,'1998-11-19',NULL,0,'KARANTCHI','14A503S','TAKEDE MADIGA ALBERT',NULL,1,1),(1533,1,'1994-02-25',NULL,0,'BAFOUSSAM','14A575S','TANKUI DJECHE FRANK KEVIN',NULL,1,1),(1535,1,'1992-08-15',NULL,0,'MBOUDA','14A553S','TATSINDA NZAPA NARCISSE',NULL,1,1),(1537,1,'1987-05-12',NULL,0,'YAOUNDE','14A088S','TCHUO TAKUETE BRICE',NULL,1,1),(1539,1,'1990-03-13',NULL,0,'YAOUNDE','14A206S','WADOU BEKAME CAMILLE QUENTIN',NULL,1,1),(1541,1,'1993-02-06',NULL,0,'BANKA-BAFANG','14A562S','WAKO RAOUL',NULL,1,1),(1543,1,'1993-07-26',NULL,0,'YAOUNDE','14A694S','WATCHOU NJIKE GAUÏS PATIEN',NULL,1,1),(1545,1,'1994-06-04',NULL,0,'MBANDJOCK','14A434S','WOUWE BERNARD YVES',NULL,1,1),(1547,1,'1994-05-15',NULL,0,'DJIDOMA','14A695S','YAKNO BOLIVARD',NULL,1,1),(1549,1,'1993-09-06',NULL,0,'MBALMAYO','14A569S','ZANGUE CEDRIC',NULL,1,1),(1551,1,'1992-02-04',NULL,0,'BERTOUA','14A647S','ZEFONE ZACHARIE',NULL,1,1),(4351,1,NULL,NULL,0,NULL,'09K012S','ABOUBAKAR DANG ADJOUMI',NULL,0,1),(4353,1,NULL,NULL,0,NULL,'09K015S','ABOUNA PIERRE EMMANUEL CHRISTEL',NULL,0,1),(4355,1,NULL,NULL,0,NULL,'09K028S','ALIGA BOUKAR THOMAS',NULL,0,1),(4357,1,NULL,NULL,0,NULL,'09K030S','ALIOUM ABISS',NULL,0,1),(4359,1,NULL,NULL,0,NULL,'09K032S','AMADOU BAKARI',NULL,0,1),(4361,1,NULL,NULL,0,NULL,'09K042S','ASSAM ENGOZO\'O WILFRIED',NULL,0,1),(4363,1,NULL,NULL,0,NULL,'09K047S','AZEBAZE BOGNEN LIONEL',NULL,0,1),(4365,1,NULL,NULL,0,NULL,'09K053S','BASSEDOL AKDOWA BANBANE',NULL,0,1),(4367,1,NULL,NULL,0,NULL,'09K072S','BIVAGAI OMAR',NULL,0,1),(4369,1,NULL,NULL,0,NULL,'09K400S','DAAWE DAVID',NULL,0,1),(4371,1,NULL,NULL,0,NULL,'09K086S','DAIROU ALIM',NULL,0,1),(4373,1,NULL,NULL,0,NULL,'09K093S','DENIS BOLLA YOSSIA',NULL,0,1),(4375,1,NULL,NULL,0,NULL,'09K099S','DIKOUE DANGWE RODRIGUE ROLAND',NULL,0,1),(4377,1,NULL,NULL,0,NULL,'09K103S','DJARMAI LAMNA JONAS',NULL,0,1),(4379,1,NULL,NULL,0,NULL,'09K126S','ETEH PHILIP EWANE',NULL,0,1),(4381,1,NULL,NULL,0,NULL,'09K129S','EWOUNGO BORIS CORENTIN',NULL,0,1),(4383,1,NULL,NULL,0,NULL,'09K137S','FOMBEN MBOKOUOKO EDMOND',NULL,0,1),(4385,1,NULL,NULL,0,NULL,'09K142S','GADJI PAUL',NULL,0,1),(4387,1,NULL,NULL,0,NULL,'09K147S','GBANKEPP OUMAROU AUGUSTIN',NULL,0,1),(4389,1,NULL,NULL,1,NULL,'09K156S','HALIMATOU JEANE D\'ARC',NULL,0,1),(4391,1,NULL,NULL,0,NULL,'09K174S','ISSA ABOUBAKAR',NULL,0,1),(4393,1,NULL,NULL,0,NULL,'09K183S','KAMKUIE NGOMSEU CHRISTIAN',NULL,0,1),(4395,1,NULL,NULL,0,NULL,'09K194S','KOUARE LOUKAS',NULL,0,1),(4397,1,NULL,NULL,0,NULL,'09K195S','KOWE LAONNA JEAN LUC',NULL,0,1),(4399,1,NULL,NULL,0,NULL,'09K198S','LAMISSIA ALBERT',NULL,0,1),(4401,1,NULL,NULL,0,NULL,'09K199S','LAWALI RABIOU',NULL,0,1),(4403,1,NULL,NULL,0,NULL,'09K209S','MAMAT SARIF',NULL,0,1),(4405,1,NULL,NULL,0,NULL,'09K211S','MANA BIENVENU',NULL,0,1),(4407,1,NULL,NULL,0,NULL,'09K222S','MBELE AMOUNGUI SERGE',NULL,0,1),(4409,1,NULL,NULL,0,NULL,'09K223S','MBINGOWO ERIC',NULL,0,1),(4411,1,NULL,NULL,0,NULL,'09K225S','MBUH GODLOVE MBUH',NULL,0,1),(4413,1,NULL,NULL,0,NULL,'09K399S','MENDOU\'A MENGOMEZA ADONYS',NULL,0,1),(4415,1,NULL,NULL,0,NULL,'09K237S','MIHIMIT MAHAMAT ABBA DJIDDA',NULL,0,1),(4417,1,'1987-10-11',NULL,0,'GASCHIGA','09K243S','MOHAMADOU YOUNOUSSA YOUNOUSSA',NULL,1,1),(4419,1,NULL,NULL,0,NULL,'09K248S','MOTO EMVANA STEPHANE',NULL,0,1),(4421,1,NULL,NULL,0,NULL,'09K250S','MOUSSA YAYA',NULL,0,1),(4423,1,NULL,NULL,0,NULL,'09K254S','MPAH II LANDRY DIEU-MERCI',NULL,0,1),(4425,1,'1987-09-03',NULL,0,'PINYIN','09K256S','MULUH KENNETH TENENG',NULL,1,1),(4427,1,NULL,NULL,1,NULL,'09K259S','NADIA INABOKE DIANE ROSINE',NULL,0,1),(4429,1,NULL,NULL,0,NULL,'09K395S','NDJOMO EKO RODRIGUE',NULL,0,1),(4431,1,NULL,NULL,0,NULL,'09K393S','NDONGMO TONZEU ALEX LUCHAIRE',NULL,0,1),(4433,1,NULL,NULL,1,NULL,'09K269S','NGAIMA MBALMI WADANG ',NULL,0,1),(4435,1,NULL,NULL,0,NULL,'09K270S','NGAM ABENG WILLIAM',NULL,0,1),(4437,1,NULL,NULL,0,NULL,'09K416S','NGONOU TIECHE KEVIN IVAN',NULL,0,1),(4439,1,NULL,NULL,0,NULL,'09K286S','NGUILOG CHARLES',NULL,0,1),(4441,1,NULL,NULL,0,NULL,'09K290S','NKADA NKADA JEAN BAPTISTE',NULL,0,1),(4443,1,NULL,NULL,0,NULL,'09K291S','NKAN MASSOM CALVIN RODRIGUE',NULL,0,1),(4445,1,NULL,NULL,0,NULL,'09K296S','NKONGHO MAC ARTHUR NKONGHO',NULL,0,1),(4447,1,NULL,NULL,0,NULL,'09K319S','PASSANG GAMALIEL',NULL,0,1),(4449,1,NULL,NULL,1,NULL,'09K322S','PIEDJOU NTCHAMBA ALINE YDELETTE',NULL,0,1),(4451,1,NULL,NULL,0,NULL,'09K331S','SAMPA MEKA PIERRE EMMANUEL',NULL,0,1),(4453,1,NULL,NULL,0,NULL,'09K337S','SIMEN NGAHA DIDIER CEDRID',NULL,0,1),(4455,1,NULL,NULL,0,NULL,'09K339S','SOKENG METANGO LYDIFINE LAURE',NULL,0,1),(4457,1,NULL,NULL,0,NULL,'09K341S','SOULEYMANOU SOU-OUDI',NULL,0,1),(4459,1,NULL,NULL,0,NULL,'09K355S','TCHOUBO ALBERT',NULL,0,1),(4461,1,NULL,NULL,0,NULL,'09K407S','TEBAYA RICHARD',NULL,0,1),(4463,1,NULL,NULL,0,NULL,'09K367S','TSOBENG TSAFACK HERBEN',NULL,0,1),(4465,1,NULL,NULL,0,NULL,'09K374S','VOURNONE MARCELLIN',NULL,0,1),(4467,1,NULL,NULL,0,NULL,'09K384S','YAOUBA YAYA',NULL,0,1),(4469,1,NULL,NULL,0,NULL,'09K385S','YARO DJEMBA MOUSSA',NULL,0,1),(4471,1,NULL,NULL,1,NULL,'09K387S','YEUKOU WANDJI RITA',NULL,0,1),(4473,1,NULL,NULL,0,NULL,'09K388S','YOMBA RONALD',NULL,0,1),(4475,1,NULL,NULL,1,NULL,'09K391S','ZANNOUBA NASSOUROU',NULL,0,1),(4477,1,'1991-01-13',NULL,0,'GODIGONG','10S007S','ABBA JEREMIE',NULL,1,1),(4479,1,NULL,NULL,0,NULL,'10S013S','ABDOULAYE TCHERNO BOUBAKAR',NULL,0,1),(4481,1,'1990-01-04',NULL,0,'GAROUA','10S424S','AMADOU SIDDIKI',NULL,1,1),(4483,1,'1991-02-25',NULL,0,'DOUALA','10S029S','AMBASSA BIKELE STEVE ROMEO',NULL,1,1),(4485,1,'1992-09-19',NULL,1,'GAROUA','10S035S','ASMAOU HAMADOU',NULL,1,1),(4487,1,'1991-08-31',NULL,0,'GUIDER','10S038S','AWE KOSGA CHRISTIAN',NULL,1,1),(4489,1,'1993-01-05',NULL,0,'YAOUNDE','10S042S','AYISSI AYISSI ANTOINE ULRICH',NULL,1,1),(4491,1,'1982-09-15',NULL,0,'TOKOMBERE','10S047S','BABA YAOUA',NULL,1,1),(4493,1,'1984-04-29',NULL,0,'PETTE','10S050S','BAKO KISITO',NULL,1,1),(4495,1,'1987-02-23',NULL,0,'DOUALA','10S053S','BANGMO TCHOUTCHO JEAN PAUL',NULL,1,1),(4497,1,'1989-06-30',NULL,1,'NGAOUNDERE','10S058S','BENAZIR IYA',NULL,1,1),(4499,1,NULL,NULL,0,NULL,'09K064S','BENGONO ONDOH GUY LANDRY',NULL,0,1),(4501,1,'1990-09-06',NULL,0,'BANYO','10S059S','BETBERO ROSWILO YANNICK',NULL,1,1),(4503,1,'1989-01-18',NULL,1,'MINDIF','10S081S','DAWAI SYLVIE',NULL,1,1),(4505,1,'1987-03-25',NULL,0,'WAZA','10S099S','DJONFANBE ABDELSALAM DASSOUZE',NULL,1,1),(4507,1,'1989-01-20',NULL,0,'BATCHAM','10S102S','DJOUDA LATEU RICHARD',NULL,1,1),(4509,1,'1993-02-06',NULL,0,'DOUALA','10S130S','FOTSO GHOMDIM BRICE ALBIN',NULL,1,1),(4511,1,NULL,NULL,0,NULL,'10S139S','GUENKAM PEGGY',NULL,0,1),(4513,1,'1982-09-20',NULL,0,'LDAMTSAI?MOKOLO','10S143S','HAIDAK DEMNEO',NULL,1,1),(4515,1,'1988-02-01',NULL,0,'TCHONTCHI','10S149S','HAMDJA',NULL,0,1),(4517,1,'1991-05-10',NULL,0,'DJARENGOL KODEK','10S150S','HAMIDOU YAYA YAYA',NULL,1,1),(4519,1,NULL,NULL,0,NULL,'10S151S','HANAITOUANG PARFAIT',NULL,0,1),(4521,1,NULL,NULL,1,NULL,'10S152S','HASSANATOU PEKAO',NULL,0,1),(4523,1,'1991-09-09',NULL,1,'LAGDO','10S165S','ISAOURA BENITE',NULL,1,1),(4525,1,NULL,NULL,0,NULL,'10S175S','KAN-NAABE BIANZEBE',NULL,0,1),(4527,1,NULL,NULL,0,NULL,'10S183S','KEUDEM NGEUFACK ULRICH',NULL,0,1),(4529,1,NULL,NULL,0,NULL,'10S184S','KIDJEKOW ANDRE',NULL,0,1),(4531,1,'1990-04-13',NULL,0,'MBOUDA','10S201S','LAPPA ZALEWO BERTRICK',NULL,1,1),(4533,1,'1992-11-03',NULL,0,'MAROUA','10S213S','MAHAMAT SALI',NULL,1,1),(4535,1,'1991-03-05',NULL,1,'CDS LAINDE','10S215S','MAIAWE HOUMWA CARINE',NULL,1,1),(4537,1,NULL,NULL,0,NULL,'10S223S','MANI MBARGA ANTOINE',NULL,0,1),(4539,1,NULL,NULL,1,NULL,'10S228S','MATSINGANG KOUHOUE ELODIE',NULL,0,1),(4541,1,'1990-01-16',NULL,0,'MBE','10S409S','MEKOMOU KEJEMTO WILLIAM',NULL,1,1),(4543,1,'1989-12-07',NULL,0,'GUIDER','10S246S','MOHAMADOU BADAMASSI SAIDOU',NULL,1,1),(4545,1,'1989-09-11',NULL,0,'BALEL','10S248S','MOHAMADOU LAMINOU',NULL,1,1),(4547,1,'1988-05-18',NULL,0,'IDOOL BELEL','10S252S','MOHAMAN AHMAN',NULL,1,1),(4549,1,NULL,NULL,0,NULL,'10S260S','MUAM EMMANUEL CHIAYAFI',NULL,0,1),(4551,1,'1990-07-12',NULL,0,'YAOUNDE','10S262S','MVILAKO ELAME STEVE',NULL,1,1),(4553,1,'1993-08-20',NULL,0,'LARA','10S266S','NAH WASSOUO NICOLAS',NULL,1,1),(4555,1,'1986-08-21',NULL,0,'MBANDJOCK','10S272S','NDOMYA DOMINIQUE',NULL,1,1),(4557,1,'1991-01-25',NULL,0,'NGAOUNDÉRÉ','10S415S','NGOZO DJIDÉRÉ VINCENT',NULL,1,1),(4559,1,'1991-07-15',NULL,0,'NDOUNGUE','10S294S','NJOCK NJOME JEAN MARC',NULL,1,1),(4561,1,'1988-04-22',NULL,0,'MBO','10S295S','NJUMANVOUI NSOUNFON CYRILLE RONY',NULL,1,1),(4563,1,'1991-06-02',NULL,0,'PENKA MICHEL','10S301S','NONGNI GUIMESON FRANCIS GILDAS',NULL,1,1),(4565,1,'1990-08-17',NULL,0,'NGAOUNDERE','10S304S','NOUREDINE ABBO',NULL,1,1),(4567,1,'1989-04-14',NULL,0,'YAOUNDE','10S308S','NYA YAKAM FABRICE DONALD',NULL,1,1),(4569,1,NULL,NULL,0,NULL,'10S417S','PAGOU PIERRE',NULL,0,1),(4571,1,NULL,NULL,1,NULL,'10S319S','PETCHA PANGUE ESTELLE PRISCA',NULL,0,1),(4573,1,NULL,NULL,0,NULL,'10S335S','SOBILI TEMOA MELKICEDECK',NULL,0,1),(4575,1,NULL,NULL,0,NULL,'10S341S','TAAMI TAADJOUEN ARNOLD',NULL,0,1),(4577,1,NULL,NULL,0,NULL,'10S353S','TCHIDEME MARTIN KALDA ANDRE',NULL,0,1),(4579,1,NULL,NULL,0,NULL,'10S367S','TINGA FOULOUNSALA DIEUDONNE BIENVENU',NULL,0,1),(4581,1,'1985-03-15',NULL,0,'LARA','10S432S','WADJOU SERGE',NULL,1,1),(4583,1,'1990-08-06',NULL,0,'BAFOUSSAM','10S377S','WANDEU NOUPIE FIDELE',NULL,1,1),(4585,1,'1987-03-14',NULL,1,'MAROUA','10S379S','WILIDA JACQUELINE',NULL,1,1),(4587,1,NULL,NULL,0,NULL,'10S381S','WOUDTANG MANA MBAKANG CHANTAL',NULL,0,1),(4589,1,'1991-07-05',NULL,0,'GASCHIGA','10S394S','YOUSSOUFOU HAMIDOU',NULL,1,1),(10767,1,'1992-11-21',NULL,0,'GAROUA-BOULAI','14A354S','AHMADOU MOUMINI',NULL,1,1),(10769,1,'1991-03-09',NULL,0,'SARH','14A262S','BEODJIMBAYE MBAÏTIDJE AARON',NULL,1,1),(10771,1,'1994-02-12',NULL,0,'YAOUNDE','14A711S','BILLONG BOILEAU JUNIOR',NULL,1,1),(10773,1,'1979-02-01',NULL,0,'GOUNDAY','14A508S','CONSEILLE HAIKAMLA',NULL,0,1),(10775,1,'1988-07-10',NULL,0,'MOUNDOU','14A125S','DINGAMADJI SABE',NULL,1,1),(10777,1,'1991-03-04',NULL,0,'FOUMBOT','14A712S','JATSA NGUIMATSIA FRANKLIN',NULL,1,1),(10779,1,'1994-02-14',NULL,0,'BAFOUSSAM','14A574S','KANKEU NDE RODRIGUE',NULL,1,1),(10781,1,'1989-07-09',NULL,0,'YAOUNDE','14A166S','KENGNE TUEHO FRANKLIN STEVE',NULL,1,1),(10783,1,'1990-03-25',NULL,0,'NGUELEMENDOUKA','14A207S','MIMBANG NGUELE JOSEPH EMMANUEL',NULL,1,1),(10785,1,'1978-11-18',NULL,0,'MAROUA DJARENGOL','14A757S','NOUROUDINE',NULL,1,1),(10787,1,'1983-10-09',NULL,0,'MAYO KORA-GOLOMBE','14A042S','OUMAROU',NULL,1,1),(10789,1,'1993-09-08',NULL,0,'MAROUA','14A401S','OUSMANOU BOUBA',NULL,1,1),(10791,1,'1995-01-20',NULL,1,'DOUALA','14A586S','SOMBSI ADELE MARGUERITE',NULL,1,1),(10793,1,'1990-02-02',NULL,0,'BAMEGWOU','14A197S','TEFONOU NOUBISSI ANTOINE ELTON',NULL,1,1),(10795,1,'1994-11-23',NULL,1,'GAROUA','14A582S','TOGODBA GORSINA GRACE',NULL,1,1),(10797,1,'1989-05-28',NULL,0,'EZEZANG-ESSEL','14A664S','TSIMI HONORE BERTRAND',NULL,1,1),(10799,1,'1992-03-05',NULL,0,'BAFOUSSAM','14A656S','WETE NIDJO ARNAULD',NULL,1,1),(10801,1,'1993-05-27',NULL,0,'YONKOLDE','14A384S','YOUSSOUF YAYA',NULL,1,1),(10804,1,'1991-06-14',NULL,0,'ENDOM','13Z736S','ATANGANA NOAH VALERE',NULL,1,1),(10806,1,'1984-04-05',NULL,0,'BIRAGUIRKOU','13Z587S','DJETATOROUMBAYE JEAN-CLAIR',NULL,1,1),(10811,1,'1984-05-28',NULL,0,'AKONOLINGA','13Z583S','TSALA MODO SIMEON BODOUIN',NULL,1,1),(10813,1,'1987-11-02',NULL,0,'NDOUNGUE','13Z474S','YOUNKAP NINA DUPLEX',NULL,1,1),(10815,1,'1992-02-15',NULL,0,'KOUNDOUL','13Z224S','YOUSSOUF OUSMAN',NULL,1,1);
/*!40000 ALTER TABLE `ETUDIANT` ENABLE KEYS */;
UNLOCK TABLES;

--
-- Table structure for table `EVALUATION`
--

DROP TABLE IF EXISTS `EVALUATION`;
/*!40101 SET @saved_cs_client     = @@character_set_client */;
/*!40101 SET character_set_client = utf8 */;
CREATE TABLE `EVALUATION` (
  `ID` bigint(20) NOT NULL,
  `ACTIVE` int(11) DEFAULT '1',
  `CODE` varchar(255) DEFAULT NULL,
  `DESCRIPTION` varchar(255) DEFAULT NULL,
  `ISEXAM` tinyint(1) DEFAULT '0',
  `VERSION` int(11) DEFAULT NULL,
  PRIMARY KEY (`ID`),
  UNIQUE KEY `CODE` (`CODE`)
) ENGINE=InnoDB DEFAULT CHARSET=latin1;
/*!40101 SET character_set_client = @saved_cs_client */;

--
-- Dumping data for table `EVALUATION`
--

LOCK TABLES `EVALUATION` WRITE;
/*!40000 ALTER TABLE `EVALUATION` DISABLE KEYS */;
INSERT INTO `EVALUATION` VALUES (91,1,'CC','Contrôle Continu',0,1),(92,1,'TP','Travaux Pratiques',0,3),(93,1,'TPE','Travail Personnel Encadré',0,1),(94,1,'EE','Examen Ecrit',1,1);
/*!40000 ALTER TABLE `EVALUATION` ENABLE KEYS */;
UNLOCK TABLES;

--
-- Table structure for table `EVALUATIONDETAILS`
--

DROP TABLE IF EXISTS `EVALUATIONDETAILS`;
/*!40101 SET @saved_cs_client     = @@character_set_client */;
/*!40101 SET character_set_client = utf8 */;
CREATE TABLE `EVALUATIONDETAILS` (
  `ID` bigint(20) NOT NULL,
  `ACTIVE` int(11) DEFAULT '1',
  `POURCENTAGE` int(11) DEFAULT NULL,
  `VERSION` int(11) DEFAULT NULL,
  `EVALUATION_ID` bigint(20) DEFAULT NULL,
  `TYPECOURS_ID` bigint(20) DEFAULT NULL,
  PRIMARY KEY (`ID`),
  UNIQUE KEY `UNQ_EVALUATIONDETAILS_0` (`EVALUATION_ID`,`TYPECOURS_ID`),
  KEY `FK_EVALUATIONDETAILS_TYPECOURS_ID` (`TYPECOURS_ID`),
  CONSTRAINT `FK_EVALUATIONDETAILS_EVALUATION_ID` FOREIGN KEY (`EVALUATION_ID`) REFERENCES `EVALUATION` (`ID`),
  CONSTRAINT `FK_EVALUATIONDETAILS_TYPECOURS_ID` FOREIGN KEY (`TYPECOURS_ID`) REFERENCES `TYPECOURS` (`ID`)
) ENGINE=InnoDB DEFAULT CHARSET=latin1;
/*!40101 SET character_set_client = @saved_cs_client */;

--
-- Dumping data for table `EVALUATIONDETAILS`
--

LOCK TABLES `EVALUATIONDETAILS` WRITE;
/*!40000 ALTER TABLE `EVALUATIONDETAILS` DISABLE KEYS */;
INSERT INTO `EVALUATIONDETAILS` VALUES (95,1,30,1,91,87),(96,1,20,1,93,87),(97,1,50,1,94,87),(98,1,100,1,94,88),(99,1,30,1,91,89),(100,1,70,1,94,89),(101,1,20,1,91,90),(102,1,20,1,92,90),(103,1,20,1,93,90),(104,1,40,1,94,90);
/*!40000 ALTER TABLE `EVALUATIONDETAILS` ENABLE KEYS */;
UNLOCK TABLES;

--
-- Table structure for table `INSCRIPTION`
--

DROP TABLE IF EXISTS `INSCRIPTION`;
/*!40101 SET @saved_cs_client     = @@character_set_client */;
/*!40101 SET character_set_client = utf8 */;
CREATE TABLE `INSCRIPTION` (
  `ID` bigint(20) NOT NULL,
  `ACTIVE` int(11) DEFAULT '1',
  `VERSION` int(11) DEFAULT NULL,
  `ANNEEACADEMIQUE_ID` bigint(20) DEFAULT NULL,
  `ETUDIANT_ID` bigint(20) DEFAULT NULL,
  `PARCOURS_ID` bigint(20) DEFAULT NULL,
  PRIMARY KEY (`ID`),
  UNIQUE KEY `UNQ_INSCRIPTION_0` (`ETUDIANT_ID`,`ANNEEACADEMIQUE_ID`,`PARCOURS_ID`),
  KEY `FK_INSCRIPTION_PARCOURS_ID` (`PARCOURS_ID`),
  KEY `FK_INSCRIPTION_ANNEEACADEMIQUE_ID` (`ANNEEACADEMIQUE_ID`),
  CONSTRAINT `FK_INSCRIPTION_ANNEEACADEMIQUE_ID` FOREIGN KEY (`ANNEEACADEMIQUE_ID`) REFERENCES `ANNEEACADEMIQUE` (`ID`),
  CONSTRAINT `FK_INSCRIPTION_ETUDIANT_ID` FOREIGN KEY (`ETUDIANT_ID`) REFERENCES `ETUDIANT` (`ID`),
  CONSTRAINT `FK_INSCRIPTION_PARCOURS_ID` FOREIGN KEY (`PARCOURS_ID`) REFERENCES `PARCOURS` (`ID`)
) ENGINE=InnoDB DEFAULT CHARSET=latin1;
/*!40101 SET character_set_client = @saved_cs_client */;

--
-- Dumping data for table `INSCRIPTION`
--

LOCK TABLES `INSCRIPTION` WRITE;
/*!40000 ALTER TABLE `INSCRIPTION` DISABLE KEYS */;
INSERT INTO `INSCRIPTION` VALUES (1052,1,1,83,1051,58),(1054,1,1,83,1053,58),(1056,1,1,83,1055,58),(1058,1,1,83,1057,58),(1060,1,1,83,1059,58),(1062,1,1,83,1061,58),(1064,1,1,83,1063,58),(1066,1,1,83,1065,58),(1068,1,1,83,1067,58),(1070,1,1,83,1069,58),(1072,1,1,83,1071,58),(1074,1,1,83,1073,58),(1076,1,1,83,1075,58),(1078,1,1,83,1077,58),(1080,1,1,83,1079,58),(1082,1,1,83,1081,58),(1084,1,1,83,1083,58),(1086,1,1,83,1085,58),(1088,1,1,83,1087,58),(1090,1,1,83,1089,58),(1092,1,1,83,1091,58),(1094,1,1,83,1093,58),(1096,1,1,83,1095,58),(1098,1,1,83,1097,58),(1100,1,1,83,1099,58),(1102,1,1,83,1101,58),(1104,1,1,83,1103,58),(1106,1,1,83,1105,58),(1108,1,1,83,1107,58),(1110,1,1,83,1109,58),(1112,1,1,83,1111,58),(1114,1,1,83,1113,58),(1116,1,1,83,1115,58),(1118,1,1,83,1117,58),(1120,1,1,83,1119,58),(1122,1,1,83,1121,58),(1124,1,1,83,1123,58),(1126,1,1,83,1125,58),(1128,1,1,83,1127,58),(1130,1,1,83,1129,58),(1132,1,1,83,1131,58),(1134,1,1,83,1133,58),(1136,1,1,83,1135,58),(1138,1,1,83,1137,58),(1140,1,1,83,1139,58),(1142,1,1,84,1141,58),(1144,1,1,84,1143,58),(1146,1,1,84,1145,58),(1148,1,1,84,1147,58),(1150,1,1,84,1149,58),(1152,1,1,84,1151,58),(1154,1,1,84,1153,58),(1156,1,1,84,1155,58),(1158,1,1,84,1157,58),(1160,1,1,84,1159,58),(1162,1,1,84,1161,58),(1164,1,1,84,1163,58),(1166,1,1,84,1165,58),(1168,1,1,84,1167,58),(1170,1,1,84,1169,58),(1172,1,1,84,1171,58),(1174,1,1,84,1173,58),(1176,1,1,84,1175,58),(1178,1,1,84,1177,58),(1180,1,1,84,1179,58),(1182,1,1,84,1181,58),(1184,1,1,84,1183,58),(1186,1,1,84,1185,58),(1188,1,1,84,1187,58),(1190,1,1,84,1189,58),(1192,1,1,84,1191,58),(1194,1,1,84,1193,58),(1196,1,1,84,1195,58),(1198,1,1,84,1197,58),(1200,1,1,84,1199,58),(1202,1,1,84,1201,58),(1203,1,1,84,1095,58),(1205,1,1,84,1204,58),(1207,1,1,84,1206,58),(1209,1,1,84,1208,58),(1210,1,1,84,1105,58),(1212,1,1,84,1211,58),(1214,1,1,84,1213,58),(1216,1,1,84,1215,58),(1218,1,1,84,1217,58),(1220,1,1,84,1219,58),(1222,1,1,84,1221,58),(1224,1,1,84,1223,58),(1226,1,1,84,1225,58),(1228,1,1,84,1227,58),(1229,1,1,84,1129,58),(1231,1,1,84,1230,58),(1233,1,1,84,1232,58),(1235,1,1,84,1234,58),(1237,1,1,84,1236,58),(1239,1,1,84,1238,58),(1241,1,1,84,1240,58),(1243,1,1,84,1242,58),(1245,1,1,84,1244,58),(1247,1,1,84,1246,58),(1249,1,1,84,1248,58),(1251,1,1,84,1250,58),(1252,1,1,84,1079,58),(1253,1,1,84,1121,58),(1254,1,1,84,1135,58),(1255,1,1,84,1053,59),(1256,1,1,84,1055,59),(1257,1,1,84,1057,59),(1258,1,1,84,1059,59),(1259,1,1,84,1061,59),(1260,1,1,84,1063,59),(1261,1,1,84,1065,59),(1262,1,1,84,1067,59),(1263,1,1,84,1071,59),(1264,1,1,84,1073,59),(1265,1,1,84,1075,59),(1266,1,1,84,1077,59),(1267,1,1,84,1081,59),(1268,1,1,84,1083,59),(1269,1,1,84,1085,59),(1270,1,1,84,1089,59),(1271,1,1,84,1091,59),(1272,1,1,84,1093,59),(1273,1,1,84,1095,59),(1274,1,1,84,1097,59),(1275,1,1,84,1099,59),(1276,1,1,84,1101,59),(1277,1,1,84,1103,59),(1278,1,1,84,1105,59),(1279,1,1,84,1107,59),(1280,1,1,84,1109,59),(1281,1,1,84,1111,59),(1282,1,1,84,1113,59),(1283,1,1,84,1115,59),(1284,1,1,84,1117,59),(1285,1,1,84,1119,59),(1286,1,1,84,1123,59),(1287,1,1,84,1125,59),(1288,1,1,84,1127,59),(1289,1,1,84,1129,59),(1290,1,1,84,1131,59),(1291,1,1,84,1133,59),(1292,1,1,84,1137,59),(1293,1,1,84,1139,59),(1294,1,1,85,1141,59),(1295,1,1,85,1143,59),(1296,1,1,85,1145,59),(1297,1,1,85,1147,59),(1298,1,1,85,1149,59),(1299,1,1,85,1151,59),(1300,1,1,85,1157,59),(1301,1,1,85,1159,59),(1302,1,1,85,1161,59),(1303,1,1,85,1163,59),(1304,1,1,85,1165,59),(1305,1,1,85,1167,59),(1306,1,1,85,1169,59),(1307,1,1,85,1171,59),(1308,1,1,85,1173,59),(1309,1,1,85,1175,59),(1310,1,1,85,1179,59),(1311,1,1,85,1181,59),(1312,1,1,85,1187,59),(1313,1,1,85,1189,59),(1314,1,1,85,1191,59),(1315,1,1,85,1193,59),(1316,1,1,85,1195,59),(1317,1,1,85,1197,59),(1318,1,1,85,1204,59),(1319,1,1,85,1201,59),(1320,1,1,85,1103,59),(1321,1,1,85,1206,59),(1322,1,1,85,1105,59),(1323,1,1,85,1211,59),(1324,1,1,85,1213,59),(1325,1,1,85,1215,59),(1326,1,1,85,1219,59),(1327,1,1,85,1221,59),(1328,1,1,85,1223,59),(1329,1,1,85,1225,59),(1330,1,1,85,1227,59),(1331,1,1,85,1129,59),(1332,1,1,85,1230,59),(1333,1,1,85,1234,59),(1334,1,1,85,1240,59),(1335,1,1,85,1242,59),(1336,1,1,85,1244,59),(1337,1,1,85,1246,59),(1338,1,1,85,1248,59),(1339,1,1,85,1250,59),(1340,1,1,85,1071,59),(1341,1,1,85,1095,59),(1343,1,1,85,1342,58),(1345,1,1,85,1344,58),(1347,1,1,85,1346,58),(1349,1,1,85,1348,58),(1351,1,1,85,1350,58),(1353,1,1,85,1352,58),(1355,1,1,85,1354,58),(1357,1,1,85,1356,58),(1359,1,1,85,1358,58),(1361,1,1,85,1360,58),(1363,1,1,85,1362,58),(1365,1,1,85,1364,58),(1367,1,1,85,1366,58),(1369,1,1,85,1368,58),(1371,1,1,85,1370,58),(1373,1,1,85,1372,58),(1375,1,1,85,1374,58),(1377,1,1,85,1376,58),(1379,1,1,85,1378,58),(1381,1,1,85,1380,58),(1383,1,1,85,1382,58),(1385,1,1,85,1384,58),(1387,1,1,85,1386,58),(1389,1,1,85,1388,58),(1391,1,1,85,1390,58),(1393,1,1,85,1392,58),(1395,1,1,85,1394,58),(1397,1,1,85,1396,58),(1399,1,1,85,1398,58),(1401,1,1,85,1400,58),(1403,1,1,85,1402,58),(1405,1,1,85,1404,58),(1407,1,1,85,1406,58),(1409,1,1,85,1408,58),(1411,1,1,85,1410,58),(1413,1,1,85,1412,58),(1415,1,1,85,1414,58),(1417,1,1,85,1416,58),(1419,1,1,85,1418,58),(1421,1,1,85,1420,58),(1423,1,1,85,1422,58),(1425,1,1,85,1424,58),(1427,1,1,85,1426,58),(1429,1,1,85,1428,58),(1431,1,1,85,1430,58),(1433,1,1,85,1432,58),(1435,1,1,85,1434,58),(1437,1,1,85,1436,58),(1439,1,1,85,1438,58),(1441,1,1,85,1440,58),(1443,1,1,85,1442,58),(1445,1,1,85,1444,58),(1447,1,1,85,1446,58),(1448,1,1,85,1208,58),(1450,1,1,86,1449,58),(1452,1,1,86,1451,58),(1454,1,1,86,1453,58),(1456,1,1,86,1455,58),(1458,1,1,86,1457,58),(1460,1,1,86,1459,58),(1462,1,1,86,1461,58),(1464,1,1,86,1463,58),(1466,1,1,86,1465,58),(1468,1,1,86,1467,58),(1470,1,1,86,1469,58),(1472,1,1,86,1471,58),(1474,1,1,86,1473,58),(1476,1,1,86,1475,58),(1478,1,1,86,1477,58),(1480,1,1,86,1479,58),(1482,1,1,86,1481,58),(1484,1,1,86,1483,58),(1486,1,1,86,1485,58),(1488,1,1,86,1487,58),(1490,1,1,86,1489,58),(1492,1,1,86,1491,58),(1494,1,1,86,1493,58),(1496,1,1,86,1495,58),(1498,1,1,86,1497,58),(1500,1,1,86,1499,58),(1502,1,1,86,1501,58),(1504,1,1,86,1503,58),(1506,1,1,86,1505,58),(1508,1,1,86,1507,58),(1510,1,1,86,1509,58),(1512,1,1,86,1511,58),(1514,1,1,86,1513,58),(1516,1,1,86,1515,58),(1518,1,1,86,1517,58),(1520,1,1,86,1519,58),(1522,1,1,86,1521,58),(1524,1,1,86,1523,58),(1526,1,1,86,1525,58),(1528,1,1,86,1527,58),(1530,1,1,86,1529,58),(1532,1,1,86,1531,58),(1534,1,1,86,1533,58),(1536,1,1,86,1535,58),(1538,1,1,86,1537,58),(1540,1,1,86,1539,58),(1542,1,1,86,1541,58),(1544,1,1,86,1543,58),(1546,1,1,86,1545,58),(1548,1,1,86,1547,58),(1550,1,1,86,1549,58),(1552,1,1,86,1551,58),(1553,1,1,86,1346,58),(1554,1,1,86,1352,58),(1555,1,1,86,1356,58),(1556,1,1,86,1358,58),(1557,1,1,86,1374,58),(1558,1,1,86,1386,58),(1559,1,1,86,1400,58),(1560,1,1,86,1406,58),(1561,1,1,86,1420,58),(1562,1,1,86,1424,58),(1563,1,1,86,1426,58),(1564,1,1,86,1432,58),(1565,1,1,86,1442,58),(1566,1,1,86,1342,59),(1567,1,1,86,1344,59),(1568,1,1,86,1348,59),(1569,1,1,86,1350,59),(1570,1,1,86,1354,59),(1571,1,1,86,1360,59),(1572,1,1,86,1362,59),(1573,1,1,86,1364,59),(1574,1,1,86,1366,59),(1575,1,1,86,1368,59),(1576,1,1,86,1370,59),(1577,1,1,86,1378,59),(1578,1,1,86,1380,59),(1579,1,1,86,1382,59),(1580,1,1,86,1388,59),(1581,1,1,86,1390,59),(1582,1,1,86,1392,59),(1583,1,1,86,1394,59),(1584,1,1,86,1396,59),(1585,1,1,86,1398,59),(1586,1,1,86,1402,59),(1587,1,1,86,1410,59),(1588,1,1,86,1412,59),(1589,1,1,86,1414,59),(1590,1,1,86,1418,59),(1591,1,1,86,1422,59),(1592,1,1,86,1428,59),(1593,1,1,86,1430,59),(1594,1,1,86,1434,59),(1595,1,1,86,1438,59),(1596,1,1,86,1440,59),(1597,1,1,86,1444,59),(1598,1,1,86,1149,59),(1599,1,1,86,1157,59),(1600,1,1,86,1201,59),(1601,1,1,86,1206,59),(1602,1,1,86,1227,59),(1603,1,1,86,1129,59),(1604,1,1,86,1246,59),(4352,1,1,81,4351,58),(4354,1,1,81,4353,58),(4356,1,1,81,4355,58),(4358,1,1,81,4357,58),(4360,1,1,81,4359,58),(4362,1,1,81,4361,58),(4364,1,1,81,4363,58),(4366,1,1,81,4365,58),(4368,1,1,81,4367,58),(4370,1,1,81,4369,58),(4372,1,1,81,4371,58),(4374,1,1,81,4373,58),(4376,1,1,81,4375,58),(4378,1,1,81,4377,58),(4380,1,1,81,4379,58),(4382,1,1,81,4381,58),(4384,1,1,81,4383,58),(4386,1,1,81,4385,58),(4388,1,1,81,4387,58),(4390,1,1,81,4389,58),(4392,1,1,81,4391,58),(4394,1,1,81,4393,58),(4396,1,1,81,4395,58),(4398,1,1,81,4397,58),(4400,1,1,81,4399,58),(4402,1,1,81,4401,58),(4404,1,1,81,4403,58),(4406,1,1,81,4405,58),(4408,1,1,81,4407,58),(4410,1,1,81,4409,58),(4412,1,1,81,4411,58),(4414,1,1,81,4413,58),(4416,1,1,81,4415,58),(4418,1,1,81,4417,58),(4420,1,1,81,4419,58),(4422,1,1,81,4421,58),(4424,1,1,81,4423,58),(4426,1,1,81,4425,58),(4428,1,1,81,4427,58),(4430,1,1,81,4429,58),(4432,1,1,81,4431,58),(4434,1,1,81,4433,58),(4436,1,1,81,4435,58),(4438,1,1,81,4437,58),(4440,1,1,81,4439,58),(4442,1,1,81,4441,58),(4444,1,1,81,4443,58),(4446,1,1,81,4445,58),(4448,1,1,81,4447,58),(4450,1,1,81,4449,58),(4452,1,1,81,4451,58),(4454,1,1,81,4453,58),(4456,1,1,81,4455,58),(4458,1,1,81,4457,58),(4460,1,1,81,4459,58),(4462,1,1,81,4461,58),(4464,1,1,81,4463,58),(4466,1,1,81,4465,58),(4468,1,1,81,4467,58),(4470,1,1,81,4469,58),(4472,1,1,81,4471,58),(4474,1,1,81,4473,58),(4476,1,1,81,4475,58),(4478,1,1,82,4477,58),(4480,1,1,82,4479,58),(4482,1,1,82,4481,58),(4484,1,1,82,4483,58),(4486,1,1,82,4485,58),(4488,1,1,82,4487,58),(4490,1,1,82,4489,58),(4492,1,1,82,4491,58),(4494,1,1,82,4493,58),(4496,1,1,82,4495,58),(4498,1,1,82,4497,58),(4500,1,1,82,4499,58),(4502,1,1,82,4501,58),(4504,1,1,82,4503,58),(4506,1,1,82,4505,58),(4508,1,1,82,4507,58),(4510,1,1,82,4509,58),(4512,1,1,82,4511,58),(4514,1,1,82,4513,58),(4516,1,1,82,4515,58),(4518,1,1,82,4517,58),(4520,1,1,82,4519,58),(4522,1,1,82,4521,58),(4524,1,1,82,4523,58),(4526,1,1,82,4525,58),(4528,1,1,82,4527,58),(4530,1,1,82,4529,58),(4532,1,1,82,4531,58),(4534,1,1,82,4533,58),(4536,1,1,82,4535,58),(4538,1,1,82,4537,58),(4540,1,1,82,4539,58),(4542,1,1,82,4541,58),(4544,1,1,82,4543,58),(4546,1,1,82,4545,58),(4548,1,1,82,4547,58),(4550,1,1,82,4549,58),(4552,1,1,82,4551,58),(4554,1,1,82,4553,58),(4556,1,1,82,4555,58),(4558,1,1,82,4557,58),(4560,1,1,82,4559,58),(4562,1,1,82,4561,58),(4564,1,1,82,4563,58),(4566,1,1,82,4565,58),(4568,1,1,82,4567,58),(4570,1,1,82,4569,58),(4572,1,1,82,4571,58),(4574,1,1,82,4573,58),(4576,1,1,82,4575,58),(4578,1,1,82,4577,58),(4580,1,1,82,4579,58),(4582,1,1,82,4581,58),(4584,1,1,82,4583,58),(4586,1,1,82,4585,58),(4588,1,1,82,4587,58),(4590,1,1,82,4589,58),(4591,1,1,82,4351,59),(4592,1,1,82,4353,59),(4593,1,1,82,4355,59),(4594,1,1,82,4357,59),(4595,1,1,82,4359,59),(4596,1,1,82,4361,59),(4597,1,1,82,4363,59),(4598,1,1,82,4365,59),(4599,1,1,82,4367,59),(4600,1,1,82,4369,59),(4601,1,1,82,4371,59),(4602,1,1,82,4373,59),(4603,1,1,82,4375,59),(4604,1,1,82,4377,59),(4605,1,1,82,4379,59),(4606,1,1,82,4381,59),(4607,1,1,82,4383,59),(4608,1,1,82,4385,59),(4609,1,1,82,4387,59),(4610,1,1,82,4389,59),(4611,1,1,82,4391,59),(4612,1,1,82,4393,59),(4613,1,1,82,4395,59),(4614,1,1,82,4397,59),(4615,1,1,82,4399,59),(4616,1,1,82,4401,59),(4617,1,1,82,4403,59),(4618,1,1,82,4405,59),(4619,1,1,82,4407,59),(4620,1,1,82,4409,59),(4621,1,1,82,4411,59),(4622,1,1,82,4413,59),(4623,1,1,82,4415,59),(4624,1,1,82,4417,59),(4625,1,1,82,4419,59),(4626,1,1,82,4421,59),(4627,1,1,82,4423,59),(4628,1,1,82,4425,59),(4629,1,1,82,4427,59),(4630,1,1,82,4429,59),(4631,1,1,82,4431,59),(4632,1,1,82,4433,59),(4633,1,1,82,4435,59),(4634,1,1,82,4437,59),(4635,1,1,82,4439,59),(4636,1,1,82,4441,59),(4637,1,1,82,4443,59),(4638,1,1,82,4445,59),(4639,1,1,82,4447,59),(4640,1,1,82,4449,59),(4641,1,1,82,4451,59),(4642,1,1,82,4453,59),(4643,1,1,82,4455,59),(4644,1,1,82,4457,59),(4645,1,1,82,4459,59),(4646,1,1,82,4461,59),(4647,1,1,82,4463,59),(4648,1,1,82,4465,59),(4649,1,1,82,4467,59),(4650,1,1,82,4469,59),(4651,1,1,82,4471,59),(4652,1,1,82,4473,59),(4653,1,1,82,4475,59),(10717,1,1,86,1208,59),(10718,1,1,86,1141,61),(10719,1,1,86,1143,62),(10720,1,1,86,1145,60),(10721,1,1,86,1147,62),(10722,1,1,86,1151,62),(10723,1,1,86,1159,60),(10724,1,1,86,1161,62),(10725,1,1,86,1163,60),(10726,1,1,86,1165,60),(10727,1,1,86,1167,62),(10728,1,1,86,1169,62),(10729,1,1,86,1171,62),(10730,1,1,86,1173,61),(10731,1,1,86,1175,62),(10732,1,1,86,1179,62),(10733,1,1,86,1181,61),(10734,1,1,86,1187,62),(10735,1,1,86,1189,62),(10736,1,1,86,1191,62),(10737,1,1,86,1193,60),(10738,1,1,86,1195,61),(10739,1,1,86,1197,60),(10740,1,1,86,1204,60),(10741,1,1,86,1103,60),(10742,1,1,86,1211,62),(10743,1,1,86,1213,62),(10744,1,1,86,1215,61),(10745,1,1,86,1219,62),(10746,1,1,86,1221,61),(10747,1,1,86,1223,62),(10748,1,1,86,1225,62),(10749,1,1,86,1227,62),(10750,1,1,86,1230,62),(10751,1,1,86,1234,60),(10752,1,1,86,1240,62),(10753,1,1,86,1242,62),(10754,1,1,86,1244,62),(10755,1,1,86,1248,62),(10756,1,1,86,1250,60),(10757,1,1,86,1095,62),(10758,1,1,86,1055,62),(10759,1,1,86,4491,62),(10760,1,1,86,4505,62),(10761,1,1,86,4513,62),(10762,1,1,86,4559,62),(10763,1,1,86,1123,62),(10764,1,1,86,1125,62),(10765,1,1,86,1053,60),(10766,1,1,86,1061,60),(10768,1,1,86,10767,61),(10770,1,1,86,10769,61),(10772,1,1,86,10771,61),(10774,1,1,86,10773,61),(10776,1,1,86,10775,61),(10778,1,1,86,10777,61),(10780,1,1,86,10779,61),(10782,1,1,86,10781,61),(10784,1,1,86,10783,61),(10786,1,1,86,10785,61),(10788,1,1,86,10787,61),(10790,1,1,86,10789,61),(10792,1,1,86,10791,61),(10794,1,1,86,10793,61),(10796,1,1,86,10795,61),(10798,1,1,86,10797,61),(10800,1,1,86,10799,61),(10802,1,1,86,10801,61),(10803,1,1,86,4573,61),(10805,1,1,86,10804,61),(10807,1,1,86,10806,61),(10808,1,1,86,1085,61),(10809,1,1,86,1107,61),(10810,1,1,86,1111,61),(10812,1,1,86,10811,61),(10814,1,1,86,10813,61),(10816,1,1,86,10815,61),(10817,1,1,86,1089,60);
/*!40000 ALTER TABLE `INSCRIPTION` ENABLE KEYS */;
UNLOCK TABLES;

--
-- Table structure for table `NIVEAU`
--

DROP TABLE IF EXISTS `NIVEAU`;
/*!40101 SET @saved_cs_client     = @@character_set_client */;
/*!40101 SET character_set_client = utf8 */;
CREATE TABLE `NIVEAU` (
  `ID` bigint(20) NOT NULL,
  `ACTIVE` int(11) DEFAULT '1',
  `CODE` varchar(255) DEFAULT NULL,
  `VERSION` int(11) DEFAULT NULL,
  `CYCLE_ID` bigint(20) DEFAULT NULL,
  PRIMARY KEY (`ID`),
  UNIQUE KEY `CODE` (`CODE`),
  KEY `FK_NIVEAU_CYCLE_ID` (`CYCLE_ID`),
  CONSTRAINT `FK_NIVEAU_CYCLE_ID` FOREIGN KEY (`CYCLE_ID`) REFERENCES `CYCLES` (`ID`)
) ENGINE=InnoDB DEFAULT CHARSET=latin1;
/*!40101 SET character_set_client = @saved_cs_client */;

--
-- Dumping data for table `NIVEAU`
--

LOCK TABLES `NIVEAU` WRITE;
/*!40000 ALTER TABLE `NIVEAU` DISABLE KEYS */;
INSERT INTO `NIVEAU` VALUES (3,1,'Licence 1',1,1),(4,1,'Licence 2',1,1),(5,1,'Licence 3',1,1),(6,1,'Master 1',1,2),(7,1,'Master 2',1,2);
/*!40000 ALTER TABLE `NIVEAU` ENABLE KEYS */;
UNLOCK TABLES;

--
-- Table structure for table `NOTE`
--

DROP TABLE IF EXISTS `NOTE`;
/*!40101 SET @saved_cs_client     = @@character_set_client */;
/*!40101 SET character_set_client = utf8 */;
CREATE TABLE `NOTE` (
  `ID` bigint(20) NOT NULL,
  `ACTIVE` int(11) DEFAULT '1',
  `SESSIONS` int(11) NOT NULL,
  `VALEUR` double DEFAULT NULL,
  `VERSION` int(11) DEFAULT NULL,
  `ANNEEACADEMIQUE_ID` bigint(20) DEFAULT NULL,
  `COURS_ID` bigint(20) DEFAULT NULL,
  `ETUDIANT_ID` bigint(20) DEFAULT NULL,
  `EVALUATION_ID` bigint(20) DEFAULT NULL,
  PRIMARY KEY (`ID`),
  UNIQUE KEY `UNQ_NOTE_0` (`ETUDIANT_ID`,`EVALUATION_ID`,`COURS_ID`,`ANNEEACADEMIQUE_ID`,`SESSIONS`),
  KEY `FK_NOTE_EVALUATION_ID` (`EVALUATION_ID`),
  KEY `FK_NOTE_ANNEEACADEMIQUE_ID` (`ANNEEACADEMIQUE_ID`),
  KEY `FK_NOTE_COURS_ID` (`COURS_ID`),
  CONSTRAINT `FK_NOTE_ANNEEACADEMIQUE_ID` FOREIGN KEY (`ANNEEACADEMIQUE_ID`) REFERENCES `ANNEEACADEMIQUE` (`ID`),
  CONSTRAINT `FK_NOTE_COURS_ID` FOREIGN KEY (`COURS_ID`) REFERENCES `COURS` (`ID`),
  CONSTRAINT `FK_NOTE_ETUDIANT_ID` FOREIGN KEY (`ETUDIANT_ID`) REFERENCES `ETUDIANT` (`ID`),
  CONSTRAINT `FK_NOTE_EVALUATION_ID` FOREIGN KEY (`EVALUATION_ID`) REFERENCES `EVALUATION` (`ID`)
) ENGINE=InnoDB DEFAULT CHARSET=latin1;
/*!40101 SET character_set_client = @saved_cs_client */;

--
-- Dumping data for table `NOTE`
--

LOCK TABLES `NOTE` WRITE;
/*!40000 ALTER TABLE `NOTE` DISABLE KEYS */;
INSERT INTO `NOTE` VALUES (1651,1,0,7,1,86,151,1449,91),(1652,1,0,5,1,86,151,1453,91),(1653,1,0,2.25,1,86,151,1455,91),(1654,1,0,6,1,86,151,1457,91),(1655,1,0,5,1,86,151,1459,91),(1656,1,0,10.25,1,86,151,1463,91),(1657,1,0,6.25,1,86,151,1465,91),(1658,1,0,7,1,86,151,1467,91),(1659,1,0,9.75,1,86,151,1469,91),(1660,1,0,3,1,86,151,1471,91),(1661,1,0,1.75,1,86,151,1473,91),(1662,1,0,2.25,1,86,151,1475,91),(1663,1,0,7.5,1,86,151,1477,91),(1664,1,0,7,1,86,151,1479,91),(1665,1,0,4.5,1,86,151,1481,91),(1666,1,0,10,1,86,151,1483,91),(1667,1,0,5.75,1,86,151,1485,91),(1668,1,0,5.5,1,86,151,1487,91),(1669,1,0,5,1,86,151,1489,91),(1670,1,0,2,1,86,151,1491,91),(1671,1,0,3,1,86,151,1493,91),(1672,1,0,9,1,86,151,1495,91),(1673,1,0,1.75,1,86,151,1497,91),(1674,1,0,2.25,1,86,151,1499,91),(1675,1,0,6.75,1,86,151,1501,91),(1676,1,0,2.5,1,86,151,1503,91),(1677,1,0,4.75,1,86,151,1505,91),(1678,1,0,9.25,1,86,151,1507,91),(1679,1,0,6,1,86,151,1509,91),(1680,1,0,4,1,86,151,1511,91),(1681,1,0,2,1,86,151,1513,91),(1682,1,0,3.25,1,86,151,1515,91),(1683,1,0,5.5,1,86,151,1517,91),(1684,1,0,3.25,1,86,151,1519,91),(1685,1,0,7.75,1,86,151,1523,91),(1686,1,0,1.5,1,86,151,1525,91),(1687,1,0,6.25,1,86,151,1529,91),(1688,1,0,6,1,86,151,1531,91),(1689,1,0,7.5,1,86,151,1533,91),(1690,1,0,9.75,1,86,151,1535,91),(1691,1,0,9.25,1,86,151,1537,91),(1692,1,0,0,1,86,151,1539,91),(1693,1,0,11.5,1,86,151,1541,91),(1694,1,0,9.75,1,86,151,1543,91),(1695,1,0,4.5,1,86,151,1545,91),(1696,1,0,8,1,86,151,1547,91),(1697,1,0,6.25,1,86,151,1549,91),(1698,1,0,6,1,86,151,1551,91),(1699,1,0,7,1,86,151,1346,91),(1700,1,0,6.75,1,86,151,1356,91),(1701,1,0,8,1,86,151,1358,91),(1702,1,0,7.75,1,86,151,1374,91),(1703,1,0,2.5,1,86,151,1386,91),(1704,1,0,3.5,1,86,151,1420,91),(1705,1,0,5,1,86,151,1424,91),(1706,1,0,7.5,1,86,151,1426,91),(1707,1,0,5.75,1,86,151,1432,91),(1708,1,0,5,1,86,151,1442,91),(1709,1,0,6,1,86,151,1354,91),(1710,1,0,7.75,1,86,151,1382,91),(1711,1,0,10.25,1,86,151,1201,91),(1712,1,0,7.25,1,86,151,1388,91),(1713,1,0,9,1,86,151,1394,91),(1714,1,0,5,1,86,151,1129,91),(1715,1,0,7.5,1,86,151,1428,91),(1716,1,0,2.25,1,86,151,1246,91),(1717,1,0,12.5,1,86,151,1449,93),(1718,1,0,12.5,1,86,151,1453,93),(1719,1,0,12.5,1,86,151,1455,93),(1720,1,0,12.5,1,86,151,1457,93),(1721,1,0,12.5,1,86,151,1459,93),(1722,1,0,12.5,1,86,151,1463,93),(1723,1,0,12.5,1,86,151,1465,93),(1724,1,0,12.5,1,86,151,1467,93),(1725,1,0,13,1,86,151,1469,93),(1726,1,0,13,1,86,151,1471,93),(1727,1,0,13,1,86,151,1473,93),(1728,1,0,13,1,86,151,1475,93),(1729,1,0,13,1,86,151,1477,93),(1730,1,0,13,1,86,151,1479,93),(1731,1,0,13,1,86,151,1481,93),(1732,1,0,13,1,86,151,1483,93),(1733,1,0,13.75,1,86,151,1485,93),(1734,1,0,13.75,1,86,151,1487,93),(1735,1,0,13.75,1,86,151,1489,93),(1736,1,0,13.75,1,86,151,1491,93),(1737,1,0,13.75,1,86,151,1493,93),(1738,1,0,13.75,1,86,151,1495,93),(1739,1,0,13.75,1,86,151,1497,93),(1740,1,0,13.75,1,86,151,1499,93),(1741,1,0,13.75,1,86,151,1501,93),(1742,1,0,13.75,1,86,151,1503,93),(1743,1,0,14,1,86,151,1505,93),(1744,1,0,14,1,86,151,1507,93),(1745,1,0,14,1,86,151,1509,93),(1746,1,0,14,1,86,151,1511,93),(1747,1,0,14,1,86,151,1513,93),(1748,1,0,14,1,86,151,1515,93),(1749,1,0,14,1,86,151,1519,93),(1750,1,0,13.75,1,86,151,1523,93),(1751,1,0,13.75,1,86,151,1525,93),(1752,1,0,13.75,1,86,151,1529,93),(1753,1,0,13.75,1,86,151,1531,93),(1754,1,0,13.75,1,86,151,1533,93),(1755,1,0,13.75,1,86,151,1535,93),(1756,1,0,13.75,1,86,151,1537,93),(1757,1,0,13.5,1,86,151,1539,93),(1758,1,0,13.5,1,86,151,1541,93),(1759,1,0,13.5,1,86,151,1543,93),(1760,1,0,13.5,1,86,151,1545,93),(1761,1,0,13.5,1,86,151,1547,93),(1762,1,0,13.5,1,86,151,1549,93),(1763,1,0,13.5,1,86,151,1551,93),(1764,1,0,12.5,1,86,151,1346,93),(1765,1,0,13,1,86,151,1356,93),(1766,1,0,14,1,86,151,1358,93),(1767,1,0,13.5,1,86,151,1374,93),(1768,1,0,13.75,1,86,151,1420,93),(1769,1,0,13.5,1,86,151,1424,93),(1770,1,0,13.75,1,86,151,1426,93),(1771,1,0,14,1,86,151,1432,93),(1772,1,0,13.5,1,86,151,1442,93),(1773,1,0,12.5,1,86,151,1354,93),(1774,1,0,14,1,86,151,1382,93),(1775,1,0,14,1,86,151,1201,93),(1776,1,0,14,1,86,151,1388,93),(1777,1,0,14,1,86,151,1394,93),(1778,1,0,14,1,86,151,1129,93),(1779,1,0,14,1,86,151,1428,93),(1780,1,0,14,1,86,151,1246,93),(1781,1,0,1.5,1,86,151,1449,94),(1782,1,0,2.75,1,86,151,1453,94),(1783,1,0,0.75,1,86,151,1455,94),(1784,1,0,3,1,86,151,1457,94),(1785,1,0,1.5,1,86,151,1459,94),(1786,1,0,15.25,1,86,151,1463,94),(1787,1,0,8.25,1,86,151,1465,94),(1788,1,0,12.5,1,86,151,1467,94),(1789,1,0,2.25,1,86,151,1469,94),(1790,1,0,1.75,1,86,151,1471,94),(1791,1,0,1.75,1,86,151,1473,94),(1792,1,0,0,1,86,151,1475,94),(1793,1,0,6,1,86,151,1477,94),(1794,1,0,3.5,1,86,151,1479,94),(1795,1,0,1.5,1,86,151,1481,94),(1796,1,0,16,1,86,151,1483,94),(1797,1,0,4.75,1,86,151,1485,94),(1798,1,0,1.25,1,86,151,1487,94),(1799,1,0,3.25,1,86,151,1489,94),(1800,1,0,0,1,86,151,1491,94),(1801,1,0,0,1,86,151,1493,94),(1802,1,0,2.75,1,86,151,1495,94),(1803,1,0,1,1,86,151,1497,94),(1804,1,0,4.75,1,86,151,1499,94),(1805,1,0,10.75,1,86,151,1501,94),(1806,1,0,1,1,86,151,1503,94),(1807,1,0,1.25,1,86,151,1505,94),(1808,1,0,7.5,1,86,151,1507,94),(1809,1,0,2.5,1,86,151,1509,94),(1810,1,0,8.75,1,86,151,1511,94),(1811,1,0,3,1,86,151,1513,94),(1812,1,0,4.5,1,86,151,1515,94),(1813,1,0,1.5,1,86,151,1519,94),(1814,1,0,5.75,1,86,151,1523,94),(1815,1,0,0,1,86,151,1525,94),(1816,1,0,5.25,1,86,151,1529,94),(1817,1,0,7.75,1,86,151,1531,94),(1818,1,0,5.25,1,86,151,1533,94),(1819,1,0,14.75,1,86,151,1535,94),(1820,1,0,15.5,1,86,151,1537,94),(1821,1,0,0,1,86,151,1539,94),(1822,1,0,16.25,1,86,151,1541,94),(1823,1,0,8.5,1,86,151,1543,94),(1824,1,0,3.25,1,86,151,1545,94),(1825,1,0,5.5,1,86,151,1547,94),(1826,1,0,5.5,1,86,151,1549,94),(1827,1,0,3,1,86,151,1551,94),(1828,1,0,4.5,1,86,151,1346,94),(1829,1,0,4.5,1,86,151,1356,94),(1830,1,0,6,1,86,151,1358,94),(1831,1,0,8.75,1,86,151,1374,94),(1832,1,0,4.5,1,86,151,1386,94),(1833,1,0,8,1,86,151,1420,94),(1834,1,0,6.75,1,86,151,1424,94),(1835,1,0,4.75,1,86,151,1426,94),(1836,1,0,7,1,86,151,1432,94),(1837,1,0,7.25,1,86,151,1442,94),(1838,1,0,4.75,1,86,151,1354,94),(1839,1,0,8.25,1,86,151,1382,94),(1840,1,0,3.25,1,86,151,1201,94),(1841,1,0,8.5,1,86,151,1388,94),(1842,1,0,8.5,1,86,151,1394,94),(1843,1,0,2.25,1,86,151,1129,94),(1844,1,0,9,1,86,151,1428,94),(1845,1,0,2.25,1,86,151,1246,94),(1911,1,0,13.5,1,86,160,1449,93),(1912,1,0,17.5,1,86,160,1453,93),(1913,1,0,13.5,1,86,160,1455,93),(1914,1,0,14.5,1,86,160,1457,93),(1915,1,0,13,1,86,160,1459,93),(1916,1,0,17,1,86,160,1463,93),(1917,1,0,19.5,1,86,160,1465,93),(1918,1,0,13.5,1,86,160,1467,93),(1919,1,0,17.5,1,86,160,1469,93),(1920,1,0,17.5,1,86,160,1471,93),(1921,1,0,13,1,86,160,1473,93),(1922,1,0,19,1,86,160,1475,93),(1923,1,0,13.5,1,86,160,1477,93),(1924,1,0,17.5,1,86,160,1479,93),(1925,1,0,17.5,1,86,160,1481,93),(1926,1,0,17,1,86,160,1483,93),(1927,1,0,13.5,1,86,160,1485,93),(1928,1,0,19,1,86,160,1487,93),(1929,1,0,19,1,86,160,1489,93),(1930,1,0,17.5,1,86,160,1491,93),(1931,1,0,17.5,1,86,160,1493,93),(1932,1,0,17.5,1,86,160,1495,93),(1933,1,0,17.5,1,86,160,1497,93),(1934,1,0,13,1,86,160,1499,93),(1935,1,0,14.5,1,86,160,1501,93),(1936,1,0,13.5,1,86,160,1503,93),(1937,1,0,6,1,86,160,1505,93),(1938,1,0,6,1,86,160,1507,93),(1939,1,0,19.5,1,86,160,1509,93),(1940,1,0,13,1,86,160,1511,93),(1941,1,0,13.5,1,86,160,1513,93),(1942,1,0,13.5,1,86,160,1515,93),(1943,1,0,19.5,1,86,160,1517,93),(1944,1,0,6,1,86,160,1519,93),(1945,1,0,19,1,86,160,1523,93),(1946,1,0,9,1,86,160,1525,93),(1947,1,0,9,1,86,160,1529,93),(1948,1,0,17.5,1,86,160,1531,93),(1949,1,0,19.5,1,86,160,1533,93),(1950,1,0,17,1,86,160,1535,93),(1951,1,0,17.5,1,86,160,1537,93),(1952,1,0,14.5,1,86,160,1539,93),(1953,1,0,17,1,86,160,1541,93),(1954,1,0,13.5,1,86,160,1543,93),(1955,1,0,9,1,86,160,1545,93),(1956,1,0,9,1,86,160,1547,93),(1957,1,0,14.5,1,86,160,1549,93),(1958,1,0,6,1,86,160,1551,93),(1959,1,0,17.5,1,86,160,1346,93),(1960,1,0,17.5,1,86,160,1358,93),(1961,1,0,9.25,1,86,160,1449,91),(1962,1,0,10.5,1,86,160,1453,91),(1963,1,0,14,1,86,160,1455,91),(1964,1,0,8.5,1,86,160,1457,91),(1965,1,0,7.25,1,86,160,1459,91),(1966,1,0,15.25,1,86,160,1463,91),(1967,1,0,10.5,1,86,160,1465,91),(1968,1,0,7.75,1,86,160,1467,91),(1969,1,0,8.25,1,86,160,1469,91),(1970,1,0,7.5,1,86,160,1471,91),(1971,1,0,5.5,1,86,160,1473,91),(1972,1,0,5.5,1,86,160,1475,91),(1973,1,0,8,1,86,160,1477,91),(1974,1,0,7.75,1,86,160,1479,91),(1975,1,0,10.75,1,86,160,1481,91),(1976,1,0,11,1,86,160,1483,91),(1977,1,0,4,1,86,160,1485,91),(1978,1,0,5.5,1,86,160,1487,91),(1979,1,0,15,1,86,160,1489,91),(1980,1,0,6,1,86,160,1491,91),(1981,1,0,0.5,1,86,160,1493,91),(1982,1,0,8,1,86,160,1495,91),(1983,1,0,2,1,86,160,1497,91),(1984,1,0,10,1,86,160,1499,91),(1985,1,0,7.75,1,86,160,1501,91),(1986,1,0,9.5,1,86,160,1503,91),(1987,1,0,5,1,86,160,1505,91),(1988,1,0,12.75,1,86,160,1507,91),(1989,1,0,10.25,1,86,160,1509,91),(1990,1,0,11,1,86,160,1511,91),(1991,1,0,5.75,1,86,160,1513,91),(1992,1,0,8,1,86,160,1515,91),(1993,1,0,10.75,1,86,160,1517,91),(1994,1,0,6.75,1,86,160,1519,91),(1995,1,0,6.5,1,86,160,1523,91),(1996,1,0,8,1,86,160,1525,91),(1997,1,0,7.75,1,86,160,1529,91),(1998,1,0,18,1,86,160,1531,91),(1999,1,0,12.75,1,86,160,1533,91),(2000,1,0,13,1,86,160,1535,91),(2001,1,0,17,1,86,160,1537,91),(2002,1,0,8.5,1,86,160,1539,91),(2003,1,0,17.5,1,86,160,1541,91),(2004,1,0,8.75,1,86,160,1543,91),(2005,1,0,7,1,86,160,1545,91),(2006,1,0,2.5,1,86,160,1547,91),(2007,1,0,8.5,1,86,160,1549,91),(2008,1,0,6.5,1,86,160,1551,91),(2009,1,0,13.25,1,86,160,1346,91),(2010,1,0,11.25,1,86,160,1358,91),(2011,1,0,9.5,1,86,160,1453,94),(2012,1,0,11,1,86,160,1455,94),(2013,1,0,10,1,86,160,1457,94),(2014,1,0,7.5,1,86,160,1459,94),(2015,1,0,16,1,86,160,1463,94),(2016,1,0,10,1,86,160,1465,94),(2017,1,0,11.25,1,86,160,1467,94),(2018,1,0,11,1,86,160,1469,94),(2019,1,0,11.5,1,86,160,1471,94),(2020,1,0,8,1,86,160,1473,94),(2021,1,0,5,1,86,160,1475,94),(2022,1,0,7,1,86,160,1477,94),(2023,1,0,9,1,86,160,1479,94),(2024,1,0,10,1,86,160,1481,94),(2025,1,0,10,1,86,160,1483,94),(2026,1,0,4.75,1,86,160,1485,94),(2027,1,0,7.75,1,86,160,1487,94),(2028,1,0,13.5,1,86,160,1489,94),(2029,1,0,5.5,1,86,160,1491,94),(2030,1,0,2.5,1,86,160,1493,94),(2031,1,0,10,1,86,160,1495,94),(2032,1,0,13.5,1,86,160,1499,94),(2033,1,0,9.5,1,86,160,1501,94),(2034,1,0,7.5,1,86,160,1503,94),(2035,1,0,4.75,1,86,160,1505,94),(2036,1,0,15.25,1,86,160,1507,94),(2037,1,0,10,1,86,160,1509,94),(2038,1,0,12,1,86,160,1511,94),(2039,1,0,6.75,1,86,160,1513,94),(2040,1,0,7,1,86,160,1515,94),(2041,1,0,6.5,1,86,160,1519,94),(2042,1,0,8.5,1,86,160,1523,94),(2043,1,0,1.75,1,86,160,1525,94),(2044,1,0,10.5,1,86,160,1529,94),(2045,1,0,16,1,86,160,1531,94),(2046,1,0,13.75,1,86,160,1533,94),(2047,1,0,15.75,1,86,160,1535,94),(2048,1,0,14.5,1,86,160,1537,94),(2049,1,0,10.5,1,86,160,1539,94),(2050,1,0,14.5,1,86,160,1541,94),(2051,1,0,11.25,1,86,160,1543,94),(2052,1,0,2,1,86,160,1545,94),(2053,1,0,5.75,1,86,160,1547,94),(2054,1,0,6.5,1,86,160,1549,94),(2055,1,0,10,1,86,160,1551,94),(2056,1,0,15.75,1,86,160,1346,94),(2057,1,1,9.25,1,86,160,1449,94),(2058,1,1,12.5,1,86,160,1459,94),(2059,1,1,9.75,1,86,160,1473,94),(2060,1,1,11,1,86,160,1475,94),(2061,1,1,9,1,86,160,1477,94),(2062,1,1,6.5,1,86,160,1485,94),(2063,1,1,12,1,86,160,1487,94),(2064,1,1,7.75,1,86,160,1491,94),(2065,1,1,3,1,86,160,1493,94),(2066,1,1,5.25,1,86,160,1497,94),(2067,1,1,9.25,1,86,160,1501,94),(2068,1,1,12.5,1,86,160,1503,94),(2069,1,1,7.75,1,86,160,1505,94),(2070,1,1,12.5,1,86,160,1513,94),(2071,1,1,10,1,86,160,1515,94),(2072,1,1,12.5,1,86,160,1517,94),(2073,1,1,11.25,1,86,160,1519,94),(2074,1,1,12.5,1,86,160,1529,94),(2075,1,1,5,1,86,160,1545,94),(2076,1,1,7,1,86,160,1547,94),(2077,1,1,10,1,86,160,1549,94),(2078,1,1,12,1,86,160,1551,94),(2079,1,1,11.25,1,86,160,1358,94),(2151,1,0,3.75,1,86,152,1449,91),(2152,1,0,4,1,86,152,1453,91),(2153,1,0,2,1,86,152,1455,91),(2154,1,0,6,1,86,152,1457,91),(2155,1,0,4.25,1,86,152,1459,91),(2156,1,0,7,1,86,152,1463,91),(2157,1,0,8.5,1,86,152,1465,91),(2158,1,0,7.5,1,86,152,1467,91),(2159,1,0,7,1,86,152,1469,91),(2160,1,0,4.25,1,86,152,1471,91),(2161,1,0,3.75,1,86,152,1473,91),(2162,1,0,2.75,1,86,152,1475,91),(2163,1,0,6.75,1,86,152,1477,91),(2164,1,0,8,1,86,152,1479,91),(2165,1,0,7.25,1,86,152,1481,91),(2166,1,0,5.75,1,86,152,1483,91),(2167,1,0,5,1,86,152,1485,91),(2168,1,0,4.75,1,86,152,1487,91),(2169,1,0,5.25,1,86,152,1489,91),(2170,1,0,3.5,1,86,152,1491,91),(2171,1,0,2,1,86,152,1493,91),(2172,1,0,7,1,86,152,1495,91),(2173,1,0,2,1,86,152,1497,91),(2174,1,0,6,1,86,152,1499,91),(2175,1,0,5.25,1,86,152,1501,91),(2176,1,0,7.75,1,86,152,1503,91),(2177,1,0,4.5,1,86,152,1505,91),(2178,1,0,11,1,86,152,1507,91),(2179,1,0,6,1,86,152,1509,91),(2180,1,0,7.75,1,86,152,1511,91),(2181,1,0,3.5,1,86,152,1513,91),(2182,1,0,6.75,1,86,152,1515,91),(2183,1,0,5.5,1,86,152,1517,91),(2184,1,0,4.5,1,86,152,1519,91),(2185,1,0,9.25,1,86,152,1523,91),(2186,1,0,4,1,86,152,1525,91),(2187,1,0,6,1,86,152,1529,91),(2188,1,0,8,1,86,152,1531,91),(2189,1,0,4.75,1,86,152,1533,91),(2190,1,0,8.25,1,86,152,1535,91),(2191,1,0,8,1,86,152,1537,91),(2192,1,0,2,1,86,152,1539,91),(2193,1,0,10.5,1,86,152,1541,91),(2194,1,0,7.5,1,86,152,1543,91),(2195,1,0,3,1,86,152,1545,91),(2196,1,0,7,1,86,152,1547,91),(2197,1,0,5.5,1,86,152,1549,91),(2198,1,0,5,1,86,152,1551,91),(2199,1,0,6.5,1,86,152,1346,91),(2200,1,0,5.25,1,86,152,1356,91),(2201,1,0,9.25,1,86,152,1358,91),(2202,1,0,6.5,1,86,152,1374,91),(2203,1,0,4.25,1,86,152,1386,91),(2204,1,0,5.25,1,86,152,1420,91),(2205,1,0,6,1,86,152,1424,91),(2206,1,0,9,1,86,152,1426,91),(2207,1,0,7.25,1,86,152,1432,91),(2208,1,0,6,1,86,152,1442,91),(2209,1,0,7.75,1,86,152,1354,91),(2210,1,0,9.75,1,86,152,1382,91),(2211,1,0,6.25,1,86,152,1201,91),(2212,1,0,6.25,1,86,152,1388,91),(2213,1,0,7.75,1,86,152,1394,91),(2214,1,0,4.25,1,86,152,1129,91),(2215,1,0,5,1,86,152,1246,91),(2216,1,0,13.25,1,86,152,1449,93),(2217,1,0,13.25,1,86,152,1453,93),(2218,1,0,13.25,1,86,152,1455,93),(2219,1,0,13.25,1,86,152,1457,93),(2220,1,0,13.25,1,86,152,1459,93),(2221,1,0,13.25,1,86,152,1463,93),(2222,1,0,13.25,1,86,152,1465,93),(2223,1,0,13.25,1,86,152,1467,93),(2224,1,0,13.5,1,86,152,1469,93),(2225,1,0,13.5,1,86,152,1471,93),(2226,1,0,13.5,1,86,152,1473,93),(2227,1,0,13.5,1,86,152,1475,93),(2228,1,0,13.5,1,86,152,1477,93),(2229,1,0,13.5,1,86,152,1479,93),(2230,1,0,13.5,1,86,152,1481,93),(2231,1,0,13.5,1,86,152,1483,93),(2232,1,0,13.25,1,86,152,1485,93),(2233,1,0,13.25,1,86,152,1487,93),(2234,1,0,13.25,1,86,152,1489,93),(2235,1,0,13.25,1,86,152,1491,93),(2236,1,0,13.25,1,86,152,1493,93),(2237,1,0,13.25,1,86,152,1495,93),(2238,1,0,13.25,1,86,152,1497,93),(2239,1,0,13.25,1,86,152,1499,93),(2240,1,0,13.25,1,86,152,1501,93),(2241,1,0,13.25,1,86,152,1503,93),(2242,1,0,13,1,86,152,1505,93),(2243,1,0,13,1,86,152,1507,93),(2244,1,0,13,1,86,152,1509,93),(2245,1,0,13,1,86,152,1511,93),(2246,1,0,13,1,86,152,1513,93),(2247,1,0,13,1,86,152,1515,93),(2248,1,0,13,1,86,152,1519,93),(2249,1,0,13,1,86,152,1523,93),(2250,1,0,13,1,86,152,1525,93),(2251,1,0,13,1,86,152,1529,93),(2252,1,0,13,1,86,152,1531,93),(2253,1,0,13,1,86,152,1533,93),(2254,1,0,13,1,86,152,1535,93),(2255,1,0,13,1,86,152,1537,93),(2256,1,0,13,1,86,152,1539,93),(2257,1,0,13,1,86,152,1541,93),(2258,1,0,13,1,86,152,1543,93),(2259,1,0,13,1,86,152,1545,93),(2260,1,0,13,1,86,152,1547,93),(2261,1,0,13,1,86,152,1549,93),(2262,1,0,13,1,86,152,1551,93),(2263,1,0,13.25,1,86,152,1346,93),(2264,1,0,13.5,1,86,152,1356,93),(2265,1,0,14.5,1,86,152,1358,93),(2266,1,0,13,1,86,152,1374,93),(2267,1,0,13,1,86,152,1420,93),(2268,1,0,13,1,86,152,1424,93),(2269,1,0,13,1,86,152,1426,93),(2270,1,0,14.5,1,86,152,1432,93),(2271,1,0,13,1,86,152,1442,93),(2272,1,0,13.25,1,86,152,1354,93),(2273,1,0,14.5,1,86,152,1382,93),(2274,1,0,13,1,86,152,1201,93),(2275,1,0,14.5,1,86,152,1388,93),(2276,1,0,13,1,86,152,1394,93),(2277,1,0,14.5,1,86,152,1129,93),(2278,1,0,13,1,86,152,1246,93),(2279,1,0,0.75,1,86,152,1449,94),(2280,1,0,7,1,86,152,1453,94),(2281,1,0,2.5,1,86,152,1455,94),(2282,1,0,9,1,86,152,1457,94),(2283,1,0,3,1,86,152,1459,94),(2284,1,0,11.5,1,86,152,1463,94),(2285,1,0,8,1,86,152,1465,94),(2286,1,0,7.5,1,86,152,1467,94),(2287,1,0,9,1,86,152,1469,94),(2288,1,0,1.5,1,86,152,1471,94),(2289,1,0,5,1,86,152,1473,94),(2290,1,0,4.5,1,86,152,1475,94),(2291,1,0,7.5,1,86,152,1477,94),(2292,1,0,4.5,1,86,152,1479,94),(2293,1,0,7.25,1,86,152,1481,94),(2294,1,0,9,1,86,152,1483,94),(2295,1,0,2.75,1,86,152,1485,94),(2296,1,0,5,1,86,152,1487,94),(2297,1,0,8,1,86,152,1489,94),(2298,1,0,4.25,1,86,152,1491,94),(2299,1,0,1,1,86,152,1493,94),(2300,1,0,2.75,1,86,152,1495,94),(2301,1,0,1,1,86,152,1497,94),(2302,1,0,3.5,1,86,152,1499,94),(2303,1,0,2.75,1,86,152,1501,94),(2304,1,0,4.75,1,86,152,1503,94),(2305,1,0,3.5,1,86,152,1505,94),(2306,1,0,12,1,86,152,1507,94),(2307,1,0,7.25,1,86,152,1509,94),(2308,1,0,7,1,86,152,1511,94),(2309,1,0,6,1,86,152,1513,94),(2310,1,0,8,1,86,152,1515,94),(2311,1,0,3.5,1,86,152,1519,94),(2312,1,0,10,1,86,152,1523,94),(2313,1,0,1.75,1,86,152,1525,94),(2314,1,0,3.75,1,86,152,1529,94),(2315,1,0,3.5,1,86,152,1531,94),(2316,1,0,5.5,1,86,152,1533,94),(2317,1,0,8.5,1,86,152,1535,94),(2318,1,0,7,1,86,152,1537,94),(2319,1,0,0,1,86,152,1539,94),(2320,1,0,10,1,86,152,1541,94),(2321,1,0,6,1,86,152,1543,94),(2322,1,0,2,1,86,152,1545,94),(2323,1,0,7.5,1,86,152,1547,94),(2324,1,0,4,1,86,152,1549,94),(2325,1,0,3,1,86,152,1551,94),(2326,1,0,9.5,1,86,152,1346,94),(2327,1,0,5.25,1,86,152,1356,94),(2328,1,0,7.5,1,86,152,1358,94),(2329,1,0,5.25,1,86,152,1374,94),(2330,1,0,6.5,1,86,152,1386,94),(2331,1,0,4,1,86,152,1420,94),(2332,1,0,9.5,1,86,152,1424,94),(2333,1,0,6.25,1,86,152,1426,94),(2334,1,0,8.5,1,86,152,1432,94),(2335,1,0,4.25,1,86,152,1442,94),(2336,1,0,3,1,86,152,1354,94),(2337,1,0,14.5,1,86,152,1382,94),(2338,1,0,5.25,1,86,152,1201,94),(2339,1,0,13.5,1,86,152,1388,94),(2340,1,0,11,1,86,152,1394,94),(2341,1,0,3,1,86,152,1246,94),(2342,1,0,14,1,86,157,1449,91),(2343,1,0,14,1,86,157,1453,91),(2344,1,0,3,1,86,157,1455,91),(2345,1,0,6,1,86,157,1457,91),(2346,1,0,6,1,86,157,1459,91),(2347,1,0,13,1,86,157,1463,91),(2348,1,0,13,1,86,157,1465,91),(2349,1,0,3,1,86,157,1467,91),(2350,1,0,6,1,86,157,1469,91),(2351,1,0,2,1,86,157,1471,91),(2352,1,0,5,1,86,157,1473,91),(2353,1,0,6,1,86,157,1475,91),(2354,1,0,9,1,86,157,1477,91),(2355,1,0,5,1,86,157,1479,91),(2356,1,0,14,1,86,157,1481,91),(2357,1,0,10,1,86,157,1483,91),(2358,1,0,9,1,86,157,1485,91),(2359,1,0,13,1,86,157,1487,91),(2360,1,0,8,1,86,157,1489,91),(2361,1,0,7,1,86,157,1491,91),(2362,1,0,3,1,86,157,1493,91),(2363,1,0,16,1,86,157,1495,91),(2364,1,0,9,1,86,157,1497,91),(2365,1,0,7,1,86,157,1499,91),(2366,1,0,9,1,86,157,1501,91),(2367,1,0,6,1,86,157,1503,91),(2368,1,0,5,1,86,157,1505,91),(2369,1,0,11,1,86,157,1507,91),(2370,1,0,8,1,86,157,1509,91),(2371,1,0,11,1,86,157,1511,91),(2372,1,0,8,1,86,157,1513,91),(2373,1,0,9,1,86,157,1515,91),(2374,1,0,4,1,86,157,1517,91),(2375,1,0,11,1,86,157,1519,91),(2376,1,0,10,1,86,157,1523,91),(2377,1,0,5,1,86,157,1525,91),(2378,1,0,6,1,86,157,1529,91),(2379,1,0,8,1,86,157,1531,91),(2380,1,0,9,1,86,157,1533,91),(2381,1,0,10,1,86,157,1535,91),(2382,1,0,8,1,86,157,1537,91),(2383,1,0,12,1,86,157,1539,91),(2384,1,0,12,1,86,157,1541,91),(2385,1,0,15,1,86,157,1543,91),(2386,1,0,7,1,86,157,1545,91),(2387,1,0,6,1,86,157,1547,91),(2388,1,0,7,1,86,157,1549,91),(2389,1,0,11,1,86,157,1551,91),(2390,1,0,14.5,1,86,157,1449,93),(2391,1,0,16,1,86,157,1453,93),(2392,1,0,15.5,1,86,157,1455,93),(2393,1,0,14.5,1,86,157,1457,93),(2394,1,0,15,1,86,157,1459,93),(2395,1,0,15,1,86,157,1463,93),(2396,1,0,14,1,86,157,1465,93),(2397,1,0,14.5,1,86,157,1467,93),(2398,1,0,14.5,1,86,157,1469,93),(2399,1,0,14.5,1,86,157,1471,93),(2400,1,0,15.5,1,86,157,1473,93),(2401,1,0,16,1,86,157,1475,93),(2402,1,0,15.5,1,86,157,1477,93),(2403,1,0,14.5,1,86,157,1479,93),(2404,1,0,16,1,86,157,1481,93),(2405,1,0,14,1,86,157,1483,93),(2406,1,0,14.5,1,86,157,1485,93),(2407,1,0,15,1,86,157,1487,93),(2408,1,0,16,1,86,157,1489,93),(2409,1,0,15.5,1,86,157,1491,93),(2410,1,0,15.5,1,86,157,1493,93),(2411,1,0,14.5,1,86,157,1495,93),(2412,1,0,15.5,1,86,157,1497,93),(2413,1,0,15.5,1,86,157,1499,93),(2414,1,0,14.5,1,86,157,1501,93),(2415,1,0,14.5,1,86,157,1503,93),(2416,1,0,14.5,1,86,157,1505,93),(2417,1,0,14.5,1,86,157,1507,93),(2418,1,0,14,1,86,157,1509,93),(2419,1,0,15.5,1,86,157,1511,93),(2420,1,0,15.5,1,86,157,1513,93),(2421,1,0,14.5,1,86,157,1515,93),(2422,1,0,15.5,1,86,157,1517,93),(2423,1,0,14,1,86,157,1519,93),(2424,1,0,16,1,86,157,1523,93),(2425,1,0,15.5,1,86,157,1525,93),(2426,1,0,14.5,1,86,157,1529,93),(2427,1,0,14.5,1,86,157,1531,93),(2428,1,0,14,1,86,157,1533,93),(2429,1,0,15,1,86,157,1535,93),(2430,1,0,14.5,1,86,157,1537,93),(2431,1,0,16,1,86,157,1539,93),(2432,1,0,15,1,86,157,1541,93),(2433,1,0,14.5,1,86,157,1543,93),(2434,1,0,16,1,86,157,1547,93),(2435,1,0,14.5,1,86,157,1549,93),(2436,1,0,14,1,86,157,1551,93),(2437,1,0,11,1,86,157,1449,94),(2438,1,0,11,1,86,157,1453,94),(2439,1,0,4,1,86,157,1455,94),(2440,1,0,11,1,86,157,1457,94),(2441,1,0,7,1,86,157,1459,94),(2442,1,0,12,1,86,157,1463,94),(2443,1,0,8,1,86,157,1465,94),(2444,1,0,3,1,86,157,1467,94),(2445,1,0,10,1,86,157,1469,94),(2446,1,0,4,1,86,157,1471,94),(2447,1,0,7,1,86,157,1473,94),(2448,1,0,4,1,86,157,1475,94),(2449,1,0,7,1,86,157,1477,94),(2450,1,0,8,1,86,157,1479,94),(2451,1,0,6,1,86,157,1481,94),(2452,1,0,11,1,86,157,1483,94),(2453,1,0,5,1,86,157,1485,94),(2454,1,0,5,1,86,157,1487,94),(2455,1,0,9,1,86,157,1489,94),(2456,1,0,10,1,86,157,1491,94),(2457,1,0,8,1,86,157,1493,94),(2458,1,0,11,1,86,157,1495,94),(2459,1,0,10,1,86,157,1497,94),(2460,1,0,3,1,86,157,1499,94),(2461,1,0,9,1,86,157,1501,94),(2462,1,0,10,1,86,157,1505,94),(2463,1,0,10,1,86,157,1507,94),(2464,1,0,8,1,86,157,1509,94),(2465,1,0,8,1,86,157,1511,94),(2466,1,0,5,1,86,157,1513,94),(2467,1,0,8,1,86,157,1515,94),(2468,1,0,6,1,86,157,1517,94),(2469,1,0,8,1,86,157,1519,94),(2470,1,0,9,1,86,157,1523,94),(2471,1,0,3,1,86,157,1529,94),(2472,1,0,10,1,86,157,1531,94),(2473,1,0,8,1,86,157,1533,94),(2474,1,0,11,1,86,157,1535,94),(2475,1,0,8,1,86,157,1537,94),(2476,1,0,10,1,86,157,1539,94),(2477,1,0,12,1,86,157,1541,94),(2478,1,0,4,1,86,157,1545,94),(2479,1,0,4,1,86,157,1547,94),(2480,1,0,11,1,86,157,1549,94),(2481,1,0,9,1,86,157,1551,94),(2482,1,0,11,1,86,153,1449,91),(2483,1,0,11.5,1,86,153,1453,91),(2484,1,0,7,1,86,153,1455,91),(2485,1,0,11.5,1,86,153,1457,91),(2486,1,0,8,1,86,153,1459,91),(2487,1,0,12.5,1,86,153,1463,91),(2488,1,0,14.5,1,86,153,1465,91),(2489,1,0,10.5,1,86,153,1467,91),(2490,1,0,11.5,1,86,153,1469,91),(2491,1,0,5.5,1,86,153,1471,91),(2492,1,0,9,1,86,153,1473,91),(2493,1,0,11,1,86,153,1475,91),(2494,1,0,11.5,1,86,153,1477,91),(2495,1,0,10.5,1,86,153,1479,91),(2496,1,0,12.5,1,86,153,1481,91),(2497,1,0,18.5,1,86,153,1483,91),(2498,1,0,14,1,86,153,1485,91),(2499,1,0,8,1,86,153,1487,91),(2500,1,0,13.5,1,86,153,1489,91),(2501,1,0,7.5,1,86,153,1491,91),(2502,1,0,9,1,86,153,1493,91),(2503,1,0,12.5,1,86,153,1495,91),(2504,1,0,6,1,86,153,1497,91),(2505,1,0,14.5,1,86,153,1499,91),(2506,1,0,9.5,1,86,153,1501,91),(2507,1,0,9,1,86,153,1503,91),(2508,1,0,3.5,1,86,153,1505,91),(2509,1,0,14.5,1,86,153,1507,91),(2510,1,0,13,1,86,153,1509,91),(2511,1,0,13.5,1,86,153,1511,91),(2512,1,0,11,1,86,153,1513,91),(2513,1,0,14,1,86,153,1515,91),(2514,1,0,10,1,86,153,1517,91),(2515,1,0,10.5,1,86,153,1519,91),(2516,1,0,14,1,86,153,1523,91),(2517,1,0,2.5,1,86,153,1525,91),(2518,1,0,6,1,86,153,1529,91),(2519,1,0,14.5,1,86,153,1531,91),(2520,1,0,14,1,86,153,1533,91),(2521,1,0,10,1,86,153,1535,91),(2522,1,0,13,1,86,153,1537,91),(2523,1,0,14,1,86,153,1539,91),(2524,1,0,17,1,86,153,1541,91),(2525,1,0,14,1,86,153,1543,91),(2526,1,0,12,1,86,153,1545,91),(2527,1,0,7.5,1,86,153,1547,91),(2528,1,0,13.5,1,86,153,1549,91),(2529,1,0,12.5,1,86,153,1551,91),(2530,1,0,8,1,86,153,1386,91),(2531,1,0,0,1,86,153,1442,91),(2532,1,0,8.5,1,86,153,1360,91),(2533,1,0,16,1,86,153,1449,93),(2534,1,0,16,1,86,153,1453,93),(2535,1,0,7,1,86,153,1455,93),(2536,1,0,16,1,86,153,1457,93),(2537,1,0,10,1,86,153,1459,93),(2538,1,0,16,1,86,153,1463,93),(2539,1,0,16,1,86,153,1465,93),(2540,1,0,14,1,86,153,1467,93),(2541,1,0,16,1,86,153,1469,93),(2542,1,0,16,1,86,153,1471,93),(2543,1,0,8,1,86,153,1473,93),(2544,1,0,12,1,86,153,1475,93),(2545,1,0,7,1,86,153,1477,93),(2546,1,0,16,1,86,153,1479,93),(2547,1,0,9,1,86,153,1481,93),(2548,1,0,11,1,86,153,1483,93),(2549,1,0,16,1,86,153,1485,93),(2550,1,0,6,1,86,153,1487,93),(2551,1,0,12,1,86,153,1489,93),(2552,1,0,12,1,86,153,1491,93),(2553,1,0,16,1,86,153,1493,93),(2554,1,0,16,1,86,153,1495,93),(2555,1,0,14,1,86,153,1497,93),(2556,1,0,10,1,86,153,1499,93),(2557,1,0,15,1,86,153,1501,93),(2558,1,0,13,1,86,153,1503,93),(2559,1,0,16,1,86,153,1505,93),(2560,1,0,7,1,86,153,1507,93),(2561,1,0,14,1,86,153,1509,93),(2562,1,0,10,1,86,153,1511,93),(2563,1,0,13,1,86,153,1513,93),(2564,1,0,9,1,86,153,1515,93),(2565,1,0,12,1,86,153,1517,93),(2566,1,0,16,1,86,153,1519,93),(2567,1,0,16,1,86,153,1521,93),(2568,1,0,8,1,86,153,1523,93),(2569,1,0,4,1,86,153,1525,93),(2570,1,0,4,1,86,153,1529,93),(2571,1,0,19,1,86,153,1531,93),(2572,1,0,16,1,86,153,1533,93),(2573,1,0,10,1,86,153,1535,93),(2574,1,0,9,1,86,153,1537,93),(2575,1,0,7,1,86,153,1539,93),(2576,1,0,10,1,86,153,1541,93),(2577,1,0,16,1,86,153,1543,93),(2578,1,0,14,1,86,153,1545,93),(2579,1,0,9,1,86,153,1547,93),(2580,1,0,12,1,86,153,1549,93),(2581,1,0,12,1,86,153,1551,93),(2582,1,0,0,1,86,153,1386,93),(2583,1,0,14,1,86,153,1442,93),(2584,1,0,10,1,86,153,1360,93),(2585,1,0,6,1,86,153,1449,94),(2586,1,0,5,1,86,153,1453,94),(2587,1,0,9,1,86,153,1455,94),(2588,1,0,9.5,1,86,153,1457,94),(2589,1,0,4.5,1,86,153,1459,94),(2590,1,0,9.5,1,86,153,1463,94),(2591,1,0,13,1,86,153,1465,94),(2592,1,0,4.5,1,86,153,1467,94),(2593,1,0,8.5,1,86,153,1469,94),(2594,1,0,3,1,86,153,1471,94),(2595,1,0,6.5,1,86,153,1473,94),(2596,1,0,4.5,1,86,153,1475,94),(2597,1,0,5.5,1,86,153,1477,94),(2598,1,0,6.5,1,86,153,1479,94),(2599,1,0,6.5,1,86,153,1481,94),(2600,1,0,9,1,86,153,1483,94),(2601,1,0,10,1,86,153,1485,94),(2602,1,0,5.5,1,86,153,1487,94),(2603,1,0,12.5,1,86,153,1489,94),(2604,1,0,7.5,1,86,153,1491,94),(2605,1,0,7.5,1,86,153,1493,94),(2606,1,0,9,1,86,153,1495,94),(2607,1,0,6,1,86,153,1497,94),(2608,1,0,5.5,1,86,153,1499,94),(2609,1,0,6.5,1,86,153,1501,94),(2610,1,0,9.5,1,86,153,1503,94),(2611,1,0,8.5,1,86,153,1505,94),(2612,1,0,9.5,1,86,153,1507,94),(2613,1,0,7.5,1,86,153,1509,94),(2614,1,0,7.5,1,86,153,1511,94),(2615,1,0,6.5,1,86,153,1513,94),(2616,1,0,12.5,1,86,153,1515,94),(2617,1,0,10,1,86,153,1517,94),(2618,1,0,9.5,1,86,153,1519,94),(2619,1,0,11,1,86,153,1523,94),(2620,1,0,7.5,1,86,153,1525,94),(2621,1,0,9,1,86,153,1529,94),(2622,1,0,8,1,86,153,1531,94),(2623,1,0,13,1,86,153,1533,94),(2624,1,0,7.5,1,86,153,1535,94),(2625,1,0,12,1,86,153,1537,94),(2626,1,0,7,1,86,153,1539,94),(2627,1,0,10,1,86,153,1541,94),(2628,1,0,9.5,1,86,153,1543,94),(2629,1,0,7.5,1,86,153,1545,94),(2630,1,0,6.5,1,86,153,1547,94),(2631,1,0,11,1,86,153,1549,94),(2632,1,0,10,1,86,153,1551,94),(2633,1,0,3.5,1,86,153,1386,94),(2634,1,0,8.5,1,86,153,1360,94),(2635,1,0,9.5,1,86,156,1449,91),(2636,1,0,5,1,86,156,1453,91),(2637,1,0,0.5,1,86,156,1455,91),(2638,1,0,9,1,86,156,1457,91),(2639,1,0,3.5,1,86,156,1459,91),(2640,1,0,9,1,86,156,1463,91),(2641,1,0,11.5,1,86,156,1465,91),(2642,1,0,0.5,1,86,156,1467,91),(2643,1,0,8,1,86,156,1469,91),(2644,1,0,0.5,1,86,156,1471,91),(2645,1,0,8,1,86,156,1473,91),(2646,1,0,13,1,86,156,1475,91),(2647,1,0,1,1,86,156,1477,91),(2648,1,0,7,1,86,156,1479,91),(2649,1,0,14,1,86,156,1481,91),(2650,1,0,9.5,1,86,156,1483,91),(2651,1,0,11,1,86,156,1485,91),(2652,1,0,10,1,86,156,1487,91),(2653,1,0,8.5,1,86,156,1489,91),(2654,1,0,3,1,86,156,1491,91),(2655,1,0,0.5,1,86,156,1493,91),(2656,1,0,10.5,1,86,156,1495,91),(2657,1,0,4.5,1,86,156,1497,91),(2658,1,0,0.5,1,86,156,1499,91),(2659,1,0,6.5,1,86,156,1501,91),(2660,1,0,3.5,1,86,156,1503,91),(2661,1,0,4,1,86,156,1505,91),(2662,1,0,1.5,1,86,156,1507,91),(2663,1,0,12,1,86,156,1509,91),(2664,1,0,1,1,86,156,1511,91),(2665,1,0,6.5,1,86,156,1513,91),(2666,1,0,10,1,86,156,1515,91),(2667,1,0,5,1,86,156,1517,91),(2668,1,0,1.5,1,86,156,1519,91),(2669,1,0,11,1,86,156,1523,91),(2670,1,0,5,1,86,156,1525,91),(2671,1,0,0.5,1,86,156,1529,91),(2672,1,0,7,1,86,156,1531,91),(2673,1,0,10,1,86,156,1533,91),(2674,1,0,9,1,86,156,1535,91),(2675,1,0,12.5,1,86,156,1537,91),(2676,1,0,4.5,1,86,156,1539,91),(2677,1,0,8.5,1,86,156,1541,91),(2678,1,0,12,1,86,156,1543,91),(2679,1,0,13,1,86,156,1545,91),(2680,1,0,2,1,86,156,1547,91),(2681,1,0,8.5,1,86,156,1549,91),(2682,1,0,12,1,86,156,1551,91),(2683,1,0,8,1,86,156,1356,91),(2684,1,0,8,1,86,156,1374,91),(2685,1,0,13,1,86,156,1386,91),(2686,1,0,8.5,1,86,156,1400,91),(2687,1,0,4,1,86,156,1406,91),(2688,1,0,4,1,86,156,1424,91),(2689,1,0,13,1,86,156,1432,91),(2690,1,0,9,1,86,156,1442,91),(2691,1,0,5,1,86,156,1342,91),(2692,1,0,11.5,1,86,156,1354,91),(2693,1,0,11,1,86,156,1360,91),(2694,1,0,15,1,86,156,1390,91),(2695,1,0,11.5,1,86,156,1414,91),(2696,1,0,14,1,86,156,1449,93),(2697,1,0,10,1,86,156,1453,93),(2698,1,0,11,1,86,156,1455,93),(2699,1,0,14,1,86,156,1457,93),(2700,1,0,11,1,86,156,1459,93),(2701,1,0,14,1,86,156,1463,93),(2702,1,0,16,1,86,156,1465,93),(2703,1,0,14,1,86,156,1467,93),(2704,1,0,11,1,86,156,1469,93),(2705,1,0,14,1,86,156,1471,93),(2706,1,0,15.5,1,86,156,1473,93),(2707,1,0,17.5,1,86,156,1475,93),(2708,1,0,15.5,1,86,156,1477,93),(2709,1,0,16,1,86,156,1479,93),(2710,1,0,11,1,86,156,1481,93),(2711,1,0,14,1,86,156,1483,93),(2712,1,0,16,1,86,156,1485,93),(2713,1,0,11,1,86,156,1487,93),(2714,1,0,17.5,1,86,156,1489,93),(2715,1,0,17.5,1,86,156,1491,93),(2716,1,0,16,1,86,156,1493,93),(2717,1,0,14,1,86,156,1495,93),(2718,1,0,17.5,1,86,156,1497,93),(2719,1,0,17.5,1,86,156,1499,93),(2720,1,0,17.5,1,86,156,1501,93),(2721,1,0,11,1,86,156,1503,93),(2722,1,0,16,1,86,156,1505,93),(2723,1,0,0,1,86,156,1507,93),(2724,1,0,16,1,86,156,1509,93),(2725,1,0,17.5,1,86,156,1511,93),(2726,1,0,16,1,86,156,1513,93),(2727,1,0,11,1,86,156,1515,93),(2728,1,0,15.5,1,86,156,1517,93),(2729,1,0,11,1,86,156,1519,93),(2730,1,0,17.5,1,86,156,1523,93),(2731,1,0,15.5,1,86,156,1525,93),(2732,1,0,11,1,86,156,1529,93),(2733,1,0,15.5,1,86,156,1531,93),(2734,1,0,16,1,86,156,1533,93),(2735,1,0,14,1,86,156,1535,93),(2736,1,0,14,1,86,156,1537,93),(2737,1,0,11,1,86,156,1539,93),(2738,1,0,14,1,86,156,1541,93),(2739,1,0,14,1,86,156,1543,93),(2740,1,0,17.5,1,86,156,1545,93),(2741,1,0,15.5,1,86,156,1547,93),(2742,1,0,17.5,1,86,156,1549,93),(2743,1,0,16,1,86,156,1551,93),(2744,1,0,13.5,1,86,156,1356,93),(2745,1,0,11.5,1,86,156,1374,93),(2746,1,0,16.75,1,86,156,1386,93),(2747,1,0,16.75,1,86,156,1400,93),(2748,1,0,14.75,1,86,156,1406,93),(2749,1,0,14.75,1,86,156,1424,93),(2750,1,0,14.75,1,86,156,1432,93),(2751,1,0,16.75,1,86,156,1442,93),(2752,1,0,14.75,1,86,156,1342,93),(2753,1,0,14,1,86,156,1354,93),(2754,1,0,14.75,1,86,156,1360,93),(2755,1,0,16.75,1,86,156,1390,93),(2756,1,0,14.75,1,86,156,1414,93),(2757,1,0,16,1,86,156,1449,94),(2758,1,0,16,1,86,156,1453,94),(2759,1,0,0.5,1,86,156,1455,94),(2760,1,0,6.5,1,86,156,1457,94),(2761,1,0,0.5,1,86,156,1459,94),(2762,1,0,7.5,1,86,156,1463,94),(2763,1,0,13.5,1,86,156,1465,94),(2764,1,0,0.5,1,86,156,1467,94),(2765,1,0,2,1,86,156,1469,94),(2766,1,0,0.5,1,86,156,1471,94),(2767,1,0,9,1,86,156,1473,94),(2768,1,0,18,1,86,156,1475,94),(2769,1,0,0.5,1,86,156,1477,94),(2770,1,0,6,1,86,156,1479,94),(2771,1,0,17.5,1,86,156,1481,94),(2772,1,0,1.5,1,86,156,1483,94),(2773,1,0,1.5,1,86,156,1485,94),(2774,1,0,13,1,86,156,1487,94),(2775,1,0,10.5,1,86,156,1489,94),(2776,1,0,1,1,86,156,1491,94),(2777,1,0,0.5,1,86,156,1493,94),(2778,1,0,14,1,86,156,1495,94),(2779,1,0,0.5,1,86,156,1497,94),(2780,1,0,0,1,86,156,1499,94),(2781,1,0,7.5,1,86,156,1501,94),(2782,1,0,3,1,86,156,1503,94),(2783,1,0,12.5,1,86,156,1505,94),(2784,1,0,12,1,86,156,1509,94),(2785,1,0,17,1,86,156,1511,94),(2786,1,0,1.5,1,86,156,1513,94),(2787,1,0,13.5,1,86,156,1515,94),(2788,1,0,1.5,1,86,156,1517,94),(2789,1,0,8.5,1,86,156,1519,94),(2790,1,0,16.5,1,86,156,1523,94),(2791,1,0,1.5,1,86,156,1525,94),(2792,1,0,1.5,1,86,156,1529,94),(2793,1,0,10.5,1,86,156,1531,94),(2794,1,0,10.5,1,86,156,1533,94),(2795,1,0,14.5,1,86,156,1535,94),(2796,1,0,7.5,1,86,156,1537,94),(2797,1,0,2.5,1,86,156,1539,94),(2798,1,0,14,1,86,156,1541,94),(2799,1,0,16.5,1,86,156,1543,94),(2800,1,0,10,1,86,156,1545,94),(2801,1,0,12.5,1,86,156,1547,94),(2802,1,0,12.5,1,86,156,1549,94),(2803,1,0,12,1,86,156,1551,94),(2804,1,0,13,1,86,156,1356,94),(2805,1,0,8.5,1,86,156,1374,94),(2806,1,0,15,1,86,156,1386,94),(2807,1,0,17.5,1,86,156,1400,94),(2808,1,0,2,1,86,156,1406,94),(2809,1,0,15.5,1,86,156,1424,94),(2810,1,0,19,1,86,156,1432,94),(2811,1,0,12.5,1,86,156,1442,94),(2812,1,0,11.5,1,86,156,1342,94),(2813,1,0,17.5,1,86,156,1354,94),(2814,1,0,8.5,1,86,156,1360,94),(2815,1,0,13,1,86,156,1390,94),(2816,1,0,7.5,1,86,156,1414,94),(2817,1,0,1,1,86,162,1449,91),(2818,1,0,0,1,86,162,1453,91),(2819,1,0,0,1,86,162,1455,91),(2820,1,0,1.5,1,86,162,1459,91),(2821,1,0,7.5,1,86,162,1463,91),(2822,1,0,0.5,1,86,162,1467,91),(2823,1,0,1.5,1,86,162,1469,91),(2824,1,0,0,1,86,162,1471,91),(2825,1,0,1.5,1,86,162,1475,91),(2826,1,0,0.5,1,86,162,1477,91),(2827,1,0,1.5,1,86,162,1479,91),(2828,1,0,2.5,1,86,162,1481,91),(2829,1,0,2,1,86,162,1483,91),(2830,1,0,5,1,86,162,1489,91),(2831,1,0,2.5,1,86,162,1493,91),(2832,1,0,0.5,1,86,162,1495,91),(2833,1,0,0,1,86,162,1499,91),(2834,1,0,4.5,1,86,162,1501,91),(2835,1,0,9,1,86,162,1503,91),(2836,1,0,5.5,1,86,162,1505,91),(2837,1,0,0,1,86,162,1511,91),(2838,1,0,7,1,86,162,1517,91),(2839,1,0,3,1,86,162,1535,91),(2840,1,0,5.5,1,86,162,1537,91),(2841,1,0,8.5,1,86,162,1541,91),(2842,1,0,3.5,1,86,162,1543,91),(2843,1,0,4,1,86,162,1545,91),(2844,1,0,4,1,86,162,1549,91),(2845,1,0,0.75,1,86,162,1386,91),(2846,1,0,8,1,86,162,1432,91),(2847,1,0,10,1,86,162,1449,93),(2848,1,0,10,1,86,162,1453,93),(2849,1,0,14,1,86,162,1455,93),(2850,1,0,14,1,86,162,1459,93),(2851,1,0,10,1,86,162,1463,93),(2852,1,0,10,1,86,162,1467,93),(2853,1,0,10,1,86,162,1469,93),(2854,1,0,16,1,86,162,1471,93),(2855,1,0,14,1,86,162,1475,93),(2856,1,0,10,1,86,162,1477,93),(2857,1,0,16.5,1,86,162,1479,93),(2858,1,0,10,1,86,162,1481,93),(2859,1,0,10,1,86,162,1483,93),(2860,1,0,10,1,86,162,1489,93),(2861,1,0,16,1,86,162,1493,93),(2862,1,0,10,1,86,162,1495,93),(2863,1,0,14,1,86,162,1499,93),(2864,1,0,10,1,86,162,1501,93),(2865,1,0,10,1,86,162,1503,93),(2866,1,0,16.5,1,86,162,1505,93),(2867,1,0,14,1,86,162,1511,93),(2868,1,0,16,1,86,162,1517,93),(2869,1,0,10,1,86,162,1535,93),(2870,1,0,10,1,86,162,1537,93),(2871,1,0,10,1,86,162,1541,93),(2872,1,0,10,1,86,162,1543,93),(2873,1,0,16,1,86,162,1545,93),(2874,1,0,10,1,86,162,1549,93),(2875,1,0,10,1,86,162,1386,93),(2876,1,0,10,1,86,162,1432,93),(2877,1,0,1,1,86,162,1453,94),(2878,1,0,1,1,86,162,1455,94),(2879,1,0,1,1,86,162,1459,94),(2880,1,0,1,1,86,162,1475,94),(2881,1,0,1,1,86,162,1477,94),(2882,1,0,2,1,86,162,1481,94),(2883,1,0,1,1,86,162,1493,94),(2884,1,0,1,1,86,162,1495,94),(2885,1,0,2,1,86,162,1501,94),(2886,1,0,3,1,86,162,1503,94),(2887,1,0,6,1,86,162,1505,94),(2888,1,0,1,1,86,162,1511,94),(2889,1,0,5,1,86,162,1517,94),(2890,1,0,2,1,86,162,1545,94),(2891,1,0,1,1,86,162,1386,94),(2892,1,0,3.5,1,86,162,1432,94),(2893,1,0,11.5,1,86,163,1449,91),(2894,1,0,14.5,1,86,163,1453,91),(2895,1,0,10,1,86,163,1455,91),(2896,1,0,9.5,1,86,163,1457,91),(2897,1,0,8,1,86,163,1459,91),(2898,1,0,14.5,1,86,163,1463,91),(2899,1,0,10,1,86,163,1465,91),(2900,1,0,6.5,1,86,163,1467,91),(2901,1,0,13,1,86,163,1469,91),(2902,1,0,9.5,1,86,163,1471,91),(2903,1,0,10.5,1,86,163,1473,91),(2904,1,0,7.5,1,86,163,1475,91),(2905,1,0,14,1,86,163,1477,91),(2906,1,0,8,1,86,163,1479,91),(2907,1,0,14.5,1,86,163,1481,91),(2908,1,0,14.5,1,86,163,1483,91),(2909,1,0,11,1,86,163,1485,91),(2910,1,0,12.5,1,86,163,1487,91),(2911,1,0,15,1,86,163,1489,91),(2912,1,0,12,1,86,163,1491,91),(2913,1,0,14,1,86,163,1493,91),(2914,1,0,9.5,1,86,163,1495,91),(2915,1,0,7,1,86,163,1497,91),(2916,1,0,9,1,86,163,1499,91),(2917,1,0,9,1,86,163,1501,91),(2918,1,0,5.5,1,86,163,1503,91),(2919,1,0,8,1,86,163,1505,91),(2920,1,0,9.5,1,86,163,1507,91),(2921,1,0,12.5,1,86,163,1509,91),(2922,1,0,9,1,86,163,1511,91),(2923,1,0,9.5,1,86,163,1513,91),(2924,1,0,8,1,86,163,1515,91),(2925,1,0,0,1,86,163,1517,91),(2926,1,0,8,1,86,163,1519,91),(2927,1,0,0,1,86,163,1521,91),(2928,1,0,16,1,86,163,1523,91),(2929,1,0,8.5,1,86,163,1525,91),(2930,1,0,5.5,1,86,163,1529,91),(2931,1,0,10,1,86,163,1531,91),(2932,1,0,13.5,1,86,163,1533,91),(2933,1,0,14,1,86,163,1535,91),(2934,1,0,10,1,86,163,1537,91),(2935,1,0,12.5,1,86,163,1539,91),(2936,1,0,14.5,1,86,163,1541,91),(2937,1,0,10,1,86,163,1543,91),(2938,1,0,1.5,1,86,163,1545,91),(2939,1,0,12,1,86,163,1547,91),(2940,1,0,8.5,1,86,163,1549,91),(2941,1,0,9.5,1,86,163,1551,91),(2942,1,0,11.5,1,86,163,1246,91),(2943,1,0,17.25,1,86,163,1449,93),(2944,1,0,17,1,86,163,1453,93),(2945,1,0,17,1,86,163,1455,93),(2946,1,0,17.5,1,86,163,1457,93),(2947,1,0,18,1,86,163,1459,93),(2948,1,0,17,1,86,163,1463,93),(2949,1,0,17,1,86,163,1465,93),(2950,1,0,17,1,86,163,1467,93),(2951,1,0,17,1,86,163,1469,93),(2952,1,0,17,1,86,163,1471,93),(2953,1,0,18.5,1,86,163,1473,93),(2954,1,0,18.5,1,86,163,1475,93),(2955,1,0,18.5,1,86,163,1477,93),(2956,1,0,18.5,1,86,163,1479,93),(2957,1,0,18.5,1,86,163,1481,93),(2958,1,0,19.25,1,86,163,1483,93),(2959,1,0,18.5,1,86,163,1485,93),(2960,1,0,18.5,1,86,163,1487,93),(2961,1,0,19,1,86,163,1489,93),(2962,1,0,19.5,1,86,163,1491,93),(2963,1,0,16.5,1,86,163,1493,93),(2964,1,0,16.5,1,86,163,1495,93),(2965,1,0,16.5,1,86,163,1497,93),(2966,1,0,16.5,1,86,163,1499,93),(2967,1,0,16.75,1,86,163,1501,93),(2968,1,0,16.5,1,86,163,1503,93),(2969,1,0,16.5,1,86,163,1505,93),(2970,1,0,19.5,1,86,163,1507,93),(2971,1,0,16.5,1,86,163,1509,93),(2972,1,0,16.75,1,86,163,1511,93),(2973,1,0,17.5,1,86,163,1513,93),(2974,1,0,17.5,1,86,163,1515,93),(2975,1,0,16.5,1,86,163,1517,93),(2976,1,0,17.5,1,86,163,1519,93),(2977,1,0,16.5,1,86,163,1521,93),(2978,1,0,18.25,1,86,163,1523,93),(2979,1,0,17.5,1,86,163,1525,93),(2980,1,0,17.5,1,86,163,1529,93),(2981,1,0,17.5,1,86,163,1531,93),(2982,1,0,17.5,1,86,163,1533,93),(2983,1,0,17.25,1,86,163,1535,93),(2984,1,0,17,1,86,163,1537,93),(2985,1,0,16.5,1,86,163,1539,93),(2986,1,0,17.25,1,86,163,1541,93),(2987,1,0,16.5,1,86,163,1543,93),(2988,1,0,16.5,1,86,163,1545,93),(2989,1,0,16.5,1,86,163,1547,93),(2990,1,0,17,1,86,163,1549,93),(2991,1,0,15.5,1,86,163,1551,93),(2992,1,0,16.5,1,86,163,1246,93),(2993,1,0,18,1,86,163,1449,94),(2994,1,0,14.5,1,86,163,1453,94),(2995,1,0,19.5,1,86,163,1455,94),(2996,1,0,17.5,1,86,163,1457,94),(2997,1,0,12.5,1,86,163,1459,94),(2998,1,0,16.5,1,86,163,1463,94),(2999,1,0,15,1,86,163,1465,94),(3000,1,0,11,1,86,163,1467,94),(3001,1,0,10.5,1,86,163,1469,94),(3002,1,0,4.5,1,86,163,1471,94),(3003,1,0,12,1,86,163,1473,94),(3004,1,0,7.75,1,86,163,1475,94),(3005,1,0,16,1,86,163,1477,94),(3006,1,0,7.5,1,86,163,1479,94),(3007,1,0,11,1,86,163,1481,94),(3008,1,0,17.5,1,86,163,1483,94),(3009,1,0,4.5,1,86,163,1485,94),(3010,1,0,10,1,86,163,1487,94),(3011,1,0,19.5,1,86,163,1489,94),(3012,1,0,15.5,1,86,163,1491,94),(3013,1,0,12.5,1,86,163,1493,94),(3014,1,0,8,1,86,163,1495,94),(3015,1,0,10.5,1,86,163,1497,94),(3016,1,0,18.5,1,86,163,1499,94),(3017,1,0,14.5,1,86,163,1501,94),(3018,1,0,1,1,86,163,1505,94),(3019,1,0,16.5,1,86,163,1507,94),(3020,1,0,18,1,86,163,1509,94),(3021,1,0,17,1,86,163,1511,94),(3022,1,0,12.5,1,86,163,1513,94),(3023,1,0,14,1,86,163,1515,94),(3024,1,0,16,1,86,163,1519,94),(3025,1,0,17,1,86,163,1523,94),(3026,1,0,7.5,1,86,163,1529,94),(3027,1,0,17,1,86,163,1531,94),(3028,1,0,17,1,86,163,1533,94),(3029,1,0,19.5,1,86,163,1535,94),(3030,1,0,13.5,1,86,163,1537,94),(3031,1,0,12,1,86,163,1539,94),(3032,1,0,13.5,1,86,163,1541,94),(3033,1,0,13,1,86,163,1543,94),(3034,1,0,14.5,1,86,163,1547,94),(3035,1,0,11,1,86,163,1549,94),(3036,1,0,15,1,86,163,1551,94),(3037,1,1,6.5,1,86,163,1475,94),(3038,1,1,12,1,86,163,1479,94),(3039,1,1,6,1,86,163,1503,94),(3040,1,1,5.5,1,86,163,1505,94),(3041,1,1,11,1,86,163,1525,94),(3042,1,1,12,1,86,163,1529,94),(3043,1,1,11,1,86,163,1246,94),(3044,1,0,6,1,86,158,1449,91),(3045,1,0,6,1,86,158,1453,91),(3046,1,0,6,1,86,158,1457,91),(3047,1,0,6,1,86,158,1459,91),(3048,1,0,9,1,86,158,1463,91),(3049,1,0,9,1,86,158,1465,91),(3050,1,0,6,1,86,158,1467,91),(3051,1,0,9,1,86,158,1469,91),(3052,1,0,6,1,86,158,1473,91),(3053,1,0,6,1,86,158,1475,91),(3054,1,0,6,1,86,158,1477,91),(3055,1,0,6,1,86,158,1479,91),(3056,1,0,9,1,86,158,1483,91),(3057,1,0,6,1,86,158,1487,91),(3058,1,0,6,1,86,158,1489,91),(3059,1,0,6,1,86,158,1491,91),(3060,1,0,3,1,86,158,1493,91),(3061,1,0,6,1,86,158,1495,91),(3062,1,0,9,1,86,158,1499,91),(3063,1,0,9,1,86,158,1501,91),(3064,1,0,2,1,86,158,1509,91),(3065,1,0,9,1,86,158,1511,91),(3066,1,0,3,1,86,158,1513,91),(3067,1,0,4,1,86,158,1515,91),(3068,1,0,4,1,86,158,1517,91),(3069,1,0,5,1,86,158,1519,91),(3070,1,0,3,1,86,158,1529,91),(3071,1,0,6,1,86,158,1531,91),(3072,1,0,9,1,86,158,1533,91),(3073,1,0,10,1,86,158,1535,91),(3074,1,0,7,1,86,158,1537,91),(3075,1,0,4,1,86,158,1539,91),(3076,1,0,9,1,86,158,1541,91),(3077,1,0,9,1,86,158,1543,91),(3078,1,0,7,1,86,158,1545,91),(3079,1,0,6,1,86,158,1547,91),(3080,1,0,10,1,86,158,1549,91),(3081,1,0,16,1,86,158,1449,93),(3082,1,0,16,1,86,158,1453,93),(3083,1,0,16,1,86,158,1457,93),(3084,1,0,16,1,86,158,1459,93),(3085,1,0,16,1,86,158,1463,93),(3086,1,0,17,1,86,158,1465,93),(3087,1,0,16,1,86,158,1467,93),(3088,1,0,15,1,86,158,1469,93),(3089,1,0,16,1,86,158,1471,93),(3090,1,0,18,1,86,158,1473,93),(3091,1,0,16,1,86,158,1475,93),(3092,1,0,16,1,86,158,1477,93),(3093,1,0,16,1,86,158,1479,93),(3094,1,0,8,1,86,158,1481,93),(3095,1,0,16,1,86,158,1483,93),(3096,1,0,16,1,86,158,1487,93),(3097,1,0,14,1,86,158,1489,93),(3098,1,0,18,1,86,158,1491,93),(3099,1,0,18,1,86,158,1493,93),(3100,1,0,16,1,86,158,1495,93),(3101,1,0,18,1,86,158,1497,93),(3102,1,0,12,1,86,158,1499,93),(3103,1,0,16,1,86,158,1501,93),(3104,1,0,16,1,86,158,1507,93),(3105,1,0,10,1,86,158,1509,93),(3106,1,0,10,1,86,158,1511,93),(3107,1,0,10,1,86,158,1513,93),(3108,1,0,14,1,86,158,1515,93),(3109,1,0,16,1,86,158,1517,93),(3110,1,0,16,1,86,158,1519,93),(3111,1,0,16,1,86,158,1525,93),(3112,1,0,15,1,86,158,1529,93),(3113,1,0,16,1,86,158,1531,93),(3114,1,0,16,1,86,158,1533,93),(3115,1,0,16,1,86,158,1535,93),(3116,1,0,16,1,86,158,1537,93),(3117,1,0,16,1,86,158,1539,93),(3118,1,0,14,1,86,158,1541,93),(3119,1,0,16,1,86,158,1543,93),(3120,1,0,16,1,86,158,1545,93),(3121,1,0,16,1,86,158,1547,93),(3122,1,0,16,1,86,158,1549,93),(3123,1,0,17,1,86,158,1551,93),(3124,1,0,11,1,86,158,1449,94),(3125,1,0,12,1,86,158,1453,94),(3126,1,0,12,1,86,158,1457,94),(3127,1,0,9,1,86,158,1459,94),(3128,1,0,14,1,86,158,1463,94),(3129,1,0,13,1,86,158,1465,94),(3130,1,0,8.5,1,86,158,1467,94),(3131,1,0,10,1,86,158,1469,94),(3132,1,0,10,1,86,158,1473,94),(3133,1,0,10.5,1,86,158,1475,94),(3134,1,0,9,1,86,158,1477,94),(3135,1,0,7,1,86,158,1479,94),(3136,1,0,11,1,86,158,1483,94),(3137,1,0,10.5,1,86,158,1487,94),(3138,1,0,10.5,1,86,158,1489,94),(3139,1,0,9,1,86,158,1491,94),(3140,1,0,10,1,86,158,1493,94),(3141,1,0,12,1,86,158,1495,94),(3142,1,0,7,1,86,158,1499,94),(3143,1,0,9.5,1,86,158,1501,94),(3144,1,0,7,1,86,158,1509,94),(3145,1,0,7,1,86,158,1511,94),(3146,1,0,8,1,86,158,1513,94),(3147,1,0,11,1,86,158,1515,94),(3148,1,0,7,1,86,158,1517,94),(3149,1,0,10,1,86,158,1519,94),(3150,1,0,10,1,86,158,1529,94),(3151,1,0,11,1,86,158,1531,94),(3152,1,0,12,1,86,158,1533,94),(3153,1,0,14,1,86,158,1535,94),(3154,1,0,9,1,86,158,1537,94),(3155,1,0,5,1,86,158,1539,94),(3156,1,0,13,1,86,158,1541,94),(3157,1,0,12,1,86,158,1543,94),(3158,1,0,6.5,1,86,158,1545,94),(3159,1,0,11,1,86,158,1547,94),(3160,1,0,7,1,86,158,1549,94),(3161,1,0,9,1,86,159,1449,91),(3162,1,0,15,1,86,159,1453,91),(3163,1,0,3.5,1,86,159,1455,91),(3164,1,0,12,1,86,159,1457,91),(3165,1,0,8.5,1,86,159,1459,91),(3166,1,0,15,1,86,159,1463,91),(3167,1,0,11,1,86,159,1465,91),(3168,1,0,12,1,86,159,1467,91),(3169,1,0,10,1,86,159,1469,91),(3170,1,0,4.5,1,86,159,1471,91),(3171,1,0,3.5,1,86,159,1473,91),(3172,1,0,9,1,86,159,1475,91),(3173,1,0,6,1,86,159,1477,91),(3174,1,0,9,1,86,159,1479,91),(3175,1,0,13,1,86,159,1481,91),(3176,1,0,14,1,86,159,1483,91),(3177,1,0,13,1,86,159,1485,91),(3178,1,0,6.5,1,86,159,1487,91),(3179,1,0,17,1,86,159,1489,91),(3180,1,0,3.5,1,86,159,1491,91),(3181,1,0,5,1,86,159,1493,91),(3182,1,0,7.5,1,86,159,1495,91),(3183,1,0,8,1,86,159,1497,91),(3184,1,0,6,1,86,159,1499,91),(3185,1,0,14,1,86,159,1501,91),(3186,1,0,8.5,1,86,159,1505,91),(3187,1,0,13.5,1,86,159,1507,91),(3188,1,0,12,1,86,159,1509,91),(3189,1,0,10.5,1,86,159,1511,91),(3190,1,0,9.5,1,86,159,1513,91),(3191,1,0,12.5,1,86,159,1515,91),(3192,1,0,7.5,1,86,159,1517,91),(3193,1,0,10.75,1,86,159,1519,91),(3194,1,0,16.5,1,86,159,1523,91),(3195,1,0,14.5,1,86,159,1531,91),(3196,1,0,9.5,1,86,159,1533,91),(3197,1,0,14,1,86,159,1535,91),(3198,1,0,13,1,86,159,1537,91),(3199,1,0,9,1,86,159,1539,91),(3200,1,0,15.5,1,86,159,1541,91),(3201,1,0,13.5,1,86,159,1543,91),(3202,1,0,14,1,86,159,1547,91),(3203,1,0,11,1,86,159,1549,91),(3204,1,0,15.5,1,86,159,1551,91),(3205,1,0,3,1,86,159,1356,91),(3206,1,0,9,1,86,159,1374,91),(3207,1,0,7,1,86,159,1386,91),(3208,1,0,9,1,86,159,1424,91),(3209,1,0,11,1,86,159,1442,91),(3210,1,0,9.5,1,86,159,1368,91),(3211,1,0,11.5,1,86,159,1449,93),(3212,1,0,11.5,1,86,159,1453,93),(3213,1,0,11.5,1,86,159,1457,93),(3214,1,0,11.5,1,86,159,1459,93),(3215,1,0,11.5,1,86,159,1463,93),(3216,1,0,11.5,1,86,159,1465,93),(3217,1,0,11.5,1,86,159,1467,93),(3218,1,0,11.5,1,86,159,1469,93),(3219,1,0,12.25,1,86,159,1471,93),(3220,1,0,12.25,1,86,159,1473,93),(3221,1,0,12.25,1,86,159,1475,93),(3222,1,0,12.25,1,86,159,1477,93),(3223,1,0,12.25,1,86,159,1479,93),(3224,1,0,12.25,1,86,159,1481,93),(3225,1,0,12.25,1,86,159,1483,93),(3226,1,0,12.25,1,86,159,1485,93),(3227,1,0,12.25,1,86,159,1487,93),(3228,1,0,13,1,86,159,1489,93),(3229,1,0,13,1,86,159,1491,93),(3230,1,0,13,1,86,159,1493,93),(3231,1,0,13,1,86,159,1495,93),(3232,1,0,13,1,86,159,1497,93),(3233,1,0,13,1,86,159,1499,93),(3234,1,0,13,1,86,159,1501,93),(3235,1,0,13,1,86,159,1505,93),(3236,1,0,13,1,86,159,1507,93),(3237,1,0,13,1,86,159,1509,93),(3238,1,0,12,1,86,159,1511,93),(3239,1,0,12,1,86,159,1513,93),(3240,1,0,12,1,86,159,1515,93),(3241,1,0,12,1,86,159,1517,93),(3242,1,0,12,1,86,159,1519,93),(3243,1,0,12,1,86,159,1523,93),(3244,1,0,12,1,86,159,1531,93),(3245,1,0,12,1,86,159,1533,93),(3246,1,0,12,1,86,159,1535,93),(3247,1,0,15,1,86,159,1537,93),(3248,1,0,15,1,86,159,1539,93),(3249,1,0,15,1,86,159,1541,93),(3250,1,0,15,1,86,159,1543,93),(3251,1,0,15,1,86,159,1547,93),(3252,1,0,15,1,86,159,1549,93),(3253,1,0,15,1,86,159,1551,93),(3254,1,0,11.5,1,86,159,1356,93),(3255,1,0,12.25,1,86,159,1374,93),(3256,1,0,15,1,86,159,1386,93),(3257,1,0,11.5,1,86,159,1424,93),(3258,1,0,15,1,86,159,1442,93),(3259,1,0,12.25,1,86,159,1368,93),(3260,1,0,9.5,1,86,159,1449,94),(3261,1,0,2,1,86,159,1453,94),(3262,1,0,6,1,86,159,1455,94),(3263,1,0,6,1,86,159,1457,94),(3264,1,0,11.5,1,86,159,1459,94),(3265,1,0,14.5,1,86,159,1463,94),(3266,1,0,8.5,1,86,159,1465,94),(3267,1,0,10.75,1,86,159,1467,94),(3268,1,0,7.5,1,86,159,1469,94),(3269,1,0,1,1,86,159,1471,94),(3270,1,0,9.5,1,86,159,1473,94),(3271,1,0,4.5,1,86,159,1475,94),(3272,1,0,5.5,1,86,159,1477,94),(3273,1,0,3,1,86,159,1479,94),(3274,1,0,5.5,1,86,159,1481,94),(3275,1,0,10.5,1,86,159,1483,94),(3276,1,0,10,1,86,159,1485,94),(3277,1,0,6.5,1,86,159,1487,94),(3278,1,0,10,1,86,159,1489,94),(3279,1,0,4,1,86,159,1491,94),(3280,1,0,8,1,86,159,1493,94),(3281,1,0,8,1,86,159,1495,94),(3282,1,0,4.5,1,86,159,1497,94),(3283,1,0,8.5,1,86,159,1499,94),(3284,1,0,8.5,1,86,159,1501,94),(3285,1,0,11.5,1,86,159,1507,94),(3286,1,0,12,1,86,159,1509,94),(3287,1,0,15.5,1,86,159,1511,94),(3288,1,0,2,1,86,159,1513,94),(3289,1,0,12.5,1,86,159,1515,94),(3290,1,0,7.5,1,86,159,1517,94),(3291,1,0,8,1,86,159,1519,94),(3292,1,0,13.5,1,86,159,1523,94),(3293,1,0,0,1,86,159,1525,94),(3294,1,0,11,1,86,159,1529,94),(3295,1,0,15,1,86,159,1531,94),(3296,1,0,13,1,86,159,1533,94),(3297,1,0,11.5,1,86,159,1535,94),(3298,1,0,13.5,1,86,159,1537,94),(3299,1,0,12,1,86,159,1539,94),(3300,1,0,10.5,1,86,159,1541,94),(3301,1,0,4.5,1,86,159,1543,94),(3302,1,0,1.5,1,86,159,1545,94),(3303,1,0,9,1,86,159,1547,94),(3304,1,0,6,1,86,159,1549,94),(3305,1,0,9.5,1,86,159,1551,94),(3306,1,0,5.5,1,86,159,1356,94),(3307,1,0,10.5,1,86,159,1374,94),(3308,1,0,5.5,1,86,159,1386,94),(3309,1,0,13,1,86,159,1424,94),(3310,1,0,14.5,1,86,159,1442,94),(3311,1,0,12.5,1,86,159,1368,94),(3312,1,0,4.75,1,86,171,1449,91),(3313,1,0,5.75,1,86,171,1453,91),(3314,1,0,2,1,86,171,1455,91),(3315,1,0,8,1,86,171,1457,91),(3316,1,0,3,1,86,171,1459,91),(3317,1,0,15.5,1,86,171,1463,91),(3318,1,0,8.5,1,86,171,1465,91),(3319,1,0,6,1,86,171,1467,91),(3320,1,0,9.5,1,86,171,1469,91),(3321,1,0,1,1,86,171,1471,91),(3322,1,0,3.75,1,86,171,1473,91),(3323,1,0,4,1,86,171,1475,91),(3324,1,0,6,1,86,171,1477,91),(3325,1,0,14.75,1,86,171,1479,91),(3326,1,0,12.25,1,86,171,1481,91),(3327,1,0,10,1,86,171,1483,91),(3328,1,0,4.75,1,86,171,1485,91),(3329,1,0,4,1,86,171,1487,91),(3330,1,0,9.5,1,86,171,1489,91),(3331,1,0,7,1,86,171,1491,91),(3332,1,0,1.75,1,86,171,1493,91),(3333,1,0,5.75,1,86,171,1495,91),(3334,1,0,3.75,1,86,171,1497,91),(3335,1,0,9,1,86,171,1499,91),(3336,1,0,3.5,1,86,171,1501,91),(3337,1,0,6.5,1,86,171,1503,91),(3338,1,0,7.75,1,86,171,1505,91),(3339,1,0,16.25,1,86,171,1507,91),(3340,1,0,8,1,86,171,1509,91),(3341,1,0,10,1,86,171,1511,91),(3342,1,0,5.5,1,86,171,1513,91),(3343,1,0,6.5,1,86,171,1515,91),(3344,1,0,6.5,1,86,171,1517,91),(3345,1,0,5,1,86,171,1519,91),(3346,1,0,7.5,1,86,171,1523,91),(3347,1,0,20,1,86,171,1531,91),(3348,1,0,9.5,1,86,171,1533,91),(3349,1,0,14.5,1,86,171,1535,91),(3350,1,0,11,1,86,171,1537,91),(3351,1,0,5.5,1,86,171,1539,91),(3352,1,0,10.5,1,86,171,1541,91),(3353,1,0,7,1,86,171,1543,91),(3354,1,0,5,1,86,171,1547,91),(3355,1,0,4,1,86,171,1549,91),(3356,1,0,4,1,86,171,1551,91),(3357,1,0,14.5,1,86,171,1346,91),(3358,1,0,8.5,1,86,171,1356,91),(3359,1,0,7,1,86,171,1358,91),(3360,1,0,9,1,86,171,1374,91),(3361,1,0,2.5,1,86,171,1386,91),(3362,1,0,7.5,1,86,171,1400,91),(3363,1,0,12,1,86,171,1406,91),(3364,1,0,6.5,1,86,171,1420,91),(3365,1,0,6.5,1,86,171,1424,91),(3366,1,0,9.5,1,86,171,1426,91),(3367,1,0,11,1,86,171,1442,91),(3368,1,0,10,1,86,171,1360,91),(3369,1,0,10,1,86,171,1362,91),(3370,1,0,6.75,1,86,171,1366,91),(3371,1,0,5,1,86,171,1208,91),(3372,1,0,9,1,86,171,1129,91),(3401,1,0,17,1,86,171,1449,93),(3402,1,0,15,1,86,171,1453,93),(3403,1,0,7,1,86,171,1455,93),(3404,1,0,8,1,86,171,1457,93),(3405,1,0,12.5,1,86,171,1459,93),(3406,1,0,14.5,1,86,171,1463,93),(3407,1,0,9,1,86,171,1465,93),(3408,1,0,7,1,86,171,1467,93),(3409,1,0,18.5,1,86,171,1469,93),(3410,1,0,4,1,86,171,1471,93),(3411,1,0,7,1,86,171,1473,93),(3412,1,0,8,1,86,171,1475,93),(3413,1,0,12.5,1,86,171,1477,93),(3414,1,0,18.5,1,86,171,1479,93),(3415,1,0,8,1,86,171,1481,93),(3416,1,0,14.5,1,86,171,1483,93),(3417,1,0,8,1,86,171,1485,93),(3418,1,0,18,1,86,171,1487,93),(3419,1,0,17,1,86,171,1489,93),(3420,1,0,8,1,86,171,1491,93),(3421,1,0,4,1,86,171,1493,93),(3422,1,0,8,1,86,171,1495,93),(3423,1,0,13,1,86,171,1497,93),(3424,1,0,12.5,1,86,171,1499,93),(3425,1,0,18,1,86,171,1501,93),(3426,1,0,7,1,86,171,1503,93),(3427,1,0,13,1,86,171,1505,93),(3428,1,0,18,1,86,171,1507,93),(3429,1,0,9,1,86,171,1509,93),(3430,1,0,12.5,1,86,171,1511,93),(3431,1,0,18,1,86,171,1513,93),(3432,1,0,8,1,86,171,1515,93),(3433,1,0,9,1,86,171,1517,93),(3434,1,0,13,1,86,171,1519,93),(3435,1,0,17,1,86,171,1523,93),(3436,1,0,18.5,1,86,171,1531,93),(3437,1,0,9,1,86,171,1533,93),(3438,1,0,14.5,1,86,171,1535,93),(3439,1,0,18.5,1,86,171,1537,93),(3440,1,0,8,1,86,171,1539,93),(3441,1,0,14.5,1,86,171,1541,93),(3442,1,0,17,1,86,171,1543,93),(3443,1,0,4,1,86,171,1547,93),(3444,1,0,4,1,86,171,1549,93),(3445,1,0,13,1,86,171,1551,93),(3446,1,0,14,1,86,171,1346,93),(3447,1,0,14,1,86,171,1356,93),(3448,1,0,14,1,86,171,1358,93),(3449,1,0,15,1,86,171,1374,93),(3450,1,0,15,1,86,171,1386,93),(3451,1,0,14,1,86,171,1400,93),(3452,1,0,15,1,86,171,1406,93),(3453,1,0,15,1,86,171,1420,93),(3454,1,0,15,1,86,171,1424,93),(3455,1,0,15,1,86,171,1426,93),(3456,1,0,15,1,86,171,1442,93),(3457,1,0,5.5,1,86,171,1360,93),(3458,1,0,5.5,1,86,171,1362,93),(3459,1,0,5.5,1,86,171,1366,93),(3460,1,0,5.5,1,86,171,1208,93),(3461,1,0,4.5,1,86,171,1449,94),(3462,1,0,5.75,1,86,171,1453,94),(3463,1,0,8.5,1,86,171,1455,94),(3464,1,0,11.75,1,86,171,1457,94),(3465,1,0,6.75,1,86,171,1459,94),(3466,1,0,14.25,1,86,171,1463,94),(3467,1,0,12.5,1,86,171,1465,94),(3468,1,0,7.25,1,86,171,1467,94),(3469,1,0,9,1,86,171,1469,94),(3470,1,0,6.25,1,86,171,1471,94),(3471,1,0,6.75,1,86,171,1473,94),(3472,1,0,6.5,1,86,171,1475,94),(3473,1,0,10.25,1,86,171,1477,94),(3474,1,0,9,1,86,171,1479,94),(3475,1,0,12.75,1,86,171,1481,94),(3476,1,0,14,1,86,171,1483,94),(3477,1,0,7.75,1,86,171,1487,94),(3478,1,0,16.25,1,86,171,1489,94),(3479,1,0,12.25,1,86,171,1491,94),(3480,1,0,3,1,86,171,1493,94),(3481,1,0,5.75,1,86,171,1495,94),(3482,1,0,7.5,1,86,171,1497,94),(3483,1,0,10.25,1,86,171,1499,94),(3484,1,0,9.25,1,86,171,1501,94),(3485,1,0,7.5,1,86,171,1503,94),(3486,1,0,8.5,1,86,171,1505,94),(3487,1,0,18.25,1,86,171,1507,94),(3488,1,0,12.5,1,86,171,1509,94),(3489,1,0,12.25,1,86,171,1511,94),(3490,1,0,7.75,1,86,171,1513,94),(3491,1,0,10.5,1,86,171,1515,94),(3492,1,0,5.75,1,86,171,1519,94),(3493,1,0,6,1,86,171,1523,94),(3494,1,0,19.25,1,86,171,1531,94),(3495,1,0,11,1,86,171,1533,94),(3496,1,0,14,1,86,171,1535,94),(3497,1,0,8.5,1,86,171,1537,94),(3498,1,0,14.5,1,86,171,1539,94),(3499,1,0,15.25,1,86,171,1541,94),(3500,1,0,10.25,1,86,171,1543,94),(3501,1,0,3,1,86,171,1545,94),(3502,1,0,5,1,86,171,1547,94),(3503,1,0,7.75,1,86,171,1549,94),(3504,1,0,15.75,1,86,171,1551,94),(3505,1,0,18.75,1,86,171,1346,94),(3506,1,0,8.25,1,86,171,1356,94),(3507,1,0,10,1,86,171,1358,94),(3508,1,0,12.5,1,86,171,1374,94),(3509,1,0,6,1,86,171,1386,94),(3510,1,0,12.75,1,86,171,1400,94),(3511,1,0,16.5,1,86,171,1406,94),(3512,1,0,8,1,86,171,1420,94),(3513,1,0,5.5,1,86,171,1424,94),(3514,1,0,11.5,1,86,171,1426,94),(3515,1,0,12,1,86,171,1442,94),(3516,1,0,13.25,1,86,171,1360,94),(3517,1,0,14,1,86,171,1362,94),(3518,1,0,6.75,1,86,171,1366,94),(3519,1,0,9.5,1,86,171,1208,94),(3520,1,0,8.75,1,86,171,1129,94),(3521,1,0,12,1,86,167,1449,91),(3522,1,0,13,1,86,167,1453,91),(3523,1,0,16.5,1,86,167,1455,91),(3524,1,0,16.5,1,86,167,1457,91),(3525,1,0,15,1,86,167,1459,91),(3526,1,0,14.75,1,86,167,1463,91),(3527,1,0,17.75,1,86,167,1465,91),(3528,1,0,11.75,1,86,167,1467,91),(3529,1,0,16,1,86,167,1469,91),(3530,1,0,8,1,86,167,1471,91),(3531,1,0,14.5,1,86,167,1473,91),(3532,1,0,15.5,1,86,167,1475,91),(3533,1,0,15.5,1,86,167,1477,91),(3534,1,0,16,1,86,167,1479,91),(3535,1,0,16.5,1,86,167,1481,91),(3536,1,0,16.5,1,86,167,1483,91),(3537,1,0,0,1,86,167,1485,91),(3538,1,0,16.25,1,86,167,1487,91),(3539,1,0,19.25,1,86,167,1489,91),(3540,1,0,14.5,1,86,167,1491,91),(3541,1,0,15.5,1,86,167,1493,91),(3542,1,0,10,1,86,167,1495,91),(3543,1,0,11.5,1,86,167,1497,91),(3544,1,0,14.25,1,86,167,1499,91),(3545,1,0,15.25,1,86,167,1501,91),(3546,1,0,12,1,86,167,1503,91),(3547,1,0,17.25,1,86,167,1505,91),(3548,1,0,16,1,86,167,1507,91),(3549,1,0,16.5,1,86,167,1509,91),(3550,1,0,15,1,86,167,1511,91),(3551,1,0,16.25,1,86,167,1513,91),(3552,1,0,16.75,1,86,167,1515,91),(3553,1,0,15.5,1,86,167,1517,91),(3554,1,0,14.75,1,86,167,1519,91),(3555,1,0,14.75,1,86,167,1523,91),(3556,1,0,11.75,1,86,167,1525,91),(3557,1,0,0,1,86,167,1529,91),(3558,1,0,17,1,86,167,1531,91),(3559,1,0,16.25,1,86,167,1533,91),(3560,1,0,14.5,1,86,167,1535,91),(3561,1,0,12.75,1,86,167,1537,91),(3562,1,0,16.25,1,86,167,1539,91),(3563,1,0,14,1,86,167,1541,91),(3564,1,0,16,1,86,167,1543,91),(3565,1,0,9.25,1,86,167,1545,91),(3566,1,0,10.75,1,86,167,1547,91),(3567,1,0,15.25,1,86,167,1549,91),(3568,1,0,16.25,1,86,167,1551,91),(3569,1,0,13,1,86,167,1449,93),(3570,1,0,13,1,86,167,1453,93),(3571,1,0,15,1,86,167,1455,93),(3572,1,0,15,1,86,167,1457,93),(3573,1,0,15,1,86,167,1459,93),(3574,1,0,13,1,86,167,1463,93),(3575,1,0,15,1,86,167,1465,93),(3576,1,0,15,1,86,167,1467,93),(3577,1,0,15,1,86,167,1469,93),(3578,1,0,15,1,86,167,1471,93),(3579,1,0,15,1,86,167,1473,93),(3580,1,0,15,1,86,167,1475,93),(3581,1,0,15,1,86,167,1477,93),(3582,1,0,13,1,86,167,1479,93),(3583,1,0,15,1,86,167,1481,93),(3584,1,0,13,1,86,167,1483,93),(3585,1,0,15,1,86,167,1485,93),(3586,1,0,15,1,86,167,1487,93),(3587,1,0,19,1,86,167,1489,93),(3588,1,0,15,1,86,167,1491,93),(3589,1,0,15,1,86,167,1493,93),(3590,1,0,13,1,86,167,1495,93),(3591,1,0,15,1,86,167,1497,93),(3592,1,0,15,1,86,167,1499,93),(3593,1,0,15,1,86,167,1501,93),(3594,1,0,15,1,86,167,1503,93),(3595,1,0,15,1,86,167,1505,93),(3596,1,0,15,1,86,167,1507,93),(3597,1,0,15,1,86,167,1509,93),(3598,1,0,15,1,86,167,1511,93),(3599,1,0,15,1,86,167,1513,93),(3600,1,0,15,1,86,167,1515,93),(3601,1,0,15,1,86,167,1517,93),(3602,1,0,15,1,86,167,1519,93),(3603,1,0,18,1,86,167,1523,93),(3604,1,0,15,1,86,167,1525,93),(3605,1,0,15,1,86,167,1529,93),(3606,1,0,19,1,86,167,1531,93),(3607,1,0,15,1,86,167,1533,93),(3608,1,0,13,1,86,167,1535,93),(3609,1,0,15,1,86,167,1537,93),(3610,1,0,15,1,86,167,1539,93),(3611,1,0,13,1,86,167,1541,93),(3612,1,0,13,1,86,167,1543,93),(3613,1,0,15,1,86,167,1545,93),(3614,1,0,15,1,86,167,1547,93),(3615,1,0,15,1,86,167,1549,93),(3616,1,0,15,1,86,167,1551,93),(3617,1,0,6.5,1,86,167,1449,94),(3618,1,0,6,1,86,167,1453,94),(3619,1,0,12,1,86,167,1455,94),(3620,1,0,10.5,1,86,167,1457,94),(3621,1,0,4.5,1,86,167,1459,94),(3622,1,0,16.5,1,86,167,1463,94),(3623,1,0,11,1,86,167,1467,94),(3624,1,0,10.75,1,86,167,1469,94),(3625,1,0,11.5,1,86,167,1473,94),(3626,1,0,1,1,86,167,1477,94),(3627,1,0,8.5,1,86,167,1479,94),(3628,1,0,11,1,86,167,1481,94),(3629,1,0,11.5,1,86,167,1483,94),(3630,1,0,10.5,1,86,167,1487,94),(3631,1,0,14,1,86,167,1489,94),(3632,1,0,8.5,1,86,167,1491,94),(3633,1,0,4,1,86,167,1493,94),(3634,1,0,7.5,1,86,167,1495,94),(3635,1,0,14.5,1,86,167,1499,94),(3636,1,0,2,1,86,167,1501,94),(3637,1,0,8.5,1,86,167,1503,94),(3638,1,0,12,1,86,167,1507,94),(3639,1,0,17.5,1,86,167,1511,94),(3640,1,0,12,1,86,167,1513,94),(3641,1,0,9.5,1,86,167,1515,94),(3642,1,0,8,1,86,167,1517,94),(3643,1,0,11.5,1,86,167,1519,94),(3644,1,0,12,1,86,167,1523,94),(3645,1,0,12.5,1,86,167,1531,94),(3646,1,0,19,1,86,167,1533,94),(3647,1,0,13.5,1,86,167,1535,94),(3648,1,0,11,1,86,167,1537,94),(3649,1,0,12.5,1,86,167,1539,94),(3650,1,0,12,1,86,167,1541,94),(3651,1,0,2.5,1,86,167,1547,94),(3652,1,0,9,1,86,167,1549,94),(3653,1,0,10,1,86,167,1551,94),(3654,1,0,0,1,86,172,1449,91),(3655,1,0,12.5,1,86,172,1453,91),(3656,1,0,6.75,1,86,172,1455,91),(3657,1,0,13.5,1,86,172,1457,91),(3658,1,0,7,1,86,172,1459,91),(3659,1,0,12.75,1,86,172,1463,91),(3660,1,0,9.75,1,86,172,1465,91),(3661,1,0,6.75,1,86,172,1467,91),(3662,1,0,12.75,1,86,172,1469,91),(3663,1,0,5,1,86,172,1471,91),(3664,1,0,10.25,1,86,172,1473,91),(3665,1,0,9.75,1,86,172,1475,91),(3666,1,0,7.25,1,86,172,1477,91),(3667,1,0,8,1,86,172,1479,91),(3668,1,0,14.25,1,86,172,1481,91),(3669,1,0,15,1,86,172,1483,91),(3670,1,0,13,1,86,172,1485,91),(3671,1,0,6.5,1,86,172,1487,91),(3672,1,0,16.25,1,86,172,1489,91),(3673,1,0,9,1,86,172,1491,91),(3674,1,0,4.25,1,86,172,1493,91),(3675,1,0,12,1,86,172,1495,91),(3676,1,0,6.25,1,86,172,1497,91),(3677,1,0,16.25,1,86,172,1499,91),(3678,1,0,10.5,1,86,172,1501,91),(3679,1,0,8.75,1,86,172,1505,91),(3680,1,0,10.75,1,86,172,1507,91),(3681,1,0,13,1,86,172,1509,91),(3682,1,0,15.75,1,86,172,1511,91),(3683,1,0,10.5,1,86,172,1513,91),(3684,1,0,11.25,1,86,172,1515,91),(3685,1,0,14.25,1,86,172,1517,91),(3686,1,0,12,1,86,172,1519,91),(3687,1,0,15.75,1,86,172,1523,91),(3688,1,0,7.75,1,86,172,1525,91),(3689,1,0,12.25,1,86,172,1529,91),(3690,1,0,19.5,1,86,172,1531,91),(3691,1,0,16.25,1,86,172,1533,91),(3692,1,0,12.5,1,86,172,1535,91),(3693,1,0,14.5,1,86,172,1537,91),(3694,1,0,12.75,1,86,172,1539,91),(3695,1,0,13.25,1,86,172,1541,91),(3696,1,0,8.75,1,86,172,1543,91),(3697,1,0,5.25,1,86,172,1545,91),(3698,1,0,7.25,1,86,172,1547,91),(3699,1,0,7.5,1,86,172,1549,91),(3700,1,0,10.25,1,86,172,1551,91),(3701,1,0,13.25,1,86,172,1406,91),(3702,1,0,5.5,1,86,172,1449,93),(3703,1,0,5.25,1,86,172,1453,93),(3704,1,0,12.5,1,86,172,1455,93),(3705,1,0,4.75,1,86,172,1457,93),(3706,1,0,14.5,1,86,172,1459,93),(3707,1,0,16.75,1,86,172,1463,93),(3708,1,0,17.25,1,86,172,1465,93),(3709,1,0,7,1,86,172,1467,93),(3710,1,0,13,1,86,172,1469,93),(3711,1,0,7.25,1,86,172,1471,93),(3712,1,0,5.75,1,86,172,1473,93),(3713,1,0,10.5,1,86,172,1475,93),(3714,1,0,12.5,1,86,172,1477,93),(3715,1,0,12,1,86,172,1479,93),(3716,1,0,15.5,1,86,172,1481,93),(3717,1,0,16.75,1,86,172,1483,93),(3718,1,0,5.75,1,86,172,1485,93),(3719,1,0,10.5,1,86,172,1487,93),(3720,1,0,8,1,86,172,1489,93),(3721,1,0,13,1,86,172,1491,93),(3722,1,0,12.75,1,86,172,1493,93),(3723,1,0,7.25,1,86,172,1495,93),(3724,1,0,8.5,1,86,172,1497,93),(3725,1,0,13.5,1,86,172,1499,93),(3726,1,0,10.5,1,86,172,1501,93),(3727,1,0,9.5,1,86,172,1503,93),(3728,1,0,13.25,1,86,172,1505,93),(3729,1,0,12.5,1,86,172,1507,93),(3730,1,0,15.25,1,86,172,1509,93),(3731,1,0,15.5,1,86,172,1511,93),(3732,1,0,12,1,86,172,1513,93),(3733,1,0,13.25,1,86,172,1515,93),(3734,1,0,11,1,86,172,1517,93),(3735,1,0,13.25,1,86,172,1519,93),(3736,1,0,12.5,1,86,172,1523,93),(3737,1,0,12.75,1,86,172,1525,93),(3738,1,0,8,1,86,172,1529,93),(3739,1,0,19.25,1,86,172,1531,93),(3740,1,0,14.25,1,86,172,1533,93),(3741,1,0,12.75,1,86,172,1535,93),(3742,1,0,16.75,1,86,172,1537,93),(3743,1,0,12.5,1,86,172,1539,93),(3744,1,0,14.75,1,86,172,1541,93),(3745,1,0,12.75,1,86,172,1543,93),(3746,1,0,6.75,1,86,172,1545,93),(3747,1,0,7,1,86,172,1547,93),(3748,1,0,9,1,86,172,1549,93),(3749,1,0,12,1,86,172,1551,93),(3750,1,0,8,1,86,172,1406,93),(3751,1,0,15.5,1,86,172,1449,92),(3752,1,0,14,1,86,172,1453,92),(3753,1,0,13,1,86,172,1455,92),(3754,1,0,18,1,86,172,1457,92),(3755,1,0,13.25,1,86,172,1459,92),(3756,1,0,17.5,1,86,172,1463,92),(3757,1,0,14.5,1,86,172,1465,92),(3758,1,0,14.5,1,86,172,1467,92),(3759,1,0,14,1,86,172,1469,92),(3760,1,0,13.75,1,86,172,1471,92),(3761,1,0,15,1,86,172,1473,92),(3762,1,0,15.75,1,86,172,1475,92),(3763,1,0,15,1,86,172,1477,92),(3764,1,0,14,1,86,172,1479,92),(3765,1,0,14,1,86,172,1481,92),(3766,1,0,18,1,86,172,1483,92),(3767,1,0,14,1,86,172,1485,92),(3768,1,0,13,1,86,172,1487,92),(3769,1,0,15.5,1,86,172,1489,92),(3770,1,0,14,1,86,172,1491,92),(3771,1,0,12.75,1,86,172,1493,92),(3772,1,0,15.75,1,86,172,1495,92),(3773,1,0,13.75,1,86,172,1497,92),(3774,1,0,13,1,86,172,1499,92),(3775,1,0,13.25,1,86,172,1501,92),(3776,1,0,13.75,1,86,172,1503,92),(3777,1,0,15,1,86,172,1505,92),(3778,1,0,16.75,1,86,172,1507,92),(3779,1,0,13.75,1,86,172,1509,92),(3780,1,0,15.75,1,86,172,1511,92),(3781,1,0,16.75,1,86,172,1513,92),(3782,1,0,15.5,1,86,172,1515,92),(3783,1,0,13.75,1,86,172,1517,92),(3784,1,0,14.5,1,86,172,1519,92),(3785,1,0,15,1,86,172,1523,92),(3786,1,0,0,1,86,172,1525,92),(3787,1,0,0,1,86,172,1529,92),(3788,1,0,16.75,1,86,172,1531,92),(3789,1,0,15,1,86,172,1533,92),(3790,1,0,17.5,1,86,172,1535,92),(3791,1,0,13.25,1,86,172,1537,92),(3792,1,0,18,1,86,172,1539,92),(3793,1,0,17.5,1,86,172,1541,92),(3794,1,0,15.5,1,86,172,1543,92),(3795,1,0,0,1,86,172,1545,92),(3796,1,0,13.75,1,86,172,1547,92),(3797,1,0,15.5,1,86,172,1549,92),(3798,1,0,15,1,86,172,1551,92),(3799,1,0,15.5,1,86,172,1406,92),(3800,1,0,11,1,86,172,1449,94),(3801,1,0,14.25,1,86,172,1453,94),(3802,1,0,5.75,1,86,172,1455,94),(3803,1,0,12.5,1,86,172,1457,94),(3804,1,0,7.5,1,86,172,1459,94),(3805,1,0,11.5,1,86,172,1463,94),(3806,1,0,6.5,1,86,172,1465,94),(3807,1,0,9.25,1,86,172,1467,94),(3808,1,0,7.5,1,86,172,1469,94),(3809,1,0,8,1,86,172,1471,94),(3810,1,0,14.75,1,86,172,1473,94),(3811,1,0,9,1,86,172,1475,94),(3812,1,0,8.75,1,86,172,1477,94),(3813,1,0,5.5,1,86,172,1479,94),(3814,1,0,12.25,1,86,172,1481,94),(3815,1,0,12.75,1,86,172,1483,94),(3816,1,0,11.5,1,86,172,1485,94),(3817,1,0,13.5,1,86,172,1487,94),(3818,1,0,16.75,1,86,172,1489,94),(3819,1,0,8.75,1,86,172,1491,94),(3820,1,0,6.25,1,86,172,1493,94),(3821,1,0,6.75,1,86,172,1495,94),(3822,1,0,6.75,1,86,172,1497,94),(3823,1,0,6.25,1,86,172,1499,94),(3824,1,0,9.5,1,86,172,1501,94),(3825,1,0,4.75,1,86,172,1503,94),(3826,1,0,9,1,86,172,1505,94),(3827,1,0,7.75,1,86,172,1507,94),(3828,1,0,10.75,1,86,172,1509,94),(3829,1,0,15.5,1,86,172,1511,94),(3830,1,0,6.5,1,86,172,1513,94),(3831,1,0,11.5,1,86,172,1515,94),(3832,1,0,11.25,1,86,172,1517,94),(3833,1,0,15,1,86,172,1519,94),(3834,1,0,13.75,1,86,172,1523,94),(3835,1,0,9.75,1,86,172,1525,94),(3836,1,0,14.25,1,86,172,1531,94),(3837,1,0,15,1,86,172,1533,94),(3838,1,0,11,1,86,172,1535,94),(3839,1,0,12.75,1,86,172,1537,94),(3840,1,0,13.75,1,86,172,1539,94),(3841,1,0,12.5,1,86,172,1541,94),(3842,1,0,9.75,1,86,172,1543,94),(3843,1,0,10.75,1,86,172,1545,94),(3844,1,0,8.75,1,86,172,1547,94),(3845,1,0,10,1,86,172,1549,94),(3846,1,0,8.75,1,86,172,1551,94),(3847,1,0,9.25,1,86,172,1406,94),(3848,1,0,13.25,1,86,169,1449,91),(3849,1,0,11.25,1,86,169,1453,91),(3850,1,0,7.75,1,86,169,1455,91),(3851,1,0,14.25,1,86,169,1457,91),(3852,1,0,14.5,1,86,169,1459,91),(3853,1,0,13.5,1,86,169,1463,91),(3854,1,0,15.25,1,86,169,1465,91),(3855,1,0,11.75,1,86,169,1467,91),(3856,1,0,14.75,1,86,169,1469,91),(3857,1,0,8.5,1,86,169,1471,91),(3858,1,0,12.75,1,86,169,1473,91),(3859,1,0,15.75,1,86,169,1475,91),(3860,1,0,9,1,86,169,1477,91),(3861,1,0,12.25,1,86,169,1479,91),(3862,1,0,15.75,1,86,169,1481,91),(3863,1,0,16.5,1,86,169,1483,91),(3864,1,0,6.25,1,86,169,1485,91),(3865,1,0,9,1,86,169,1487,91),(3866,1,0,16.25,1,86,169,1489,91),(3867,1,0,15.5,1,86,169,1491,91),(3868,1,0,13.75,1,86,169,1493,91),(3869,1,0,8.25,1,86,169,1495,91),(3870,1,0,9.5,1,86,169,1497,91),(3871,1,0,17,1,86,169,1499,91),(3872,1,0,6.75,1,86,169,1501,91),(3873,1,0,9.75,1,86,169,1503,91),(3874,1,0,10,1,86,169,1505,91),(3875,1,0,8.25,1,86,169,1507,91),(3876,1,0,17,1,86,169,1509,91),(3877,1,0,15.5,1,86,169,1511,91),(3878,1,0,7,1,86,169,1513,91),(3879,1,0,16,1,86,169,1515,91),(3880,1,0,18,1,86,169,1517,91),(3881,1,0,13,1,86,169,1519,91),(3882,1,0,15.25,1,86,169,1523,91),(3883,1,0,8.25,1,86,169,1525,91),(3884,1,0,9.5,1,86,169,1529,91),(3885,1,0,16,1,86,169,1531,91),(3886,1,0,16.25,1,86,169,1533,91),(3887,1,0,15.5,1,86,169,1535,91),(3888,1,0,15,1,86,169,1537,91),(3889,1,0,15,1,86,169,1539,91),(3890,1,0,15.25,1,86,169,1541,91),(3891,1,0,12.75,1,86,169,1543,91),(3892,1,0,0,1,86,169,1545,91),(3893,1,0,13.5,1,86,169,1547,91),(3894,1,0,15,1,86,169,1549,91),(3895,1,0,8,1,86,169,1551,91),(3896,1,0,11.25,1,86,169,1374,91),(3897,1,0,19.5,1,86,169,1406,91),(3898,1,0,14.75,1,86,169,1424,91),(3899,1,0,11.5,1,86,169,1157,91),(3900,1,0,14.75,1,86,169,1201,91),(3901,1,0,13,1,86,169,1449,93),(3902,1,0,13,1,86,169,1453,93),(3903,1,0,10,1,86,169,1455,93),(3904,1,0,9.25,1,86,169,1457,93),(3905,1,0,13,1,86,169,1459,93),(3906,1,0,14,1,86,169,1463,93),(3907,1,0,9.25,1,86,169,1465,93),(3908,1,0,13,1,86,169,1467,93),(3909,1,0,17.25,1,86,169,1469,93),(3910,1,0,17.25,1,86,169,1471,93),(3911,1,0,14,1,86,169,1473,93),(3912,1,0,14.25,1,86,169,1475,93),(3913,1,0,9.25,1,86,169,1477,93),(3914,1,0,17.25,1,86,169,1479,93),(3915,1,0,14,1,86,169,1481,93),(3916,1,0,14,1,86,169,1483,93),(3917,1,0,6.25,1,86,169,1485,93),(3918,1,0,17.25,1,86,169,1487,93),(3919,1,0,13,1,86,169,1489,93),(3920,1,0,14,1,86,169,1491,93),(3921,1,0,17.25,1,86,169,1493,93),(3922,1,0,10,1,86,169,1495,93),(3923,1,0,11,1,86,169,1497,93),(3924,1,0,13,1,86,169,1499,93),(3925,1,0,14,1,86,169,1501,93),(3926,1,0,14,1,86,169,1503,93),(3927,1,0,10,1,86,169,1505,93),(3928,1,0,11,1,86,169,1507,93),(3929,1,0,9.25,1,86,169,1509,93),(3930,1,0,13,1,86,169,1511,93),(3931,1,0,14,1,86,169,1513,93),(3932,1,0,9.25,1,86,169,1515,93),(3933,1,0,9.25,1,86,169,1517,93),(3934,1,0,14,1,86,169,1519,93),(3935,1,0,13,1,86,169,1523,93),(3936,1,0,11,1,86,169,1525,93),(3937,1,0,0,1,86,169,1529,93),(3938,1,0,17.25,1,86,169,1531,93),(3939,1,0,9.25,1,86,169,1533,93),(3940,1,0,14,1,86,169,1535,93),(3941,1,0,14,1,86,169,1537,93),(3942,1,0,9.25,1,86,169,1539,93),(3943,1,0,14,1,86,169,1541,93),(3944,1,0,14,1,86,169,1543,93),(3945,1,0,17.25,1,86,169,1545,93),(3946,1,0,14,1,86,169,1547,93),(3947,1,0,17.25,1,86,169,1549,93),(3948,1,0,9.25,1,86,169,1551,93),(3949,1,0,13,1,86,169,1374,93),(3950,1,0,17.25,1,86,169,1406,93),(3951,1,0,10,1,86,169,1424,93),(3952,1,0,14.25,1,86,169,1157,93),(3953,1,0,10,1,86,169,1201,93),(3954,1,0,14.5,1,86,169,1449,92),(3955,1,0,13.5,1,86,169,1457,92),(3956,1,0,9.5,1,86,169,1459,92),(3957,1,0,16,1,86,169,1463,92),(3958,1,0,11.5,1,86,169,1465,92),(3959,1,0,14,1,86,169,1467,92),(3960,1,0,13.5,1,86,169,1469,92),(3961,1,0,14.5,1,86,169,1471,92),(3962,1,0,16,1,86,169,1473,92),(3963,1,0,9.5,1,86,169,1475,92),(3964,1,0,14,1,86,169,1481,92),(3965,1,0,15,1,86,169,1483,92),(3966,1,0,15,1,86,169,1485,92),(3967,1,0,16.5,1,86,169,1487,92),(3968,1,0,14.5,1,86,169,1489,92),(3969,1,0,11.5,1,86,169,1491,92),(3970,1,0,15.5,1,86,169,1493,92),(3971,1,0,16,1,86,169,1499,92),(3972,1,0,16,1,86,169,1501,92),(3973,1,0,11.5,1,86,169,1503,92),(3974,1,0,14,1,86,169,1509,92),(3975,1,0,11.5,1,86,169,1511,92),(3976,1,0,9.5,1,86,169,1513,92),(3977,1,0,10.75,1,86,169,1517,92),(3978,1,0,15,1,86,169,1519,92),(3979,1,0,17.5,1,86,169,1525,92),(3980,1,0,13.5,1,86,169,1531,92),(3981,1,0,16,1,86,169,1533,92),(3982,1,0,17.5,1,86,169,1535,92),(3983,1,0,16,1,86,169,1537,92),(3984,1,0,11.5,1,86,169,1539,92),(3985,1,0,11.5,1,86,169,1541,92),(3986,1,0,11.5,1,86,169,1543,92),(3987,1,0,10.75,1,86,169,1547,92),(3988,1,0,11.5,1,86,169,1549,92),(3989,1,0,17.5,1,86,169,1551,92),(3990,1,0,15.5,1,86,169,1374,92),(3991,1,0,11.5,1,86,169,1406,92),(3992,1,0,16.5,1,86,169,1157,92),(3993,1,0,16.5,1,86,169,1201,92),(3994,1,0,5,1,86,169,1449,94),(3995,1,0,7,1,86,169,1453,94),(3996,1,0,5.5,1,86,169,1455,94),(3997,1,0,7.5,1,86,169,1457,94),(3998,1,0,6.25,1,86,169,1459,94),(3999,1,0,8,1,86,169,1463,94),(4000,1,0,10,1,86,169,1465,94),(4001,1,0,10.5,1,86,169,1467,94),(4002,1,0,9,1,86,169,1469,94),(4003,1,0,4.5,1,86,169,1471,94),(4004,1,0,9,1,86,169,1473,94),(4005,1,0,6.25,1,86,169,1475,94),(4006,1,0,6,1,86,169,1477,94),(4007,1,0,5,1,86,169,1479,94),(4008,1,0,7,1,86,169,1481,94),(4009,1,0,5.5,1,86,169,1483,94),(4010,1,0,5,1,86,169,1485,94),(4011,1,0,5.5,1,86,169,1487,94),(4012,1,0,7.5,1,86,169,1489,94),(4013,1,0,7.25,1,86,169,1491,94),(4014,1,0,5,1,86,169,1493,94),(4015,1,0,5.75,1,86,169,1495,94),(4016,1,0,6.5,1,86,169,1497,94),(4017,1,0,10,1,86,169,1499,94),(4018,1,0,4.5,1,86,169,1501,94),(4019,1,0,8,1,86,169,1503,94),(4020,1,0,11,1,86,169,1505,94),(4021,1,0,7.75,1,86,169,1507,94),(4022,1,0,6.5,1,86,169,1509,94),(4023,1,0,9.5,1,86,169,1511,94),(4024,1,0,10,1,86,169,1513,94),(4025,1,0,6,1,86,169,1515,94),(4026,1,0,14,1,86,169,1517,94),(4027,1,0,6,1,86,169,1519,94),(4028,1,0,8.5,1,86,169,1523,94),(4029,1,0,5,1,86,169,1529,94),(4030,1,0,13.5,1,86,169,1531,94),(4031,1,0,6.25,1,86,169,1533,94),(4032,1,0,11,1,86,169,1535,94),(4033,1,0,7.25,1,86,169,1537,94),(4034,1,0,12.75,1,86,169,1539,94),(4035,1,0,7.5,1,86,169,1541,94),(4036,1,0,8,1,86,169,1543,94),(4037,1,0,7.5,1,86,169,1547,94),(4038,1,0,6.5,1,86,169,1549,94),(4039,1,0,9.5,1,86,169,1551,94),(4040,1,0,5.75,1,86,169,1374,94),(4041,1,0,6,1,86,169,1406,94),(4042,1,0,5,1,86,169,1424,94),(4043,1,0,4.5,1,86,169,1157,94),(4044,1,0,7,1,86,169,1201,94),(4045,1,0,10.5,1,86,170,1449,91),(4046,1,0,7.5,1,86,170,1453,91),(4047,1,0,11,1,86,170,1455,91),(4048,1,0,11,1,86,170,1457,91),(4049,1,0,11.25,1,86,170,1459,91),(4050,1,0,11,1,86,170,1463,91),(4051,1,0,6.75,1,86,170,1465,91),(4052,1,0,9,1,86,170,1467,91),(4053,1,0,11.75,1,86,170,1469,91),(4054,1,0,8,1,86,170,1471,91),(4055,1,0,8,1,86,170,1473,91),(4056,1,0,8.5,1,86,170,1475,91),(4057,1,0,6.5,1,86,170,1477,91),(4058,1,0,10.25,1,86,170,1479,91),(4059,1,0,7,1,86,170,1481,91),(4060,1,0,14.25,1,86,170,1483,91),(4061,1,0,5.5,1,86,170,1485,91),(4062,1,0,9.5,1,86,170,1487,91),(4063,1,0,10.25,1,86,170,1489,91),(4064,1,0,7.75,1,86,170,1491,91),(4065,1,0,6.5,1,86,170,1493,91),(4066,1,0,4.75,1,86,170,1495,91),(4067,1,0,6.5,1,86,170,1497,91),(4068,1,0,10,1,86,170,1499,91),(4069,1,0,11.25,1,86,170,1501,91),(4070,1,0,7.5,1,86,170,1505,91),(4071,1,0,13.25,1,86,170,1507,91),(4072,1,0,8.5,1,86,170,1509,91),(4073,1,0,15.25,1,86,170,1511,91),(4074,1,0,6.5,1,86,170,1513,91),(4075,1,0,13.5,1,86,170,1515,91),(4076,1,0,8.75,1,86,170,1517,91),(4077,1,0,11.25,1,86,170,1519,91),(4078,1,0,8,1,86,170,1523,91),(4079,1,0,8.25,1,86,170,1525,91),(4080,1,0,12,1,86,170,1531,91),(4081,1,0,13.75,1,86,170,1533,91),(4082,1,0,15,1,86,170,1535,91),(4083,1,0,9.25,1,86,170,1537,91),(4084,1,0,12,1,86,170,1539,91),(4085,1,0,12.5,1,86,170,1541,91),(4086,1,0,8.5,1,86,170,1543,91),(4087,1,0,6,1,86,170,1545,91),(4088,1,0,10,1,86,170,1547,91),(4089,1,0,8.5,1,86,170,1549,91),(4090,1,0,13.75,1,86,170,1551,91),(4091,1,0,11.25,1,86,170,1356,91),(4092,1,0,6.5,1,86,170,1374,91),(4093,1,0,7.5,1,86,170,1386,91),(4094,1,0,11.25,1,86,170,1406,91),(4095,1,0,10.25,1,86,170,1420,91),(4096,1,0,11,1,86,170,1424,91),(4097,1,0,12.25,1,86,170,1426,91),(4098,1,0,12,1,86,170,1442,91),(4099,1,0,9,1,86,170,1360,91),(4100,1,0,12.25,1,86,170,1362,91),(4101,1,0,13.25,1,86,170,1366,91),(4102,1,0,12.25,1,86,170,1206,91),(4103,1,0,13.25,1,86,170,1129,91),(4104,1,0,10.5,1,86,170,1449,93),(4105,1,0,13,1,86,170,1453,93),(4106,1,0,16.5,1,86,170,1455,93),(4107,1,0,16.5,1,86,170,1457,93),(4108,1,0,15,1,86,170,1459,93),(4109,1,0,15,1,86,170,1463,93),(4110,1,0,13.5,1,86,170,1465,93),(4111,1,0,10.5,1,86,170,1467,93),(4112,1,0,15,1,86,170,1469,93),(4113,1,0,10.5,1,86,170,1471,93),(4114,1,0,15,1,86,170,1473,93),(4115,1,0,14,1,86,170,1475,93),(4116,1,0,15,1,86,170,1477,93),(4117,1,0,15,1,86,170,1479,93),(4118,1,0,14,1,86,170,1481,93),(4119,1,0,15,1,86,170,1483,93),(4120,1,0,16.5,1,86,170,1485,93),(4121,1,0,14,1,86,170,1487,93),(4122,1,0,16.5,1,86,170,1489,93),(4123,1,0,14,1,86,170,1491,93),(4124,1,0,16.5,1,86,170,1493,93),(4125,1,0,13,1,86,170,1495,93),(4126,1,0,15,1,86,170,1497,93),(4127,1,0,15,1,86,170,1499,93),(4128,1,0,16,1,86,170,1501,93),(4129,1,0,13,1,86,170,1505,93),(4130,1,0,16.5,1,86,170,1507,93),(4131,1,0,13,1,86,170,1509,93),(4132,1,0,15,1,86,170,1511,93),(4133,1,0,15,1,86,170,1513,93),(4134,1,0,15,1,86,170,1515,93),(4135,1,0,13.5,1,86,170,1517,93),(4136,1,0,13,1,86,170,1519,93),(4137,1,0,13,1,86,170,1523,93),(4138,1,0,16.5,1,86,170,1525,93),(4139,1,0,14,1,86,170,1529,93),(4140,1,0,13,1,86,170,1531,93),(4141,1,0,13.5,1,86,170,1533,93),(4142,1,0,15,1,86,170,1535,93),(4143,1,0,16,1,86,170,1537,93),(4144,1,0,16,1,86,170,1539,93),(4145,1,0,15,1,86,170,1541,93),(4146,1,0,16,1,86,170,1543,93),(4147,1,0,16.5,1,86,170,1545,93),(4148,1,0,16.5,1,86,170,1547,93),(4149,1,0,10.5,1,86,170,1549,93),(4150,1,0,15,1,86,170,1551,93),(4151,1,0,15.5,1,86,170,1356,93),(4152,1,0,15.5,1,86,170,1374,93),(4153,1,0,15.5,1,86,170,1386,93),(4154,1,0,17,1,86,170,1406,93),(4155,1,0,17,1,86,170,1420,93),(4156,1,0,15.5,1,86,170,1424,93),(4157,1,0,17,1,86,170,1426,93),(4158,1,0,17,1,86,170,1442,93),(4159,1,0,13.5,1,86,170,1360,93),(4160,1,0,13.5,1,86,170,1362,93),(4161,1,0,13.5,1,86,170,1366,93),(4162,1,0,13,1,86,170,1206,93),(4163,1,0,13.5,1,86,170,1129,93),(4164,1,0,4.5,1,86,170,1453,94),(4165,1,0,6,1,86,170,1455,94),(4166,1,0,6.5,1,86,170,1457,94),(4167,1,0,4.5,1,86,170,1459,94),(4168,1,0,6,1,86,170,1463,94),(4169,1,0,6,1,86,170,1465,94),(4170,1,0,6.5,1,86,170,1467,94),(4171,1,0,7,1,86,170,1469,94),(4172,1,0,6.5,1,86,170,1471,94),(4173,1,0,4.5,1,86,170,1473,94),(4174,1,0,6.5,1,86,170,1475,94),(4175,1,0,6,1,86,170,1477,94),(4176,1,0,4.5,1,86,170,1479,94),(4177,1,0,6,1,86,170,1481,94),(4178,1,0,6,1,86,170,1483,94),(4179,1,0,6,1,86,170,1485,94),(4180,1,0,6,1,86,170,1487,94),(4181,1,0,7.5,1,86,170,1489,94),(4182,1,0,5,1,86,170,1491,94),(4183,1,0,4,1,86,170,1493,94),(4184,1,0,5,1,86,170,1495,94),(4185,1,0,2.5,1,86,170,1497,94),(4186,1,0,6.5,1,86,170,1499,94),(4187,1,0,4.5,1,86,170,1501,94),(4188,1,0,4.5,1,86,170,1505,94),(4189,1,0,4,1,86,170,1507,94),(4190,1,0,9.5,1,86,170,1509,94),(4191,1,0,7,1,86,170,1511,94),(4192,1,0,5.5,1,86,170,1513,94),(4193,1,0,4,1,86,170,1515,94),(4194,1,0,3.5,1,86,170,1517,94),(4195,1,0,2.5,1,86,170,1519,94),(4196,1,0,9.5,1,86,170,1523,94),(4197,1,0,3.5,1,86,170,1525,94),(4198,1,0,8,1,86,170,1531,94),(4199,1,0,3,1,86,170,1533,94),(4200,1,0,4.5,1,86,170,1535,94),(4201,1,0,5,1,86,170,1537,94),(4202,1,0,7,1,86,170,1539,94),(4203,1,0,7.5,1,86,170,1541,94),(4204,1,0,7.5,1,86,170,1543,94),(4205,1,0,8,1,86,170,1545,94),(4206,1,0,5,1,86,170,1547,94),(4207,1,0,6,1,86,170,1549,94),(4208,1,0,6.5,1,86,170,1551,94),(4209,1,0,8,1,86,170,1356,94),(4210,1,0,5.5,1,86,170,1374,94),(4211,1,0,6,1,86,170,1386,94),(4212,1,0,6,1,86,170,1406,94),(4213,1,0,7,1,86,170,1420,94),(4214,1,0,6,1,86,170,1424,94),(4215,1,0,8,1,86,170,1426,94),(4216,1,0,3.5,1,86,170,1442,94),(4217,1,0,10.5,1,86,170,1360,94),(4218,1,0,8.5,1,86,170,1362,94),(4219,1,0,3,1,86,170,1366,94),(4220,1,0,7,1,86,170,1206,94),(4221,1,0,3,1,86,170,1129,94),(4222,1,1,14.5,1,86,170,1449,94),(4223,1,1,11.5,1,86,170,1453,94),(4224,1,1,5.75,1,86,170,1455,94),(4225,1,1,8.75,1,86,170,1457,94),(4226,1,1,11,1,86,170,1459,94),(4227,1,1,16.5,1,86,170,1463,94),(4228,1,1,9.5,1,86,170,1465,94),(4229,1,1,9.75,1,86,170,1467,94),(4230,1,1,11.5,1,86,170,1471,94),(4231,1,1,9.75,1,86,170,1473,94),(4232,1,1,13,1,86,170,1475,94),(4233,1,1,10.5,1,86,170,1477,94),(4234,1,1,4.25,1,86,170,1479,94),(4235,1,1,11.5,1,86,170,1481,94),(4236,1,1,10.75,1,86,170,1485,94),(4237,1,1,11,1,86,170,1487,94),(4238,1,1,9.5,1,86,170,1491,94),(4239,1,1,8.25,1,86,170,1493,94),(4240,1,1,10,1,86,170,1495,94),(4241,1,1,3.5,1,86,170,1497,94),(4242,1,1,13,1,86,170,1499,94),(4243,1,1,12,1,86,170,1501,94),(4244,1,1,7.25,1,86,170,1503,94),(4245,1,1,9.75,1,86,170,1505,94),(4246,1,1,13.5,1,86,170,1507,94),(4247,1,1,10.5,1,86,170,1509,94),(4248,1,1,8.75,1,86,170,1513,94),(4249,1,1,10.25,1,86,170,1515,94),(4250,1,1,11,1,86,170,1517,94),(4251,1,1,8.25,1,86,170,1519,94),(4252,1,1,9.75,1,86,170,1523,94),(4253,1,1,11.75,1,86,170,1533,94),(4254,1,1,17,1,86,170,1535,94),(4255,1,1,9.75,1,86,170,1537,94),(4256,1,1,7.25,1,86,170,1543,94),(4257,1,1,8.25,1,86,170,1545,94),(4258,1,1,11,1,86,170,1547,94),(4259,1,1,12,1,86,170,1549,94),(4260,1,1,11.5,1,86,170,1374,94),(4261,1,1,7.25,1,86,170,1386,94),(4262,1,1,8.75,1,86,170,1420,94),(4263,1,1,13,1,86,170,1424,94),(4264,1,1,16.5,1,86,170,1442,94),(4265,1,1,9,1,86,170,1366,94),(4266,1,1,12.25,1,86,170,1206,94),(4267,1,1,6.5,1,86,170,1129,94),(4654,1,0,15,1,83,151,1053,91),(4655,1,0,5.5,1,83,151,1055,91),(4656,1,0,11.5,1,83,151,1057,91),(4657,1,0,11.5,1,83,151,1059,91),(4658,1,0,6.5,1,83,151,1061,91),(4659,1,0,8,1,83,151,1063,91),(4660,1,0,4.5,1,83,151,1065,91),(4661,1,0,6,1,83,151,1067,91),(4662,1,0,11.5,1,83,151,1069,91),(4663,1,0,4.5,1,83,151,1071,91),(4664,1,0,11,1,83,151,1073,91),(4665,1,0,8,1,83,151,1075,91),(4666,1,0,8.5,1,83,151,1077,91),(4667,1,0,6.5,1,83,151,1079,91),(4668,1,0,7,1,83,151,1081,91),(4669,1,0,7.5,1,83,151,1083,91),(4670,1,0,11,1,83,151,1085,91),(4671,1,0,7,1,83,151,1089,91),(4672,1,0,13.5,1,83,151,1091,91),(4673,1,0,15,1,83,151,1093,91),(4674,1,0,5.5,1,83,151,1095,91),(4675,1,0,7,1,83,151,1097,91),(4676,1,0,15.5,1,83,151,1099,91),(4677,1,0,14.5,1,83,151,1101,91),(4678,1,0,3.5,1,83,151,1103,91),(4679,1,0,5,1,83,151,1105,91),(4680,1,0,6,1,83,151,1107,91),(4681,1,0,8,1,83,151,1109,91),(4682,1,0,6,1,83,151,1111,91),(4683,1,0,3.5,1,83,151,1113,91),(4684,1,0,6.5,1,83,151,1115,91),(4685,1,0,14,1,83,151,1117,91),(4686,1,0,7,1,83,151,1119,91),(4687,1,0,7.5,1,83,151,1121,91),(4688,1,0,6.5,1,83,151,1123,91),(4689,1,0,2.5,1,83,151,1125,91),(4690,1,0,7,1,83,151,1127,91),(4691,1,0,6.5,1,83,151,1131,91),(4692,1,0,4,1,83,151,1133,91),(4693,1,0,6,1,83,151,1135,91),(4694,1,0,9,1,83,151,1137,91),(4695,1,0,11,1,83,151,1139,91),(4696,1,0,10,1,83,151,4477,91),(4697,1,0,13,1,83,151,4489,91),(4698,1,0,10.5,1,83,151,4491,91),(4699,1,0,8,1,83,151,4505,91),(4700,1,0,9,1,83,151,4511,91),(4701,1,0,3,1,83,151,4517,91),(4702,1,0,7,1,83,151,4521,91),(4703,1,0,10,1,83,151,4525,91),(4704,1,0,5,1,83,151,4533,91),(4705,1,0,4,1,83,151,4537,91),(4706,1,0,4.5,1,83,151,4549,91),(4707,1,0,6,1,83,151,4561,91),(4708,1,0,7.5,1,83,151,4565,91),(4709,1,0,5,1,83,151,4573,91),(4710,1,0,10,1,83,151,4589,91),(4711,1,0,14.5,1,83,151,1053,93),(4712,1,0,14.5,1,83,151,1055,93),(4713,1,0,14.5,1,83,151,1057,93),(4714,1,0,14.5,1,83,151,1059,93),(4715,1,0,14.5,1,83,151,1061,93),(4716,1,0,16,1,83,151,1063,93),(4717,1,0,16,1,83,151,1065,93),(4718,1,0,13.5,1,83,151,1067,93),(4719,1,0,16,1,83,151,1069,93),(4720,1,0,16,1,83,151,1071,93),(4721,1,0,16,1,83,151,1073,93),(4722,1,0,16,1,83,151,1075,93),(4723,1,0,14,1,83,151,1077,93),(4724,1,0,13.5,1,83,151,1079,93),(4725,1,0,13.5,1,83,151,1081,93),(4726,1,0,13.5,1,83,151,1083,93),(4727,1,0,13.5,1,83,151,1085,93),(4728,1,0,14,1,83,151,1089,93),(4729,1,0,14,1,83,151,1091,93),(4730,1,0,14,1,83,151,1093,93),(4731,1,0,16,1,83,151,1095,93),(4732,1,0,15.5,1,83,151,1097,93),(4733,1,0,16,1,83,151,1099,93),(4734,1,0,18,1,83,151,1101,93),(4735,1,0,14,1,83,151,1103,93),(4736,1,0,16,1,83,151,1105,93),(4737,1,0,16,1,83,151,1107,93),(4738,1,0,15.5,1,83,151,1109,93),(4739,1,0,15.5,1,83,151,1111,93),(4740,1,0,16,1,83,151,1113,93),(4741,1,0,16,1,83,151,1115,93),(4742,1,0,15.5,1,83,151,1117,93),(4743,1,0,15.5,1,83,151,1119,93),(4744,1,0,18,1,83,151,1121,93),(4745,1,0,18,1,83,151,1123,93),(4746,1,0,18,1,83,151,1125,93),(4747,1,0,18,1,83,151,1127,93),(4748,1,0,16,1,83,151,1131,93),(4749,1,0,16,1,83,151,1133,93),(4750,1,0,16,1,83,151,1135,93),(4751,1,0,16,1,83,151,1137,93),(4752,1,0,16,1,83,151,1139,93),(4753,1,0,16,1,83,151,4477,93),(4754,1,0,15,1,83,151,4489,93),(4755,1,0,12,1,83,151,4491,93),(4756,1,0,13.5,1,83,151,4505,93),(4757,1,0,15.5,1,83,151,4511,93),(4758,1,0,3,1,83,151,4517,93),(4759,1,0,8,1,83,151,4521,93),(4760,1,0,10.5,1,83,151,4525,93),(4761,1,0,6,1,83,151,4533,93),(4762,1,0,5,1,83,151,4537,93),(4763,1,0,14.5,1,83,151,4549,93),(4764,1,0,14,1,83,151,4561,93),(4765,1,0,18,1,83,151,4565,93),(4766,1,0,18,1,83,151,4573,93),(4767,1,0,10,1,83,151,4589,93),(4768,1,0,15.5,1,83,151,1053,94),(4769,1,0,5,1,83,151,1055,94),(4770,1,0,11,1,83,151,1057,94),(4771,1,0,14.5,1,83,151,1059,94),(4772,1,0,11,1,83,151,1061,94),(4773,1,0,15.5,1,83,151,1063,94),(4774,1,0,8,1,83,151,1065,94),(4775,1,0,8.5,1,83,151,1067,94),(4776,1,0,10.5,1,83,151,1069,94),(4777,1,0,3.5,1,83,151,1071,94),(4778,1,0,14,1,83,151,1073,94),(4779,1,0,9,1,83,151,1075,94),(4780,1,0,6,1,83,151,1077,94),(4781,1,0,4.5,1,83,151,1079,94),(4782,1,0,8.5,1,83,151,1081,94),(4783,1,0,17,1,83,151,1083,94),(4784,1,0,13.5,1,83,151,1085,94),(4785,1,0,6,1,83,151,1089,94),(4786,1,0,15.5,1,83,151,1091,94),(4787,1,0,15.5,1,83,151,1093,94),(4788,1,0,8,1,83,151,1095,94),(4789,1,0,11,1,83,151,1097,94),(4790,1,0,14,1,83,151,1099,94),(4791,1,0,14,1,83,151,1101,94),(4792,1,0,1,1,83,151,1103,94),(4793,1,0,0.5,1,83,151,1105,94),(4794,1,0,12,1,83,151,1107,94),(4795,1,0,8.5,1,83,151,1109,94),(4796,1,0,13.5,1,83,151,1111,94),(4797,1,0,9.5,1,83,151,1113,94),(4798,1,0,10.5,1,83,151,1115,94),(4799,1,0,12,1,83,151,1117,94),(4800,1,0,11,1,83,151,1119,94),(4801,1,0,11.5,1,83,151,1121,94),(4802,1,0,7,1,83,151,1123,94),(4803,1,0,3.5,1,83,151,1125,94),(4804,1,0,12.5,1,83,151,1127,94),(4805,1,0,7.5,1,83,151,1131,94),(4806,1,0,8.5,1,83,151,1133,94),(4807,1,0,12,1,83,151,1135,94),(4808,1,0,14.5,1,83,151,1137,94),(4809,1,0,15.5,1,83,151,1139,94),(4810,1,0,2,1,83,151,4477,94),(4811,1,0,7,1,83,151,4489,94),(4812,1,0,5.5,1,83,151,4491,94),(4813,1,0,5.5,1,83,151,4505,94),(4814,1,0,11,1,83,151,4511,94),(4815,1,0,4.25,1,83,151,4517,94),(4816,1,0,6,1,83,151,4521,94),(4817,1,0,5,1,83,151,4525,94),(4818,1,0,8.5,1,83,151,4533,94),(4819,1,0,0,1,83,151,4537,94),(4820,1,0,7.5,1,83,151,4561,94),(4821,1,0,2,1,83,151,4565,94),(4822,1,0,2.5,1,83,151,4573,94),(4823,1,0,11.25,1,83,151,4589,94),(4824,1,1,11,1,83,151,1055,94),(4825,1,1,9,1,83,151,1065,94),(4826,1,1,15,1,83,151,1067,94),(4827,1,1,1,1,83,151,1071,94),(4828,1,1,9.25,1,83,151,1075,94),(4829,1,1,11.5,1,83,151,1077,94),(4830,1,1,6,1,83,151,1079,94),(4831,1,1,7,1,83,151,1081,94),(4832,1,1,15,1,83,151,1089,94),(4833,1,1,4,1,83,151,1095,94),(4834,1,1,3,1,83,151,1105,94),(4835,1,1,11.75,1,83,151,1113,94),(4836,1,1,9.5,1,83,151,1123,94),(4837,1,1,1,1,83,151,1125,94),(4838,1,1,4,1,83,151,1131,94),(4839,1,1,5,1,83,151,1133,94),(4840,1,1,12,1,83,151,4477,94),(4841,1,1,11.75,1,83,151,4491,94),(4842,1,1,11.5,1,83,151,4505,94),(4843,1,1,16,1,83,151,4517,94),(4844,1,1,13,1,83,151,4521,94),(4845,1,1,13.5,1,83,151,4525,94),(4846,1,1,14,1,83,151,4533,94),(4847,1,1,10,1,83,151,4549,94),(4848,1,1,15.5,1,83,151,4561,94),(4849,1,1,10,1,83,151,4565,94),(4850,1,1,4,1,83,151,4573,94),(4851,1,0,15.5,1,83,160,1053,91),(4852,1,0,4,1,83,160,1055,91),(4853,1,0,10,1,83,160,1057,91),(4854,1,0,8.5,1,83,160,1059,91),(4855,1,0,6.5,1,83,160,1061,91),(4856,1,0,8.5,1,83,160,1063,91),(4857,1,0,6,1,83,160,1065,91),(4858,1,0,4.5,1,83,160,1067,91),(4859,1,0,8,1,83,160,1069,91),(4860,1,0,8.5,1,83,160,1071,91),(4861,1,0,8,1,83,160,1073,91),(4862,1,0,10,1,83,160,1075,91),(4863,1,0,6,1,83,160,1077,91),(4864,1,0,7,1,83,160,1079,91),(4865,1,0,6.5,1,83,160,1081,91),(4866,1,0,9,1,83,160,1083,91),(4867,1,0,11,1,83,160,1085,91),(4868,1,0,4.5,1,83,160,1089,91),(4869,1,0,14,1,83,160,1091,91),(4870,1,0,15,1,83,160,1093,91),(4871,1,0,4.5,1,83,160,1095,91),(4872,1,0,8,1,83,160,1097,91),(4873,1,0,14.5,1,83,160,1099,91),(4874,1,0,13,1,83,160,1101,91),(4875,1,0,7.5,1,83,160,1103,91),(4876,1,0,8,1,83,160,1105,91),(4877,1,0,7,1,83,160,1107,91),(4878,1,0,8,1,83,160,1109,91),(4879,1,0,3.5,1,83,160,1111,91),(4880,1,0,10,1,83,160,1113,91),(4881,1,0,11.5,1,83,160,1115,91),(4882,1,0,14,1,83,160,1117,91),(4883,1,0,5,1,83,160,1119,91),(4884,1,0,2,1,83,160,1121,91),(4885,1,0,6.5,1,83,160,1123,91),(4886,1,0,7,1,83,160,1125,91),(4887,1,0,17,1,83,160,1127,91),(4888,1,0,1,1,83,160,1129,91),(4889,1,0,7,1,83,160,1131,91),(4890,1,0,11,1,83,160,1133,91),(4891,1,0,6,1,83,160,1135,91),(4892,1,0,8.5,1,83,160,1137,91),(4893,1,0,7.5,1,83,160,1139,91),(4894,1,0,6,1,83,160,4425,91),(4895,1,0,14,1,83,160,1053,93),(4896,1,0,14,1,83,160,1055,93),(4897,1,0,14,1,83,160,1057,93),(4898,1,0,14,1,83,160,1059,93),(4899,1,0,12.5,1,83,160,1061,93),(4900,1,0,10,1,83,160,1063,93),(4901,1,0,12.5,1,83,160,1065,93),(4902,1,0,15,1,83,160,1067,93),(4903,1,0,12.5,1,83,160,1069,93),(4904,1,0,15,1,83,160,1071,93),(4905,1,0,10,1,83,160,1073,93),(4906,1,0,10,1,83,160,1075,93),(4907,1,0,12.5,1,83,160,1077,93),(4908,1,0,15,1,83,160,1079,93),(4909,1,0,12.5,1,83,160,1081,93),(4910,1,0,15,1,83,160,1083,93),(4911,1,0,14,1,83,160,1085,93),(4912,1,0,12.5,1,83,160,1089,93),(4913,1,0,10,1,83,160,1091,93),(4914,1,0,14,1,83,160,1093,93),(4915,1,0,14,1,83,160,1095,93),(4916,1,0,14,1,83,160,1097,93),(4917,1,0,12.5,1,83,160,1099,93),(4918,1,0,14,1,83,160,1101,93),(4919,1,0,14,1,83,160,1103,93),(4920,1,0,14,1,83,160,1105,93),(4921,1,0,12.5,1,83,160,1107,93),(4922,1,0,12.5,1,83,160,1109,93),(4923,1,0,14,1,83,160,1111,93),(4924,1,0,12.5,1,83,160,1113,93),(4925,1,0,12.5,1,83,160,1115,93),(4926,1,0,14,1,83,160,1117,93),(4927,1,0,16,1,83,160,1119,93),(4928,1,0,14,1,83,160,1121,93),(4929,1,0,16,1,83,160,1123,93),(4930,1,0,16,1,83,160,1125,93),(4931,1,0,16,1,83,160,1127,93),(4932,1,0,10.5,1,83,160,1131,93),(4933,1,0,14,1,83,160,1133,93),(4934,1,0,12.5,1,83,160,1135,93),(4935,1,0,10.5,1,83,160,1137,93),(4936,1,0,10.5,1,83,160,1139,93),(4937,1,0,10.5,1,83,160,4425,93),(4938,1,0,15.5,1,83,160,1053,94),(4939,1,0,9.5,1,83,160,1055,94),(4940,1,0,10,1,83,160,1057,94),(4941,1,0,10,1,83,160,1059,94),(4942,1,0,7.5,1,83,160,1061,94),(4943,1,0,10,1,83,160,1063,94),(4944,1,0,5.5,1,83,160,1065,94),(4945,1,0,1.5,1,83,160,1067,94),(4946,1,0,13.5,1,83,160,1069,94),(4947,1,0,10.25,1,83,160,1071,94),(4948,1,0,7,1,83,160,1073,94),(4949,1,0,8,1,83,160,1075,94),(4950,1,0,3.5,1,83,160,1077,94),(4951,1,0,7,1,83,160,1081,94),(4952,1,0,17,1,83,160,1083,94),(4953,1,0,16.5,1,83,160,1085,94),(4954,1,0,5.5,1,83,160,1089,94),(4955,1,0,16.5,1,83,160,1091,94),(4956,1,0,16.5,1,83,160,1093,94),(4957,1,0,8,1,83,160,1095,94),(4958,1,0,15,1,83,160,1097,94),(4959,1,0,8,1,83,160,1099,94),(4960,1,0,13,1,83,160,1101,94),(4961,1,0,10.5,1,83,160,1103,94),(4962,1,0,5,1,83,160,1105,94),(4963,1,0,8,1,83,160,1107,94),(4964,1,0,11.5,1,83,160,1109,94),(4965,1,0,2,1,83,160,1111,94),(4966,1,0,10.5,1,83,160,1113,94),(4967,1,0,7.5,1,83,160,1115,94),(4968,1,0,6,1,83,160,1117,94),(4969,1,0,11.5,1,83,160,1119,94),(4970,1,0,4.5,1,83,160,1121,94),(4971,1,0,2,1,83,160,1123,94),(4972,1,0,6,1,83,160,1125,94),(4973,1,0,17,1,83,160,1127,94),(4974,1,0,3,1,83,160,1129,94),(4975,1,0,5.5,1,83,160,1131,94),(4976,1,0,10,1,83,160,1133,94),(4977,1,0,6.5,1,83,160,1135,94),(4978,1,0,12,1,83,160,1137,94),(4979,1,0,7,1,83,160,1139,94),(4980,1,0,14.5,1,83,160,4425,94),(4981,1,1,11,1,83,160,1055,94),(4982,1,1,5.5,1,83,160,1061,94),(4983,1,1,6.5,1,83,160,1067,94),(4984,1,1,17.5,1,83,160,1075,94),(4985,1,1,13.5,1,83,160,1077,94),(4986,1,1,8.5,1,83,160,1081,94),(4987,1,1,14,1,83,160,1089,94),(4988,1,1,14.5,1,83,160,1095,94),(4989,1,1,18.5,1,83,160,1099,94),(4990,1,1,11.75,1,83,160,1103,94),(4991,1,1,10,1,83,160,1105,94),(4992,1,1,6,1,83,160,1107,94),(4993,1,1,10,1,83,160,1111,94),(4994,1,1,6,1,83,160,1121,94),(4995,1,1,8.5,1,83,160,1123,94),(4996,1,1,7.5,1,83,160,1125,94),(4997,1,1,10.5,1,83,160,1131,94),(4998,1,1,14,1,83,160,1135,94),(4999,1,1,10.5,1,83,160,1139,94),(5000,1,0,14.5,1,83,152,1053,91),(5001,1,0,7.5,1,83,152,1055,91),(5002,1,0,12.5,1,83,152,1057,91),(5003,1,0,10,1,83,152,1059,91),(5004,1,0,5,1,83,152,1061,91),(5005,1,0,12,1,83,152,1063,91),(5006,1,0,5.5,1,83,152,1065,91),(5007,1,0,4,1,83,152,1067,91),(5008,1,0,13.5,1,83,152,1069,91),(5009,1,0,3,1,83,152,1071,91),(5010,1,0,6.5,1,83,152,1073,91),(5011,1,0,10.5,1,83,152,1075,91),(5012,1,0,4,1,83,152,1077,91),(5013,1,0,4.5,1,83,152,1079,91),(5014,1,0,5.5,1,83,152,1081,91),(5015,1,0,7.5,1,83,152,1083,91),(5016,1,0,7,1,83,152,1085,91),(5017,1,0,4.5,1,83,152,1089,91),(5018,1,0,11,1,83,152,1091,91),(5019,1,0,15,1,83,152,1093,91),(5020,1,0,6,1,83,152,1095,91),(5021,1,0,7,1,83,152,1097,91),(5022,1,0,10,1,83,152,1099,91),(5023,1,0,16,1,83,152,1101,91),(5024,1,0,4,1,83,152,1103,91),(5025,1,0,7.5,1,83,152,1105,91),(5026,1,0,5.25,1,83,152,1107,91),(5027,1,0,7,1,83,152,1109,91),(5028,1,0,11.5,1,83,152,1111,91),(5029,1,0,9.25,1,83,152,1113,91),(5030,1,0,7,1,83,152,1115,91),(5031,1,0,16,1,83,152,1117,91),(5032,1,0,12,1,83,152,1119,91),(5033,1,0,4.25,1,83,152,1121,91),(5034,1,0,7.75,1,83,152,1123,91),(5035,1,0,3,1,83,152,1125,91),(5036,1,0,9,1,83,152,1127,91),(5037,1,0,7.5,1,83,152,1131,91),(5038,1,0,6,1,83,152,1133,91),(5039,1,0,13,1,83,152,1135,91),(5040,1,0,11,1,83,152,1137,91),(5041,1,0,12.25,1,83,152,1139,91),(5042,1,0,7,1,83,152,4477,91),(5043,1,0,6,1,83,152,4505,91),(5044,1,0,5.5,1,83,152,4565,91),(5045,1,0,6.5,1,83,152,4573,91),(5046,1,0,13.5,1,83,152,1053,93),(5047,1,0,13.5,1,83,152,1055,93),(5048,1,0,13.5,1,83,152,1057,93),(5049,1,0,13.5,1,83,152,1059,93),(5050,1,0,13.5,1,83,152,1061,93),(5051,1,0,15.5,1,83,152,1063,93),(5052,1,0,13.5,1,83,152,1065,93),(5053,1,0,15.5,1,83,152,1067,93),(5054,1,0,13.5,1,83,152,1069,93),(5055,1,0,14,1,83,152,1071,93),(5056,1,0,13.5,1,83,152,1073,93),(5057,1,0,15.5,1,83,152,1075,93),(5058,1,0,16.5,1,83,152,1077,93),(5059,1,0,15.5,1,83,152,1079,93),(5060,1,0,15.5,1,83,152,1081,93),(5061,1,0,15.5,1,83,152,1083,93),(5062,1,0,15.5,1,83,152,1085,93),(5063,1,0,16.5,1,83,152,1089,93),(5064,1,0,16.5,1,83,152,1091,93),(5065,1,0,16.5,1,83,152,1093,93),(5066,1,0,16.5,1,83,152,1095,93),(5067,1,0,16,1,83,152,1097,93),(5068,1,0,15,1,83,152,1099,93),(5069,1,0,16,1,83,152,1101,93),(5070,1,0,16.5,1,83,152,1103,93),(5071,1,0,16.5,1,83,152,1105,93),(5072,1,0,15,1,83,152,1107,93),(5073,1,0,15,1,83,152,1109,93),(5074,1,0,15,1,83,152,1111,93),(5075,1,0,15,1,83,152,1113,93),(5076,1,0,15,1,83,152,1115,93),(5077,1,0,15,1,83,152,1117,93),(5078,1,0,16,1,83,152,1119,93),(5079,1,0,16,1,83,152,1121,93),(5080,1,0,16,1,83,152,1123,93),(5081,1,0,16,1,83,152,1125,93),(5082,1,0,16,1,83,152,1127,93),(5083,1,0,15.5,1,83,152,1131,93),(5084,1,0,16,1,83,152,1133,93),(5085,1,0,15,1,83,152,1135,93),(5086,1,0,14,1,83,152,1137,93),(5087,1,0,14,1,83,152,1139,93),(5088,1,0,14,1,83,152,4477,93),(5089,1,0,14,1,83,152,4505,93),(5090,1,0,14,1,83,152,4565,93),(5091,1,0,14,1,83,152,4573,93),(5092,1,0,14.75,1,83,152,1053,94),(5093,1,0,9.5,1,83,152,1055,94),(5094,1,0,13.5,1,83,152,1057,94),(5095,1,0,14,1,83,152,1059,94),(5096,1,0,5.5,1,83,152,1061,94),(5097,1,0,13,1,83,152,1063,94),(5098,1,0,4.25,1,83,152,1065,94),(5099,1,0,8,1,83,152,1067,94),(5100,1,0,12,1,83,152,1069,94),(5101,1,0,4.5,1,83,152,1071,94),(5102,1,0,12.25,1,83,152,1073,94),(5103,1,0,7.25,1,83,152,1075,94),(5104,1,0,5,1,83,152,1077,94),(5105,1,0,2.5,1,83,152,1079,94),(5106,1,0,8.75,1,83,152,1081,94),(5107,1,0,12.5,1,83,152,1083,94),(5108,1,0,9,1,83,152,1085,94),(5109,1,0,8.75,1,83,152,1089,94),(5110,1,0,9.25,1,83,152,1091,94),(5111,1,0,11.5,1,83,152,1093,94),(5112,1,0,5.25,1,83,152,1095,94),(5113,1,0,10,1,83,152,1097,94),(5114,1,0,13,1,83,152,1099,94),(5115,1,0,15.25,1,83,152,1101,94),(5116,1,0,1,1,83,152,1103,94),(5117,1,0,3,1,83,152,1105,94),(5118,1,0,6.5,1,83,152,1107,94),(5119,1,0,12,1,83,152,1109,94),(5120,1,0,12.5,1,83,152,1111,94),(5121,1,0,8.25,1,83,152,1113,94),(5122,1,0,9,1,83,152,1115,94),(5123,1,0,13.5,1,83,152,1117,94),(5124,1,0,11.5,1,83,152,1119,94),(5125,1,0,1.75,1,83,152,1121,94),(5126,1,0,4.5,1,83,152,1123,94),(5127,1,0,2.25,1,83,152,1125,94),(5128,1,0,10.5,1,83,152,1127,94),(5129,1,0,1,1,83,152,1129,94),(5130,1,0,4,1,83,152,1131,94),(5131,1,0,9.5,1,83,152,1133,94),(5132,1,0,10,1,83,152,1135,94),(5133,1,0,11,1,83,152,1137,94),(5134,1,0,11.25,1,83,152,1139,94),(5135,1,0,5,1,83,152,4477,94),(5136,1,0,8.25,1,83,152,4505,94),(5137,1,0,7.5,1,83,152,4565,94),(5138,1,0,3,1,83,152,4573,94),(5139,1,1,10,1,83,152,1055,94),(5140,1,1,11,1,83,152,1061,94),(5141,1,1,10,1,83,152,1067,94),(5142,1,1,2,1,83,152,1071,94),(5143,1,1,9,1,83,152,1077,94),(5144,1,1,6.25,1,83,152,1079,94),(5145,1,1,6,1,83,152,1081,94),(5146,1,1,9.25,1,83,152,1089,94),(5147,1,1,4.5,1,83,152,1105,94),(5148,1,1,9,1,83,152,1107,94),(5149,1,1,8,1,83,152,1121,94),(5150,1,1,8.5,1,83,152,1123,94),(5151,1,1,6,1,83,152,1125,94),(5152,1,1,6.5,1,83,152,1133,94),(5153,1,1,7.5,1,83,152,4477,94),(5154,1,1,9.25,1,83,152,4505,94),(5155,1,1,9.5,1,83,152,4565,94),(5156,1,1,7.5,1,83,152,4573,94),(5157,1,0,10,1,83,157,1053,91),(5158,1,0,9,1,83,157,1055,91),(5159,1,0,10,1,83,157,1057,91),(5160,1,0,12,1,83,157,1059,91),(5161,1,0,9,1,83,157,1061,91),(5162,1,0,12,1,83,157,1063,91),(5163,1,0,10,1,83,157,1065,91),(5164,1,0,11,1,83,157,1067,91),(5165,1,0,11,1,83,157,1069,91),(5166,1,0,11,1,83,157,1071,91),(5167,1,0,10,1,83,157,1073,91),(5168,1,0,10,1,83,157,1075,91),(5169,1,0,8,1,83,157,1077,91),(5170,1,0,6,1,83,157,1079,91),(5171,1,0,6,1,83,157,1081,91),(5172,1,0,11,1,83,157,1083,91),(5173,1,0,12,1,83,157,1085,91),(5174,1,0,9,1,83,157,1089,91),(5175,1,0,10,1,83,157,1091,91),(5176,1,0,11,1,83,157,1093,91),(5177,1,0,8,1,83,157,1095,91),(5178,1,0,9,1,83,157,1097,91),(5179,1,0,11,1,83,157,1099,91),(5180,1,0,9,1,83,157,1101,91),(5181,1,0,9,1,83,157,1103,91),(5182,1,0,9,1,83,157,1105,91),(5183,1,0,9,1,83,157,1107,91),(5184,1,0,12,1,83,157,1109,91),(5185,1,0,12,1,83,157,1111,91),(5186,1,0,11,1,83,157,1113,91),(5187,1,0,9,1,83,157,1115,91),(5188,1,0,10,1,83,157,1117,91),(5189,1,0,12,1,83,157,1119,91),(5190,1,0,10,1,83,157,1121,91),(5191,1,0,7,1,83,157,1123,91),(5192,1,0,9,1,83,157,1125,91),(5193,1,0,10,1,83,157,1127,91),(5194,1,0,6,1,83,157,1131,91),(5195,1,0,8,1,83,157,1133,91),(5196,1,0,11,1,83,157,1135,91),(5197,1,0,11,1,83,157,1137,91),(5198,1,0,13,1,83,157,1139,91),(5199,1,0,11,1,83,157,4547,91),(5200,1,0,10,1,83,157,4425,91),(5201,1,0,8,1,83,157,4557,91),(5202,1,0,10,1,83,157,4565,91),(5203,1,0,11,1,83,157,4415,91),(5204,1,0,13.5,1,83,157,1053,93),(5205,1,0,14.5,1,83,157,1055,93),(5206,1,0,12,1,83,157,1057,93),(5207,1,0,14.5,1,83,157,1059,93),(5208,1,0,13.5,1,83,157,1061,93),(5209,1,0,14.5,1,83,157,1063,93),(5210,1,0,12.5,1,83,157,1065,93),(5211,1,0,14,1,83,157,1067,93),(5212,1,0,13.5,1,83,157,1069,93),(5213,1,0,12,1,83,157,1071,93),(5214,1,0,14,1,83,157,1073,93),(5215,1,0,13.5,1,83,157,1075,93),(5216,1,0,14,1,83,157,1077,93),(5217,1,0,13,1,83,157,1079,93),(5218,1,0,14.5,1,83,157,1081,93),(5219,1,0,12,1,83,157,1083,93),(5220,1,0,13,1,83,157,1085,93),(5221,1,0,13,1,83,157,1089,93),(5222,1,0,13.5,1,83,157,1091,93),(5223,1,0,14,1,83,157,1093,93),(5224,1,0,14.5,1,83,157,1095,93),(5225,1,0,14.5,1,83,157,1097,93),(5226,1,0,12,1,83,157,1099,93),(5227,1,0,14.5,1,83,157,1101,93),(5228,1,0,12.5,1,83,157,1103,93),(5229,1,0,13,1,83,157,1105,93),(5230,1,0,13,1,83,157,1107,93),(5231,1,0,13.5,1,83,157,1109,93),(5232,1,0,13,1,83,157,1111,93),(5233,1,0,12.5,1,83,157,1113,93),(5234,1,0,12.5,1,83,157,1115,93),(5235,1,0,14,1,83,157,1117,93),(5236,1,0,12.5,1,83,157,1119,93),(5237,1,0,12,1,83,157,1121,93),(5238,1,0,12.5,1,83,157,1123,93),(5239,1,0,12,1,83,157,1125,93),(5240,1,0,12.5,1,83,157,1127,93),(5241,1,0,14,1,83,157,1131,93),(5242,1,0,14,1,83,157,1133,93),(5243,1,0,13,1,83,157,1135,93),(5244,1,0,12,1,83,157,1137,93),(5245,1,0,13.5,1,83,157,1139,93),(5246,1,0,14,1,83,157,4547,93),(5247,1,0,14,1,83,157,4425,93),(5248,1,0,14,1,83,157,4557,93),(5249,1,0,14,1,83,157,4565,93),(5250,1,0,14,1,83,157,4415,93),(5251,1,0,12,1,83,157,1053,94),(5252,1,0,11,1,83,157,1055,94),(5253,1,0,10,1,83,157,1057,94),(5254,1,0,11,1,83,157,1059,94),(5255,1,0,9,1,83,157,1061,94),(5256,1,0,13,1,83,157,1063,94),(5257,1,0,8,1,83,157,1065,94),(5258,1,0,8,1,83,157,1067,94),(5259,1,0,12,1,83,157,1069,94),(5260,1,0,6,1,83,157,1071,94),(5261,1,0,11,1,83,157,1073,94),(5262,1,0,10,1,83,157,1075,94),(5263,1,0,8,1,83,157,1077,94),(5264,1,0,9,1,83,157,1079,94),(5265,1,0,7,1,83,157,1081,94),(5266,1,0,10,1,83,157,1083,94),(5267,1,0,9,1,83,157,1085,94),(5268,1,0,9,1,83,157,1089,94),(5269,1,0,11,1,83,157,1091,94),(5270,1,0,11,1,83,157,1093,94),(5271,1,0,8,1,83,157,1095,94),(5272,1,0,14,1,83,157,1097,94),(5273,1,0,8,1,83,157,1099,94),(5274,1,0,13,1,83,157,1101,94),(5275,1,0,4,1,83,157,1103,94),(5276,1,0,7,1,83,157,1105,94),(5277,1,0,8,1,83,157,1107,94),(5278,1,0,13,1,83,157,1109,94),(5279,1,0,11,1,83,157,1111,94),(5280,1,0,10,1,83,157,1113,94),(5281,1,0,11,1,83,157,1115,94),(5282,1,0,12,1,83,157,1117,94),(5283,1,0,12,1,83,157,1119,94),(5284,1,0,7,1,83,157,1121,94),(5285,1,0,7,1,83,157,1123,94),(5286,1,0,6,1,83,157,1125,94),(5287,1,0,9,1,83,157,1127,94),(5288,1,0,1,1,83,157,1129,94),(5289,1,0,7,1,83,157,1131,94),(5290,1,0,9,1,83,157,1133,94),(5291,1,0,11,1,83,157,1135,94),(5292,1,0,13,1,83,157,1137,94),(5293,1,0,13,1,83,157,1139,94),(5294,1,0,9,1,83,157,4547,94),(5295,1,0,6,1,83,157,4425,94),(5296,1,0,11,1,83,157,4557,94),(5297,1,0,9,1,83,157,4565,94),(5298,1,0,7,1,83,157,4415,94),(5299,1,1,9.25,1,83,157,1061,94),(5300,1,1,9,1,83,157,1065,94),(5301,1,1,10,1,83,157,1071,94),(5302,1,1,10,1,83,157,1077,94),(5303,1,1,11.25,1,83,157,1079,94),(5304,1,1,11,1,83,157,1081,94),(5305,1,1,10,1,83,157,1089,94),(5306,1,1,9.5,1,83,157,1095,94),(5307,1,1,13,1,83,157,1099,94),(5308,1,1,9.75,1,83,157,1103,94),(5309,1,1,5,1,83,157,1105,94),(5310,1,1,9.5,1,83,157,1107,94),(5311,1,1,9.25,1,83,157,1121,94),(5312,1,1,11,1,83,157,1123,94),(5313,1,1,11,1,83,157,1125,94),(5314,1,1,11,1,83,157,1131,94),(5315,1,1,9.75,1,83,157,1133,94),(5316,1,1,9,1,83,157,4425,94),(5317,1,0,10.5,1,83,153,1053,91),(5318,1,0,16.5,1,83,153,1055,91),(5319,1,0,12.5,1,83,153,1057,91),(5320,1,0,17,1,83,153,1059,91),(5321,1,0,10,1,83,153,1061,91),(5322,1,0,11.5,1,83,153,1063,91),(5323,1,0,9,1,83,153,1065,91),(5324,1,0,9.5,1,83,153,1067,91),(5325,1,0,12.5,1,83,153,1069,91),(5326,1,0,12,1,83,153,1071,91),(5327,1,0,11,1,83,153,1073,91),(5328,1,0,11.5,1,83,153,1075,91),(5329,1,0,9,1,83,153,1077,91),(5330,1,0,12.5,1,83,153,1079,91),(5331,1,0,7,1,83,153,1081,91),(5332,1,0,15,1,83,153,1083,91),(5333,1,0,9,1,83,153,1085,91),(5334,1,0,14,1,83,153,1089,91),(5335,1,0,16.5,1,83,153,1091,91),(5336,1,0,13.5,1,83,153,1093,91),(5337,1,0,12,1,83,153,1095,91),(5338,1,0,11.5,1,83,153,1097,91),(5339,1,0,10.5,1,83,153,1099,91),(5340,1,0,12,1,83,153,1101,91),(5341,1,0,6.5,1,83,153,1103,91),(5342,1,0,6.5,1,83,153,1105,91),(5343,1,0,8.5,1,83,153,1107,91),(5344,1,0,14,1,83,153,1109,91),(5345,1,0,9,1,83,153,1111,91),(5346,1,0,5,1,83,153,1113,91),(5347,1,0,10,1,83,153,1115,91),(5348,1,0,15,1,83,153,1117,91),(5349,1,0,9,1,83,153,1119,91),(5350,1,0,6,1,83,153,1121,91),(5351,1,0,11.5,1,83,153,1123,91),(5352,1,0,9,1,83,153,1125,91),(5353,1,0,16,1,83,153,1127,91),(5354,1,0,9,1,83,153,1131,91),(5355,1,0,8.5,1,83,153,1133,91),(5356,1,0,10.5,1,83,153,1135,91),(5357,1,0,13.5,1,83,153,1137,91),(5358,1,0,13,1,83,153,1139,91),(5359,1,0,16,1,83,153,1053,93),(5360,1,0,16,1,83,153,1055,93),(5361,1,0,16,1,83,153,1057,93),(5362,1,0,16,1,83,153,1059,93),(5363,1,0,16,1,83,153,1061,93),(5364,1,0,19,1,83,153,1063,93),(5365,1,0,19,1,83,153,1065,93),(5366,1,0,19,1,83,153,1067,93),(5367,1,0,19,1,83,153,1069,93),(5368,1,0,19,1,83,153,1071,93),(5369,1,0,17,1,83,153,1073,93),(5370,1,0,17,1,83,153,1075,93),(5371,1,0,17,1,83,153,1077,93),(5372,1,0,17,1,83,153,1079,93),(5373,1,0,17,1,83,153,1081,93),(5374,1,0,14,1,83,153,1083,93),(5375,1,0,14,1,83,153,1085,93),(5376,1,0,14,1,83,153,1089,93),(5377,1,0,14,1,83,153,1091,93),(5378,1,0,14,1,83,153,1093,93),(5379,1,0,15,1,83,153,1095,93),(5380,1,0,15,1,83,153,1097,93),(5381,1,0,15,1,83,153,1099,93),(5382,1,0,15,1,83,153,1101,93),(5383,1,0,15,1,83,153,1103,93),(5384,1,0,16,1,83,153,1105,93),(5385,1,0,16,1,83,153,1107,93),(5386,1,0,16,1,83,153,1109,93),(5387,1,0,15,1,83,153,1111,93),(5388,1,0,16,1,83,153,1113,93),(5389,1,0,16,1,83,153,1115,93),(5390,1,0,16,1,83,153,1117,93),(5391,1,0,14.5,1,83,153,1119,93),(5392,1,0,14.5,1,83,153,1121,93),(5393,1,0,14.5,1,83,153,1123,93),(5394,1,0,14.5,1,83,153,1125,93),(5395,1,0,14.5,1,83,153,1127,93),(5396,1,0,14.5,1,83,153,1129,93),(5397,1,0,15,1,83,153,1131,93),(5398,1,0,15,1,83,153,1133,93),(5399,1,0,15,1,83,153,1135,93),(5400,1,0,15,1,83,153,1137,93),(5401,1,0,15,1,83,153,1139,93),(5402,1,0,18,1,83,153,1053,94),(5403,1,0,16,1,83,153,1055,94),(5404,1,0,14.5,1,83,153,1057,94),(5405,1,0,17,1,83,153,1059,94),(5406,1,0,13.5,1,83,153,1061,94),(5407,1,0,13.5,1,83,153,1063,94),(5408,1,0,11,1,83,153,1065,94),(5409,1,0,11.5,1,83,153,1067,94),(5410,1,0,19,1,83,153,1069,94),(5411,1,0,16,1,83,153,1071,94),(5412,1,0,13,1,83,153,1073,94),(5413,1,0,10,1,83,153,1075,94),(5414,1,0,10,1,83,153,1077,94),(5415,1,0,11,1,83,153,1079,94),(5416,1,0,10,1,83,153,1081,94),(5417,1,0,15.5,1,83,153,1083,94),(5418,1,0,10,1,83,153,1085,94),(5419,1,0,10,1,83,153,1089,94),(5420,1,0,14,1,83,153,1091,94),(5421,1,0,12,1,83,153,1093,94),(5422,1,0,10,1,83,153,1095,94),(5423,1,0,10.5,1,83,153,1097,94),(5424,1,0,16,1,83,153,1099,94),(5425,1,0,16,1,83,153,1101,94),(5426,1,0,12,1,83,153,1103,94),(5427,1,0,10,1,83,153,1105,94),(5428,1,0,10,1,83,153,1107,94),(5429,1,0,15.5,1,83,153,1109,94),(5430,1,0,10.5,1,83,153,1111,94),(5431,1,0,18,1,83,153,1113,94),(5432,1,0,18,1,83,153,1115,94),(5433,1,0,15.5,1,83,153,1117,94),(5434,1,0,10,1,83,153,1119,94),(5435,1,0,13,1,83,153,1121,94),(5436,1,0,12.5,1,83,153,1123,94),(5437,1,0,12.5,1,83,153,1125,94),(5438,1,0,17,1,83,153,1127,94),(5439,1,0,11,1,83,153,1131,94),(5440,1,0,11.5,1,83,153,1133,94),(5441,1,0,17.5,1,83,153,1135,94),(5442,1,0,18,1,83,153,1137,94),(5443,1,0,15.5,1,83,153,1139,94),(5444,1,0,8,1,83,164,1053,91),(5445,1,0,4,1,83,164,1055,91),(5446,1,0,8,1,83,164,1057,91),(5447,1,0,13.5,1,83,164,1059,91),(5448,1,0,4.5,1,83,164,1061,91),(5449,1,0,9.5,1,83,164,1063,91),(5450,1,0,6.5,1,83,164,1065,91),(5451,1,0,6,1,83,164,1067,91),(5452,1,0,13,1,83,164,1069,91),(5453,1,0,11.5,1,83,164,1071,91),(5454,1,0,8,1,83,164,1073,91),(5455,1,0,13,1,83,164,1075,91),(5456,1,0,6,1,83,164,1077,91),(5457,1,0,1,1,83,164,1079,91),(5458,1,0,15,1,83,164,1081,91),(5459,1,0,12.5,1,83,164,1083,91),(5460,1,0,11.5,1,83,164,1085,91),(5461,1,0,10,1,83,164,1089,91),(5462,1,0,13,1,83,164,1091,91),(5463,1,0,6,1,83,164,1093,91),(5464,1,0,13,1,83,164,1095,91),(5465,1,0,10.5,1,83,164,1097,91),(5466,1,0,6.5,1,83,164,1099,91),(5467,1,0,15,1,83,164,1101,91),(5468,1,0,14.5,1,83,164,1103,91),(5469,1,0,13,1,83,164,1105,91),(5470,1,0,9.5,1,83,164,1107,91),(5471,1,0,6,1,83,164,1109,91),(5472,1,0,7,1,83,164,1111,91),(5473,1,0,6,1,83,164,1113,91),(5474,1,0,9.5,1,83,164,1115,91),(5475,1,0,8.5,1,83,164,1117,91),(5476,1,0,7.5,1,83,164,1119,91),(5477,1,0,7,1,83,164,1121,91),(5478,1,0,7.5,1,83,164,1123,91),(5479,1,0,9.5,1,83,164,1125,91),(5480,1,0,9,1,83,164,1127,91),(5481,1,0,7,1,83,164,1129,91),(5482,1,0,16.5,1,83,164,1131,91),(5483,1,0,11,1,83,164,1133,91),(5484,1,0,6,1,83,164,1135,91),(5485,1,0,5,1,83,164,1137,91),(5486,1,0,5.5,1,83,164,1139,91),(5487,1,0,17,1,83,164,1053,93),(5488,1,0,14,1,83,164,1055,93),(5489,1,0,16,1,83,164,1057,93),(5490,1,0,12,1,83,164,1059,93),(5491,1,0,16,1,83,164,1061,93),(5492,1,0,14,1,83,164,1063,93),(5493,1,0,12,1,83,164,1065,93),(5494,1,0,12,1,83,164,1067,93),(5495,1,0,14,1,83,164,1069,93),(5496,1,0,13,1,83,164,1071,93),(5497,1,0,17,1,83,164,1073,93),(5498,1,0,16,1,83,164,1075,93),(5499,1,0,12,1,83,164,1077,93),(5500,1,0,16,1,83,164,1079,93),(5501,1,0,17,1,83,164,1081,93),(5502,1,0,13,1,83,164,1083,93),(5503,1,0,16,1,83,164,1085,93),(5504,1,0,14,1,83,164,1089,93),(5505,1,0,16,1,83,164,1091,93),(5506,1,0,16,1,83,164,1093,93),(5507,1,0,15,1,83,164,1095,93),(5508,1,0,17,1,83,164,1097,93),(5509,1,0,16,1,83,164,1099,93),(5510,1,0,17,1,83,164,1101,93),(5511,1,0,15,1,83,164,1103,93),(5512,1,0,16,1,83,164,1105,93),(5513,1,0,16,1,83,164,1107,93),(5514,1,0,16,1,83,164,1109,93),(5515,1,0,13,1,83,164,1111,93),(5516,1,0,15,1,83,164,1113,93),(5517,1,0,15,1,83,164,1115,93),(5518,1,0,16,1,83,164,1117,93),(5519,1,0,17,1,83,164,1119,93),(5520,1,0,14,1,83,164,1121,93),(5521,1,0,14,1,83,164,1123,93),(5522,1,0,14,1,83,164,1125,93),(5523,1,0,10,1,83,164,1127,93),(5524,1,0,17,1,83,164,1131,93),(5525,1,0,13,1,83,164,1133,93),(5526,1,0,17,1,83,164,1135,93),(5527,1,0,14,1,83,164,1137,93),(5528,1,0,14,1,83,164,1139,93),(5529,1,0,10.5,1,83,164,1053,94),(5530,1,0,0.5,1,83,164,1055,94),(5531,1,0,7.5,1,83,164,1057,94),(5532,1,0,6,1,83,164,1059,94),(5533,1,0,0,1,83,164,1061,94),(5534,1,0,7.5,1,83,164,1063,94),(5535,1,0,3,1,83,164,1065,94),(5536,1,0,3,1,83,164,1067,94),(5537,1,0,10.5,1,83,164,1069,94),(5538,1,0,5.5,1,83,164,1071,94),(5539,1,0,6.5,1,83,164,1073,94),(5540,1,0,9,1,83,164,1075,94),(5541,1,0,5,1,83,164,1077,94),(5542,1,0,14,1,83,164,1081,94),(5543,1,0,7.5,1,83,164,1083,94),(5544,1,0,12,1,83,164,1085,94),(5545,1,0,6,1,83,164,1089,94),(5546,1,0,11,1,83,164,1091,94),(5547,1,0,6.25,1,83,164,1093,94),(5548,1,0,4,1,83,164,1097,94),(5549,1,0,8,1,83,164,1099,94),(5550,1,0,10.5,1,83,164,1101,94),(5551,1,0,10.5,1,83,164,1103,94),(5552,1,0,7.5,1,83,164,1105,94),(5553,1,0,8,1,83,164,1107,94),(5554,1,0,5.5,1,83,164,1109,94),(5555,1,0,2.5,1,83,164,1111,94),(5556,1,0,9,1,83,164,1113,94),(5557,1,0,10,1,83,164,1115,94),(5558,1,0,8.5,1,83,164,1117,94),(5559,1,0,4,1,83,164,1119,94),(5560,1,0,2.5,1,83,164,1121,94),(5561,1,0,6.5,1,83,164,1123,94),(5562,1,0,8.5,1,83,164,1125,94),(5563,1,0,5.5,1,83,164,1127,94),(5564,1,0,14,1,83,164,1131,94),(5565,1,0,9.5,1,83,164,1133,94),(5566,1,0,1.5,1,83,164,1135,94),(5567,1,0,3.5,1,83,164,1137,94),(5568,1,0,4.5,1,83,164,1139,94),(5569,1,1,4,1,83,164,1055,94),(5570,1,1,9,1,83,164,1057,94),(5571,1,1,4,1,83,164,1059,94),(5572,1,1,11,1,83,164,1063,94),(5573,1,1,3,1,83,164,1065,94),(5574,1,1,4,1,83,164,1067,94),(5575,1,1,11,1,83,164,1071,94),(5576,1,1,8.5,1,83,164,1073,94),(5577,1,1,9.5,1,83,164,1077,94),(5578,1,1,8.5,1,83,164,1089,94),(5579,1,1,7,1,83,164,1093,94),(5580,1,1,11,1,83,164,1095,94),(5581,1,1,10,1,83,164,1097,94),(5582,1,1,12.5,1,83,164,1099,94),(5583,1,1,6,1,83,164,1109,94),(5584,1,1,2,1,83,164,1111,94),(5585,1,1,3,1,83,164,1113,94),(5586,1,1,8.75,1,83,164,1119,94),(5587,1,1,7,1,83,164,1121,94),(5588,1,1,7,1,83,164,1123,94),(5589,1,1,12,1,83,164,1125,94),(5590,1,1,8,1,83,164,1127,94),(5591,1,1,8,1,83,164,1137,94),(5592,1,1,3,1,83,164,1139,94),(5593,1,0,8.6,1,83,158,1053,91),(5594,1,0,10.4,1,83,158,1055,91),(5595,1,0,12.2,1,83,158,1057,91),(5596,1,0,15.8,1,83,158,1059,91),(5597,1,0,8.6,1,83,158,1061,91),(5598,1,0,12.8,1,83,158,1063,91),(5599,1,0,9.2,1,83,158,1065,91),(5600,1,0,8.8,1,83,158,1067,91),(5601,1,0,11.6,1,83,158,1069,91),(5602,1,0,8.6,1,83,158,1071,91),(5603,1,0,13.4,1,83,158,1073,91),(5604,1,0,11,1,83,158,1075,91),(5605,1,0,9.2,1,83,158,1077,91),(5606,1,0,5.6,1,83,158,1079,91),(5607,1,0,8.6,1,83,158,1081,91),(5608,1,0,11.6,1,83,158,1083,91),(5609,1,0,9.8,1,83,158,1085,91),(5610,1,0,8.6,1,83,158,1089,91),(5611,1,0,11,1,83,158,1091,91),(5612,1,0,15.8,1,83,158,1093,91),(5613,1,0,9.2,1,83,158,1095,91),(5614,1,0,9.8,1,83,158,1097,91),(5615,1,0,11,1,83,158,1099,91),(5616,1,0,10.4,1,83,158,1101,91),(5617,1,0,6.6,1,83,158,1103,91),(5618,1,0,8.6,1,83,158,1105,91),(5619,1,0,5.2,1,83,158,1107,91),(5620,1,0,12.2,1,83,158,1109,91),(5621,1,0,11.6,1,83,158,1111,91),(5622,1,0,11,1,83,158,1113,91),(5623,1,0,9.2,1,83,158,1115,91),(5624,1,0,17,1,83,158,1117,91),(5625,1,0,12.8,1,83,158,1119,91),(5626,1,0,9.8,1,83,158,1121,91),(5627,1,0,6.4,1,83,158,1123,91),(5628,1,0,7.6,1,83,158,1125,91),(5629,1,0,11.6,1,83,158,1127,91),(5630,1,0,2,1,83,158,1129,91),(5631,1,0,6.6,1,83,158,1131,91),(5632,1,0,8.8,1,83,158,1133,91),(5633,1,0,9,1,83,158,1135,91),(5634,1,0,12.8,1,83,158,1137,91),(5635,1,0,12.2,1,83,158,1139,91),(5636,1,0,1.2,1,83,158,4557,91),(5637,1,0,14,1,83,158,1053,93),(5638,1,0,14,1,83,158,1055,93),(5639,1,0,14,1,83,158,1057,93),(5640,1,0,14,1,83,158,1059,93),(5641,1,0,14,1,83,158,1061,93),(5642,1,0,14,1,83,158,1063,93),(5643,1,0,14,1,83,158,1065,93),(5644,1,0,14,1,83,158,1067,93),(5645,1,0,14,1,83,158,1069,93),(5646,1,0,14,1,83,158,1071,93),(5647,1,0,14,1,83,158,1073,93),(5648,1,0,17,1,83,158,1075,93),(5649,1,0,17,1,83,158,1077,93),(5650,1,0,17,1,83,158,1079,93),(5651,1,0,17,1,83,158,1081,93),(5652,1,0,17,1,83,158,1083,93),(5653,1,0,17,1,83,158,1085,93),(5654,1,0,17,1,83,158,1089,93),(5655,1,0,17,1,83,158,1091,93),(5656,1,0,17,1,83,158,1093,93),(5657,1,0,13,1,83,158,1095,93),(5658,1,0,17,1,83,158,1097,93),(5659,1,0,15,1,83,158,1099,93),(5660,1,0,15,1,83,158,1101,93),(5661,1,0,15,1,83,158,1103,93),(5662,1,0,15,1,83,158,1105,93),(5663,1,0,15,1,83,158,1107,93),(5664,1,0,15,1,83,158,1109,93),(5665,1,0,15,1,83,158,1111,93),(5666,1,0,15,1,83,158,1113,93),(5667,1,0,15,1,83,158,1115,93),(5668,1,0,15,1,83,158,1117,93),(5669,1,0,13,1,83,158,1119,93),(5670,1,0,13,1,83,158,1121,93),(5671,1,0,13,1,83,158,1123,93),(5672,1,0,13,1,83,158,1125,93),(5673,1,0,13,1,83,158,1127,93),(5674,1,0,17,1,83,158,1129,93),(5675,1,0,13,1,83,158,1131,93),(5676,1,0,13,1,83,158,1133,93),(5677,1,0,13,1,83,158,1135,93),(5678,1,0,13,1,83,158,1137,93),(5679,1,0,13,1,83,158,1139,93),(5680,1,0,14,1,83,158,4557,93),(5681,1,0,14,1,83,158,1053,94),(5682,1,0,9,1,83,158,1055,94),(5683,1,0,13,1,83,158,1057,94),(5684,1,0,12,1,83,158,1059,94),(5685,1,0,12,1,83,158,1061,94),(5686,1,0,13,1,83,158,1063,94),(5687,1,0,10,1,83,158,1065,94),(5688,1,0,12,1,83,158,1067,94),(5689,1,0,12,1,83,158,1069,94),(5690,1,0,12,1,83,158,1071,94),(5691,1,0,14,1,83,158,1073,94),(5692,1,0,12,1,83,158,1075,94),(5693,1,0,6,1,83,158,1077,94),(5694,1,0,7,1,83,158,1079,94),(5695,1,0,11,1,83,158,1081,94),(5696,1,0,16,1,83,158,1083,94),(5697,1,0,6,1,83,158,1085,94),(5698,1,0,9,1,83,158,1089,94),(5699,1,0,11,1,83,158,1091,94),(5700,1,0,18,1,83,158,1093,94),(5701,1,0,5,1,83,158,1095,94),(5702,1,0,15,1,83,158,1097,94),(5703,1,0,17,1,83,158,1099,94),(5704,1,0,18,1,83,158,1101,94),(5705,1,0,4,1,83,158,1103,94),(5706,1,0,5,1,83,158,1105,94),(5707,1,0,10,1,83,158,1107,94),(5708,1,0,10,1,83,158,1109,94),(5709,1,0,10,1,83,158,1111,94),(5710,1,0,9,1,83,158,1113,94),(5711,1,0,11,1,83,158,1115,94),(5712,1,0,17.5,1,83,158,1117,94),(5713,1,0,15,1,83,158,1119,94),(5714,1,0,5,1,83,158,1121,94),(5715,1,0,8,1,83,158,1123,94),(5716,1,0,9,1,83,158,1125,94),(5717,1,0,8,1,83,158,1127,94),(5718,1,0,7,1,83,158,1129,94),(5719,1,0,8,1,83,158,1131,94),(5720,1,0,6,1,83,158,1133,94),(5721,1,0,14,1,83,158,1135,94),(5722,1,0,15,1,83,158,1137,94),(5723,1,0,16,1,83,158,1139,94),(5724,1,0,11,1,83,158,4557,94),(5725,1,1,12,1,83,158,1077,94),(5726,1,1,11,1,83,158,1095,94),(5727,1,0,13,1,83,156,1053,91),(5728,1,0,15,1,83,156,1055,91),(5729,1,0,12.5,1,83,156,1057,91),(5730,1,0,16.5,1,83,156,1059,91),(5731,1,0,8,1,83,156,1061,91),(5732,1,0,16,1,83,156,1063,91),(5733,1,0,11.5,1,83,156,1065,91),(5734,1,0,19.5,1,83,156,1067,91),(5735,1,0,11,1,83,156,1069,91),(5736,1,0,15.5,1,83,156,1071,91),(5737,1,0,7.5,1,83,156,1073,91),(5738,1,0,6.5,1,83,156,1075,91),(5739,1,0,11,1,83,156,1077,91),(5740,1,0,6,1,83,156,1079,91),(5741,1,0,6,1,83,156,1081,91),(5742,1,0,10,1,83,156,1083,91),(5743,1,0,10.5,1,83,156,1085,91),(5744,1,0,10,1,83,156,1089,91),(5745,1,0,13,1,83,156,1091,91),(5746,1,0,16.5,1,83,156,1093,91),(5747,1,0,7,1,83,156,1095,91),(5748,1,0,13,1,83,156,1097,91),(5749,1,0,11,1,83,156,1099,91),(5750,1,0,13,1,83,156,1101,91),(5751,1,0,7.5,1,83,156,1103,91),(5752,1,0,3.5,1,83,156,1105,91),(5753,1,0,4,1,83,156,1107,91),(5754,1,0,7,1,83,156,1109,91),(5755,1,0,12.5,1,83,156,1111,91),(5756,1,0,5.5,1,83,156,1113,91),(5757,1,0,10,1,83,156,1115,91),(5758,1,0,10,1,83,156,1117,91),(5759,1,0,10,1,83,156,1119,91),(5760,1,0,5,1,83,156,1121,91),(5761,1,0,6,1,83,156,1123,91),(5762,1,0,3.5,1,83,156,1125,91),(5763,1,0,10,1,83,156,1127,91),(5764,1,0,7,1,83,156,1129,91),(5765,1,0,6.5,1,83,156,1131,91),(5766,1,0,7.5,1,83,156,1133,91),(5767,1,0,8,1,83,156,1135,91),(5768,1,0,11.5,1,83,156,1137,91),(5769,1,0,12.5,1,83,156,1139,91),(5770,1,0,11,1,83,156,4481,91),(5771,1,0,10,1,83,156,4547,91),(5772,1,0,6,1,83,156,4425,91),(5773,1,0,11,1,83,156,4553,91),(5774,1,0,6,1,83,156,4557,91),(5775,1,0,7.5,1,83,156,4559,91),(5776,1,0,15,1,83,156,1053,93),(5777,1,0,15,1,83,156,1055,93),(5778,1,0,18,1,83,156,1057,93),(5779,1,0,19,1,83,156,1059,93),(5780,1,0,18,1,83,156,1061,93),(5781,1,0,18.5,1,83,156,1063,93),(5782,1,0,14,1,83,156,1065,93),(5783,1,0,18,1,83,156,1067,93),(5784,1,0,17.5,1,83,156,1069,93),(5785,1,0,17.5,1,83,156,1071,93),(5786,1,0,17.5,1,83,156,1073,93),(5787,1,0,15,1,83,156,1075,93),(5788,1,0,14.5,1,83,156,1077,93),(5789,1,0,14.5,1,83,156,1079,93),(5790,1,0,14.5,1,83,156,1081,93),(5791,1,0,14.5,1,83,156,1083,93),(5792,1,0,15,1,83,156,1085,93),(5793,1,0,15,1,83,156,1089,93),(5794,1,0,15,1,83,156,1091,93),(5795,1,0,15.5,1,83,156,1093,93),(5796,1,0,17,1,83,156,1095,93),(5797,1,0,17,1,83,156,1097,93),(5798,1,0,17,1,83,156,1099,93),(5799,1,0,17,1,83,156,1101,93),(5800,1,0,17,1,83,156,1103,93),(5801,1,0,14.5,1,83,156,1105,93),(5802,1,0,14,1,83,156,1107,93),(5803,1,0,14,1,83,156,1109,93),(5804,1,0,15,1,83,156,1111,93),(5805,1,0,14,1,83,156,1113,93),(5806,1,0,14.5,1,83,156,1115,93),(5807,1,0,14.5,1,83,156,1117,93),(5808,1,0,14,1,83,156,1119,93),(5809,1,0,14,1,83,156,1121,93),(5810,1,0,14,1,83,156,1123,93),(5811,1,0,14,1,83,156,1125,93),(5812,1,0,14,1,83,156,1127,93),(5813,1,0,14,1,83,156,1129,93),(5814,1,0,14,1,83,156,1131,93),(5815,1,0,17.5,1,83,156,1133,93),(5816,1,0,15,1,83,156,1135,93),(5817,1,0,19,1,83,156,1137,93),(5818,1,0,15,1,83,156,1139,93),(5819,1,0,17.5,1,83,156,4481,93),(5820,1,0,14,1,83,156,4547,93),(5821,1,0,15,1,83,156,4425,93),(5822,1,0,10,1,83,156,4553,93),(5823,1,0,17,1,83,156,4557,93),(5824,1,0,14.5,1,83,156,4559,93),(5825,1,0,11,1,83,156,1053,94),(5826,1,0,10.5,1,83,156,1055,94),(5827,1,0,12,1,83,156,1057,94),(5828,1,0,14.5,1,83,156,1059,94),(5829,1,0,13.5,1,83,156,1061,94),(5830,1,0,16,1,83,156,1063,94),(5831,1,0,9,1,83,156,1067,94),(5832,1,0,11,1,83,156,1069,94),(5833,1,0,12,1,83,156,1071,94),(5834,1,0,16,1,83,156,1073,94),(5835,1,0,9.5,1,83,156,1075,94),(5836,1,0,6,1,83,156,1077,94),(5837,1,0,8.5,1,83,156,1079,94),(5838,1,0,8,1,83,156,1081,94),(5839,1,0,5.5,1,83,156,1083,94),(5840,1,0,10.5,1,83,156,1085,94),(5841,1,0,17,1,83,156,1089,94),(5842,1,0,10,1,83,156,1091,94),(5843,1,0,13.5,1,83,156,1093,94),(5844,1,0,9,1,83,156,1095,94),(5845,1,0,9.5,1,83,156,1097,94),(5846,1,0,18,1,83,156,1099,94),(5847,1,0,14.5,1,83,156,1101,94),(5848,1,0,6.5,1,83,156,1103,94),(5849,1,0,6,1,83,156,1105,94),(5850,1,0,4,1,83,156,1107,94),(5851,1,0,11.5,1,83,156,1109,94),(5852,1,0,10,1,83,156,1111,94),(5853,1,0,12.5,1,83,156,1113,94),(5854,1,0,10,1,83,156,1115,94),(5855,1,0,17,1,83,156,1117,94),(5856,1,0,6.5,1,83,156,1119,94),(5857,1,0,4.5,1,83,156,1121,94),(5858,1,0,9,1,83,156,1123,94),(5859,1,0,7.5,1,83,156,1125,94),(5860,1,0,9.5,1,83,156,1127,94),(5861,1,0,2,1,83,156,1129,94),(5862,1,0,10.5,1,83,156,1131,94),(5863,1,0,5,1,83,156,1133,94),(5864,1,0,4.5,1,83,156,1135,94),(5865,1,0,8.5,1,83,156,1137,94),(5866,1,0,13,1,83,156,1139,94),(5867,1,0,3.5,1,83,156,4481,94),(5868,1,0,5,1,83,156,4547,94),(5869,1,0,10.5,1,83,156,4425,94),(5870,1,0,7,1,83,156,4553,94),(5871,1,0,9,1,83,156,4557,94),(5872,1,0,2.5,1,83,156,4559,94),(5873,1,1,10,1,83,156,1065,94),(5874,1,1,12,1,83,156,1075,94),(5875,1,1,16,1,83,156,1077,94),(5876,1,1,14,1,83,156,1079,94),(5877,1,1,12,1,83,156,1081,94),(5878,1,1,19,1,83,156,1083,94),(5879,1,1,15,1,83,156,1103,94),(5880,1,1,8,1,83,156,1105,94),(5881,1,1,15,1,83,156,1107,94),(5882,1,1,12,1,83,156,1119,94),(5883,1,1,10,1,83,156,1121,94),(5884,1,1,18,1,83,156,1123,94),(5885,1,1,12.5,1,83,156,1125,94),(5886,1,1,16,1,83,156,1133,94),(5887,1,1,11,1,83,156,1135,94),(5888,1,1,12,1,83,156,4481,94),(5889,1,1,14,1,83,156,4547,94),(5890,1,1,14,1,83,156,4553,94),(5891,1,1,12,1,83,156,4557,94),(5892,1,1,13,1,83,156,4559,94),(5893,1,0,13,1,83,161,1053,91),(5894,1,0,9.5,1,83,161,1055,91),(5895,1,0,12,1,83,161,1057,91),(5896,1,0,14,1,83,161,1059,91),(5897,1,0,9.5,1,83,161,1061,91),(5898,1,0,15,1,83,161,1063,91),(5899,1,0,10.5,1,83,161,1065,91),(5900,1,0,9.5,1,83,161,1067,91),(5901,1,0,15,1,83,161,1069,91),(5902,1,0,8.5,1,83,161,1071,91),(5903,1,0,12.5,1,83,161,1073,91),(5904,1,0,11.5,1,83,161,1075,91),(5905,1,0,10.5,1,83,161,1077,91),(5906,1,0,9,1,83,161,1079,91),(5907,1,0,7,1,83,161,1081,91),(5908,1,0,11.5,1,83,161,1083,91),(5909,1,0,8.5,1,83,161,1085,91),(5910,1,0,8.5,1,83,161,1089,91),(5911,1,0,9,1,83,161,1091,91),(5912,1,0,13,1,83,161,1093,91),(5913,1,0,11.5,1,83,161,1095,91),(5914,1,0,11.5,1,83,161,1097,91),(5915,1,0,10.5,1,83,161,1099,91),(5916,1,0,13.5,1,83,161,1101,91),(5917,1,0,11,1,83,161,1103,91),(5918,1,0,8,1,83,161,1105,91),(5919,1,0,8,1,83,161,1107,91),(5920,1,0,15,1,83,161,1109,91),(5921,1,0,9.5,1,83,161,1111,91),(5922,1,0,13,1,83,161,1113,91),(5923,1,0,10.5,1,83,161,1115,91),(5924,1,0,15.5,1,83,161,1117,91),(5925,1,0,12,1,83,161,1119,91),(5926,1,0,8.5,1,83,161,1121,91),(5927,1,0,11.5,1,83,161,1123,91),(5928,1,0,10.5,1,83,161,1125,91),(5929,1,0,12.5,1,83,161,1127,91),(5930,1,0,5,1,83,161,1129,91),(5931,1,0,10,1,83,161,1131,91),(5932,1,0,10,1,83,161,1133,91),(5933,1,0,14,1,83,161,1135,91),(5934,1,0,15,1,83,161,1137,91),(5935,1,0,14.5,1,83,161,1139,91),(5936,1,0,7.75,1,83,161,4363,91),(5937,1,0,13,1,83,161,1053,93),(5938,1,0,9.5,1,83,161,1055,93),(5939,1,0,12,1,83,161,1057,93),(5940,1,0,14,1,83,161,1059,93),(5941,1,0,9.5,1,83,161,1061,93),(5942,1,0,15,1,83,161,1063,93),(5943,1,0,10.5,1,83,161,1065,93),(5944,1,0,9.5,1,83,161,1067,93),(5945,1,0,15,1,83,161,1069,93),(5946,1,0,8.5,1,83,161,1071,93),(5947,1,0,12.5,1,83,161,1073,93),(5948,1,0,11.5,1,83,161,1075,93),(5949,1,0,10.5,1,83,161,1077,93),(5950,1,0,9,1,83,161,1079,93),(5951,1,0,7,1,83,161,1081,93),(5952,1,0,11.5,1,83,161,1083,93),(5953,1,0,8.5,1,83,161,1085,93),(5954,1,0,8.5,1,83,161,1089,93),(5955,1,0,9,1,83,161,1091,93),(5956,1,0,13,1,83,161,1093,93),(5957,1,0,11.5,1,83,161,1095,93),(5958,1,0,11.5,1,83,161,1097,93),(5959,1,0,10.5,1,83,161,1099,93),(5960,1,0,13.5,1,83,161,1101,93),(5961,1,0,11,1,83,161,1103,93),(5962,1,0,8,1,83,161,1105,93),(5963,1,0,8,1,83,161,1107,93),(5964,1,0,15,1,83,161,1109,93),(5965,1,0,9.5,1,83,161,1111,93),(5966,1,0,13,1,83,161,1113,93),(5967,1,0,10.5,1,83,161,1115,93),(5968,1,0,15.5,1,83,161,1117,93),(5969,1,0,12,1,83,161,1119,93),(5970,1,0,8.5,1,83,161,1121,93),(5971,1,0,11.5,1,83,161,1123,93),(5972,1,0,10.5,1,83,161,1125,93),(5973,1,0,12.5,1,83,161,1127,93),(5974,1,0,5,1,83,161,1129,93),(5975,1,0,10,1,83,161,1131,93),(5976,1,0,10,1,83,161,1133,93),(5977,1,0,14,1,83,161,1135,93),(5978,1,0,15,1,83,161,1137,93),(5979,1,0,14.5,1,83,161,1139,93),(5980,1,0,13.3,1,83,161,4363,93),(5981,1,0,13.25,1,83,161,1053,94),(5982,1,0,10,1,83,161,1055,94),(5983,1,0,14.25,1,83,161,1057,94),(5984,1,0,10,1,83,161,1059,94),(5985,1,0,12,1,83,161,1061,94),(5986,1,0,12.75,1,83,161,1063,94),(5987,1,0,8,1,83,161,1065,94),(5988,1,0,9.25,1,83,161,1067,94),(5989,1,0,11.5,1,83,161,1069,94),(5990,1,0,10.25,1,83,161,1071,94),(5991,1,0,12.5,1,83,161,1073,94),(5992,1,0,10.25,1,83,161,1075,94),(5993,1,0,10,1,83,161,1077,94),(5994,1,0,6,1,83,161,1079,94),(5995,1,0,10.75,1,83,161,1081,94),(5996,1,0,12.75,1,83,161,1083,94),(5997,1,0,5,1,83,161,1085,94),(5998,1,0,7,1,83,161,1089,94),(5999,1,0,11.75,1,83,161,1091,94),(6000,1,0,13.5,1,83,161,1093,94),(6001,1,0,7,1,83,161,1095,94),(6002,1,0,10.25,1,83,161,1097,94),(6003,1,0,11,1,83,161,1099,94),(6004,1,0,13.75,1,83,161,1101,94),(6005,1,0,7.25,1,83,161,1103,94),(6006,1,0,13,1,83,161,1105,94),(6007,1,0,6,1,83,161,1107,94),(6008,1,0,7,1,83,161,1109,94),(6009,1,0,10.25,1,83,161,1111,94),(6010,1,0,10.5,1,83,161,1113,94),(6011,1,0,10.75,1,83,161,1115,94),(6012,1,0,15.5,1,83,161,1117,94),(6013,1,0,12.25,1,83,161,1119,94),(6014,1,0,5.75,1,83,161,1121,94),(6015,1,0,12.25,1,83,161,1123,94),(6016,1,0,11.5,1,83,161,1125,94),(6017,1,0,6.5,1,83,161,1127,94),(6018,1,0,7,1,83,161,1131,94),(6019,1,0,7.5,1,83,161,1133,94),(6020,1,0,6.5,1,83,161,1135,94),(6021,1,0,6.75,1,83,161,1137,94),(6022,1,0,6.5,1,83,161,1139,94),(6023,1,0,8.5,1,83,161,4363,94),(6024,1,1,11.75,1,83,161,1055,94),(6025,1,1,15.5,1,83,161,1065,94),(6026,1,1,10.5,1,83,161,1067,94),(6027,1,1,13,1,83,161,1081,94),(6028,1,1,10,1,83,161,1089,94),(6029,1,1,11.75,1,83,161,1095,94),(6030,1,1,5.5,1,83,161,1107,94),(6031,1,1,13,1,83,161,1111,94),(6032,1,1,13.5,1,83,161,1131,94),(6033,1,1,10.5,1,83,161,1133,94),(6034,1,1,12.75,1,83,161,4363,94),(6035,1,0,10,1,83,162,1053,91),(6036,1,0,3,1,83,162,1055,91),(6037,1,0,9,1,83,162,1057,91),(6038,1,0,13.5,1,83,162,1059,91),(6039,1,0,5,1,83,162,1061,91),(6040,1,0,7,1,83,162,1063,91),(6041,1,0,4,1,83,162,1065,91),(6042,1,0,15,1,83,162,1067,91),(6043,1,0,17,1,83,162,1069,91),(6044,1,0,1,1,83,162,1071,91),(6045,1,0,8.5,1,83,162,1073,91),(6046,1,0,9,1,83,162,1075,91),(6047,1,0,6.5,1,83,162,1077,91),(6048,1,0,10,1,83,162,1079,91),(6049,1,0,4,1,83,162,1081,91),(6050,1,0,12.5,1,83,162,1083,91),(6051,1,0,12.5,1,83,162,1085,91),(6052,1,0,10,1,83,162,1089,91),(6053,1,0,14,1,83,162,1091,91),(6054,1,0,13.5,1,83,162,1093,91),(6055,1,0,2,1,83,162,1095,91),(6056,1,0,13,1,83,162,1097,91),(6057,1,0,16,1,83,162,1099,91),(6058,1,0,18,1,83,162,1101,91),(6059,1,0,2,1,83,162,1105,91),(6060,1,0,4,1,83,162,1109,91),(6061,1,0,14,1,83,162,1111,91),(6062,1,0,14,1,83,162,1113,91),(6063,1,0,11,1,83,162,1115,91),(6064,1,0,16,1,83,162,1117,91),(6065,1,0,13.5,1,83,162,1119,91),(6066,1,0,8,1,83,162,1121,91),(6067,1,0,12.5,1,83,162,1123,91),(6068,1,0,6,1,83,162,1125,91),(6069,1,0,10.5,1,83,162,1127,91),(6070,1,0,13.5,1,83,162,1131,91),(6071,1,0,3,1,83,162,1133,91),(6072,1,0,11,1,83,162,1135,91),(6073,1,0,3,1,83,162,1137,91),(6074,1,0,5,1,83,162,1139,91),(6075,1,0,4.5,1,83,162,4425,91),(6076,1,0,3,1,83,162,4363,91),(6077,1,0,16,1,83,162,1053,93),(6078,1,0,16,1,83,162,1055,93),(6079,1,0,13,1,83,162,1057,93),(6080,1,0,16,1,83,162,1059,93),(6081,1,0,14.5,1,83,162,1061,93),(6082,1,0,14.5,1,83,162,1063,93),(6083,1,0,16,1,83,162,1065,93),(6084,1,0,16,1,83,162,1067,93),(6085,1,0,18,1,83,162,1069,93),(6086,1,0,16,1,83,162,1071,93),(6087,1,0,14.5,1,83,162,1073,93),(6088,1,0,13,1,83,162,1075,93),(6089,1,0,17,1,83,162,1077,93),(6090,1,0,14.5,1,83,162,1079,93),(6091,1,0,15.5,1,83,162,1081,93),(6092,1,0,16,1,83,162,1083,93),(6093,1,0,16,1,83,162,1085,93),(6094,1,0,17,1,83,162,1089,93),(6095,1,0,15.5,1,83,162,1091,93),(6096,1,0,14.5,1,83,162,1093,93),(6097,1,0,15.5,1,83,162,1095,93),(6098,1,0,17,1,83,162,1097,93),(6099,1,0,18,1,83,162,1099,93),(6100,1,0,18,1,83,162,1101,93),(6101,1,0,13,1,83,162,1105,93),(6102,1,0,17,1,83,162,1107,93),(6103,1,0,15.5,1,83,162,1109,93),(6104,1,0,13,1,83,162,1111,93),(6105,1,0,16,1,83,162,1113,93),(6106,1,0,14.5,1,83,162,1115,93),(6107,1,0,18,1,83,162,1117,93),(6108,1,0,18,1,83,162,1119,93),(6109,1,0,18,1,83,162,1121,93),(6110,1,0,17,1,83,162,1123,93),(6111,1,0,18,1,83,162,1125,93),(6112,1,0,17,1,83,162,1127,93),(6113,1,0,16,1,83,162,1129,93),(6114,1,0,13,1,83,162,1131,93),(6115,1,0,15.5,1,83,162,1133,93),(6116,1,0,16,1,83,162,1135,93),(6117,1,0,18,1,83,162,1137,93),(6118,1,0,18,1,83,162,1139,93),(6119,1,0,15.5,1,83,162,4425,93),(6120,1,0,15.5,1,83,162,4363,93),(6121,1,0,11.5,1,83,162,1053,94),(6122,1,0,1,1,83,162,1055,94),(6123,1,0,6,1,83,162,1057,94),(6124,1,0,11,1,83,162,1059,94),(6125,1,0,5,1,83,162,1061,94),(6126,1,0,8,1,83,162,1063,94),(6127,1,0,1.5,1,83,162,1065,94),(6128,1,0,5.5,1,83,162,1067,94),(6129,1,0,11.5,1,83,162,1069,94),(6130,1,0,1.5,1,83,162,1071,94),(6131,1,0,9,1,83,162,1073,94),(6132,1,0,7.5,1,83,162,1075,94),(6133,1,0,3.5,1,83,162,1077,94),(6134,1,0,4,1,83,162,1081,94),(6135,1,0,9,1,83,162,1083,94),(6136,1,0,2,1,83,162,1085,94),(6137,1,0,4.5,1,83,162,1089,94),(6138,1,0,11.5,1,83,162,1091,94),(6139,1,0,8.5,1,83,162,1093,94),(6140,1,0,2,1,83,162,1095,94),(6141,1,0,10,1,83,162,1097,94),(6142,1,0,9.5,1,83,162,1099,94),(6143,1,0,13.5,1,83,162,1101,94),(6144,1,0,3.5,1,83,162,1103,94),(6145,1,0,1,1,83,162,1105,94),(6146,1,0,3.5,1,83,162,1109,94),(6147,1,0,9,1,83,162,1111,94),(6148,1,0,10,1,83,162,1113,94),(6149,1,0,6.5,1,83,162,1115,94),(6150,1,0,13,1,83,162,1117,94),(6151,1,0,8.5,1,83,162,1119,94),(6152,1,0,1,1,83,162,1121,94),(6153,1,0,7.5,1,83,162,1123,94),(6154,1,0,6,1,83,162,1125,94),(6155,1,0,10.5,1,83,162,1127,94),(6156,1,0,1,1,83,162,1129,94),(6157,1,0,1,1,83,162,1131,94),(6158,1,0,3.5,1,83,162,1133,94),(6159,1,0,7.5,1,83,162,1135,94),(6160,1,0,2.5,1,83,162,1137,94),(6161,1,0,1,1,83,162,1139,94),(6162,1,0,3,1,83,162,4425,94),(6163,1,0,7,1,83,162,4363,94),(6164,1,1,6,1,83,162,1061,94),(6165,1,1,11.5,1,83,162,4425,94),(6166,1,1,12,1,83,162,4363,94),(6167,1,0,13,1,83,159,1051,91),(6168,1,0,19,1,83,159,1053,91),(6169,1,0,7.5,1,83,159,1055,91),(6170,1,0,12.5,1,83,159,1057,91),(6171,1,0,14.5,1,83,159,1059,91),(6172,1,0,13.5,1,83,159,1061,91),(6173,1,0,15.5,1,83,159,1063,91),(6174,1,0,11,1,83,159,1065,91),(6175,1,0,7,1,83,159,1067,91),(6176,1,0,12,1,83,159,1069,91),(6177,1,0,3.5,1,83,159,1071,91),(6178,1,0,12,1,83,159,1073,91),(6179,1,0,9,1,83,159,1075,91),(6180,1,0,6,1,83,159,1077,91),(6181,1,0,8,1,83,159,1079,91),(6182,1,0,11,1,83,159,1081,91),(6183,1,0,10,1,83,159,1083,91),(6184,1,0,16,1,83,159,1085,91),(6185,1,0,11.5,1,83,159,1087,91),(6186,1,0,8,1,83,159,1089,91),(6187,1,0,10.5,1,83,159,1091,91),(6188,1,0,16.5,1,83,159,1093,91),(6189,1,0,4,1,83,159,1095,91),(6190,1,0,11,1,83,159,1097,91),(6191,1,0,13.5,1,83,159,1099,91),(6192,1,0,13.5,1,83,159,1101,91),(6193,1,0,5.5,1,83,159,1103,91),(6194,1,0,0.5,1,83,159,1105,91),(6195,1,0,10.5,1,83,159,1107,91),(6196,1,0,12,1,83,159,1109,91),(6197,1,0,12,1,83,159,1111,91),(6198,1,0,17,1,83,159,1113,91),(6199,1,0,10.5,1,83,159,1115,91),(6200,1,0,13.5,1,83,159,1117,91),(6201,1,0,16,1,83,159,1119,91),(6202,1,0,7,1,83,159,1121,91),(6203,1,0,10,1,83,159,1123,91),(6204,1,0,7,1,83,159,1125,91),(6205,1,0,16,1,83,159,1127,91),(6206,1,0,4,1,83,159,1129,91),(6207,1,0,10,1,83,159,1131,91),(6208,1,0,12,1,83,159,1133,91),(6209,1,0,9,1,83,159,1135,91),(6210,1,0,10,1,83,159,1137,91),(6211,1,0,14.5,1,83,159,1139,91),(6212,1,0,6.5,1,83,159,4425,91),(6213,1,0,10.5,1,83,159,4557,91),(6214,1,0,1.5,1,83,159,4363,91),(6215,1,0,15.5,1,83,159,1051,93),(6216,1,0,15.5,1,83,159,1053,93),(6217,1,0,13.5,1,83,159,1055,93),(6218,1,0,17.5,1,83,159,1057,93),(6219,1,0,18.5,1,83,159,1059,93),(6220,1,0,17.5,1,83,159,1061,93),(6221,1,0,17.5,1,83,159,1063,93),(6222,1,0,18.5,1,83,159,1065,93),(6223,1,0,18.5,1,83,159,1067,93),(6224,1,0,15.5,1,83,159,1069,93),(6225,1,0,14.5,1,83,159,1071,93),(6226,1,0,15.5,1,83,159,1073,93),(6227,1,0,13.5,1,83,159,1075,93),(6228,1,0,14.5,1,83,159,1077,93),(6229,1,0,13,1,83,159,1079,93),(6230,1,0,14,1,83,159,1081,93),(6231,1,0,13,1,83,159,1083,93),(6232,1,0,14,1,83,159,1085,93),(6233,1,0,14,1,83,159,1087,93),(6234,1,0,16.5,1,83,159,1089,93),(6235,1,0,15.5,1,83,159,1091,93),(6236,1,0,16.5,1,83,159,1093,93),(6237,1,0,15.5,1,83,159,1095,93),(6238,1,0,15.5,1,83,159,1097,93),(6239,1,0,15.5,1,83,159,1099,93),(6240,1,0,17.5,1,83,159,1101,93),(6241,1,0,15.5,1,83,159,1103,93),(6242,1,0,14.5,1,83,159,1105,93),(6243,1,0,15.5,1,83,159,1107,93),(6244,1,0,16.5,1,83,159,1109,93),(6245,1,0,16.5,1,83,159,1111,93),(6246,1,0,19.5,1,83,159,1113,93),(6247,1,0,18.5,1,83,159,1115,93),(6248,1,0,19.5,1,83,159,1117,93),(6249,1,0,14,1,83,159,1119,93),(6250,1,0,14,1,83,159,1121,93),(6251,1,0,15,1,83,159,1123,93),(6252,1,0,15,1,83,159,1125,93),(6253,1,0,15,1,83,159,1127,93),(6254,1,0,14,1,83,159,1129,93),(6255,1,0,16,1,83,159,1131,93),(6256,1,0,16,1,83,159,1133,93),(6257,1,0,16,1,83,159,1135,93),(6258,1,0,13.5,1,83,159,1137,93),(6259,1,0,17,1,83,159,1139,93),(6260,1,0,17.5,1,83,159,4425,93),(6261,1,0,11,1,83,159,4557,93),(6262,1,0,15,1,83,159,4363,93),(6263,1,0,16,1,83,159,1051,94),(6264,1,0,19,1,83,159,1053,94),(6265,1,0,12.5,1,83,159,1055,94),(6266,1,0,18,1,83,159,1057,94),(6267,1,0,12.5,1,83,159,1059,94),(6268,1,0,15.5,1,83,159,1061,94),(6269,1,0,15.5,1,83,159,1063,94),(6270,1,0,5,1,83,159,1065,94),(6271,1,0,8.5,1,83,159,1067,94),(6272,1,0,16.5,1,83,159,1069,94),(6273,1,0,11.5,1,83,159,1071,94),(6274,1,0,15,1,83,159,1073,94),(6275,1,0,10,1,83,159,1075,94),(6276,1,0,13,1,83,159,1077,94),(6277,1,0,5,1,83,159,1079,94),(6278,1,0,10.5,1,83,159,1081,94),(6279,1,0,13.5,1,83,159,1083,94),(6280,1,0,18,1,83,159,1085,94),(6281,1,0,12.5,1,83,159,1089,94),(6282,1,0,13.5,1,83,159,1091,94),(6283,1,0,19,1,83,159,1093,94),(6284,1,0,10,1,83,159,1095,94),(6285,1,0,13,1,83,159,1097,94),(6286,1,0,14,1,83,159,1099,94),(6287,1,0,17,1,83,159,1101,94),(6288,1,0,10.5,1,83,159,1105,94),(6289,1,0,10,1,83,159,1107,94),(6290,1,0,15,1,83,159,1109,94),(6291,1,0,14.5,1,83,159,1111,94),(6292,1,0,18,1,83,159,1113,94),(6293,1,0,14,1,83,159,1115,94),(6294,1,0,17,1,83,159,1117,94),(6295,1,0,18,1,83,159,1119,94),(6296,1,0,7,1,83,159,1121,94),(6297,1,0,12,1,83,159,1123,94),(6298,1,0,7,1,83,159,1125,94),(6299,1,0,15.5,1,83,159,1127,94),(6300,1,0,4,1,83,159,1129,94),(6301,1,0,13,1,83,159,1131,94),(6302,1,0,11,1,83,159,1133,94),(6303,1,0,12,1,83,159,1135,94),(6304,1,0,13,1,83,159,1137,94),(6305,1,0,12,1,83,159,1139,94),(6306,1,0,3.5,1,83,159,4425,94),(6307,1,0,13.5,1,83,159,4557,94),(6308,1,0,2.5,1,83,159,4363,94),(6309,1,1,5,1,83,159,1065,94),(6310,1,1,10,1,83,159,1071,94),(6311,1,1,13,1,83,159,1079,94),(6312,1,1,8.5,1,83,159,1105,94),(6313,1,1,14.5,1,83,159,1121,94),(6314,1,1,12,1,83,159,1125,94),(6315,1,1,5,1,83,159,1129,94),(6316,1,1,11,1,83,159,4425,94),(6317,1,1,10,1,83,159,4363,94),(6318,1,0,12,1,83,163,1053,91),(6319,1,0,19,1,83,163,1055,91),(6320,1,0,18.5,1,83,163,1057,91),(6321,1,0,18,1,83,163,1059,91),(6322,1,0,12,1,83,163,1061,91),(6323,1,0,17.5,1,83,163,1063,91),(6324,1,0,13.5,1,83,163,1065,91),(6325,1,0,17,1,83,163,1067,91),(6326,1,0,18.5,1,83,163,1069,91),(6327,1,0,14.5,1,83,163,1071,91),(6328,1,0,16.5,1,83,163,1073,91),(6329,1,0,18.5,1,83,163,1075,91),(6330,1,0,15,1,83,163,1077,91),(6331,1,0,13.5,1,83,163,1079,91),(6332,1,0,16.5,1,83,163,1081,91),(6333,1,0,12.5,1,83,163,1083,91),(6334,1,0,16.5,1,83,163,1085,91),(6335,1,0,14,1,83,163,1089,91),(6336,1,0,16,1,83,163,1091,91),(6337,1,0,18,1,83,163,1093,91),(6338,1,0,17.5,1,83,163,1095,91),(6339,1,0,15.5,1,83,163,1097,91),(6340,1,0,16.5,1,83,163,1099,91),(6341,1,0,18,1,83,163,1101,91),(6342,1,0,16.5,1,83,163,1103,91),(6343,1,0,12,1,83,163,1105,91),(6344,1,0,9.5,1,83,163,1107,91),(6345,1,0,14,1,83,163,1109,91),(6346,1,0,15,1,83,163,1111,91),(6347,1,0,13,1,83,163,1113,91),(6348,1,0,10.5,1,83,163,1115,91),(6349,1,0,18.5,1,83,163,1117,91),(6350,1,0,19,1,83,163,1119,91),(6351,1,0,12.5,1,83,163,1121,91),(6352,1,0,16,1,83,163,1123,91),(6353,1,0,14.5,1,83,163,1125,91),(6354,1,0,17,1,83,163,1127,91),(6355,1,0,2,1,83,163,1129,91),(6356,1,0,15,1,83,163,1131,91),(6357,1,0,14.5,1,83,163,1133,91),(6358,1,0,10,1,83,163,1135,91),(6359,1,0,17.5,1,83,163,1137,91),(6360,1,0,17,1,83,163,1139,91),(6361,1,0,11,1,83,163,4523,91),(6362,1,0,4.5,1,83,163,4425,91),(6363,1,0,9,1,83,163,4559,91),(6364,1,0,3,1,83,163,4363,91),(6365,1,0,15,1,83,163,1053,93),(6366,1,0,15,1,83,163,1055,93),(6367,1,0,15,1,83,163,1057,93),(6368,1,0,15,1,83,163,1059,93),(6369,1,0,15,1,83,163,1061,93),(6370,1,0,15,1,83,163,1063,93),(6371,1,0,15,1,83,163,1065,93),(6372,1,0,16,1,83,163,1067,93),(6373,1,0,16,1,83,163,1069,93),(6374,1,0,16,1,83,163,1071,93),(6375,1,0,16,1,83,163,1073,93),(6376,1,0,16,1,83,163,1075,93),(6377,1,0,16,1,83,163,1077,93),(6378,1,0,16,1,83,163,1079,93),(6379,1,0,16,1,83,163,1081,93),(6380,1,0,16,1,83,163,1083,93),(6381,1,0,14.5,1,83,163,1085,93),(6382,1,0,14.5,1,83,163,1089,93),(6383,1,0,14.5,1,83,163,1091,93),(6384,1,0,14.5,1,83,163,1093,93),(6385,1,0,14.5,1,83,163,1095,93),(6386,1,0,14.5,1,83,163,1097,93),(6387,1,0,14.5,1,83,163,1099,93),(6388,1,0,14.5,1,83,163,1101,93),(6389,1,0,14.5,1,83,163,1103,93),(6390,1,0,14.5,1,83,163,1105,93),(6391,1,0,14.5,1,83,163,1107,93),(6392,1,0,15,1,83,163,1109,93),(6393,1,0,15,1,83,163,1111,93),(6394,1,0,14.5,1,83,163,1113,93),(6395,1,0,14.5,1,83,163,1115,93),(6396,1,0,14.5,1,83,163,1117,93),(6397,1,0,14.5,1,83,163,1119,93),(6398,1,0,14.5,1,83,163,1121,93),(6399,1,0,14.5,1,83,163,1123,93),(6400,1,0,14.5,1,83,163,1125,93),(6401,1,0,15,1,83,163,1127,93),(6402,1,0,15,1,83,163,1129,93),(6403,1,0,15,1,83,163,1131,93),(6404,1,0,15,1,83,163,1133,93),(6405,1,0,15,1,83,163,1135,93),(6406,1,0,15,1,83,163,1137,93),(6407,1,0,15,1,83,163,1139,93),(6408,1,0,14.5,1,83,163,4523,93),(6409,1,0,15.5,1,83,163,4425,93),(6410,1,0,14.5,1,83,163,4559,93),(6411,1,0,15.5,1,83,163,4363,93),(6412,1,0,13,1,83,163,1053,94),(6413,1,0,15,1,83,163,1055,94),(6414,1,0,16.75,1,83,163,1057,94),(6415,1,0,18.75,1,83,163,1059,94),(6416,1,0,13,1,83,163,1061,94),(6417,1,0,15.5,1,83,163,1063,94),(6418,1,0,15,1,83,163,1067,94),(6419,1,0,17,1,83,163,1069,94),(6420,1,0,13,1,83,163,1071,94),(6421,1,0,17,1,83,163,1073,94),(6422,1,0,16,1,83,163,1075,94),(6423,1,0,15.5,1,83,163,1077,94),(6424,1,0,10.5,1,83,163,1079,94),(6425,1,0,14.5,1,83,163,1081,94),(6426,1,0,16,1,83,163,1083,94),(6427,1,0,17,1,83,163,1085,94),(6428,1,0,12,1,83,163,1089,94),(6429,1,0,19,1,83,163,1091,94),(6430,1,0,17.5,1,83,163,1093,94),(6431,1,0,15.25,1,83,163,1095,94),(6432,1,0,16.75,1,83,163,1097,94),(6433,1,0,19,1,83,163,1099,94),(6434,1,0,16,1,83,163,1101,94),(6435,1,0,12,1,83,163,1103,94),(6436,1,0,11.5,1,83,163,1105,94),(6437,1,0,14.75,1,83,163,1107,94),(6438,1,0,15.5,1,83,163,1109,94),(6439,1,0,16.5,1,83,163,1111,94),(6440,1,0,12.5,1,83,163,1113,94),(6441,1,0,17.5,1,83,163,1115,94),(6442,1,0,16.25,1,83,163,1117,94),(6443,1,0,15.5,1,83,163,1119,94),(6444,1,0,11.25,1,83,163,1121,94),(6445,1,0,13,1,83,163,1123,94),(6446,1,0,13.5,1,83,163,1125,94),(6447,1,0,17,1,83,163,1127,94),(6448,1,0,2.5,1,83,163,1129,94),(6449,1,0,14.5,1,83,163,1131,94),(6450,1,0,17,1,83,163,1133,94),(6451,1,0,15.5,1,83,163,1135,94),(6452,1,0,17.75,1,83,163,1137,94),(6453,1,0,16,1,83,163,1139,94),(6454,1,0,6,1,83,163,4523,94),(6455,1,0,3,1,83,163,4425,94),(6456,1,0,8,1,83,163,4559,94),(6457,1,0,7,1,83,163,4363,94),(6458,1,1,12,1,83,163,1065,94),(6459,1,1,10.5,1,83,163,4523,94),(6460,1,1,11.5,1,83,163,4425,94),(6461,1,1,9.5,1,83,163,4559,94),(6462,1,1,12,1,83,163,4363,94),(6463,1,0,14.5,1,83,166,1053,91),(6464,1,0,9,1,83,166,1055,91),(6465,1,0,10.5,1,83,166,1057,91),(6466,1,0,13,1,83,166,1059,91),(6467,1,0,11,1,83,166,1061,91),(6468,1,0,13,1,83,166,1063,91),(6469,1,0,7,1,83,166,1065,91),(6470,1,0,9,1,83,166,1067,91),(6471,1,0,4.5,1,83,166,1069,91),(6472,1,0,8,1,83,166,1071,91),(6473,1,0,10.5,1,83,166,1073,91),(6474,1,0,11.5,1,83,166,1075,91),(6475,1,0,8.5,1,83,166,1077,91),(6476,1,0,2,1,83,166,1079,91),(6477,1,0,12,1,83,166,1081,91),(6478,1,0,17,1,83,166,1083,91),(6479,1,0,7.5,1,83,166,1085,91),(6480,1,0,9.5,1,83,166,1089,91),(6481,1,0,7,1,83,166,1091,91),(6482,1,0,17.5,1,83,166,1093,91),(6483,1,0,6.5,1,83,166,1095,91),(6484,1,0,13.5,1,83,166,1097,91),(6485,1,0,11.5,1,83,166,1099,91),(6486,1,0,16.5,1,83,166,1101,91),(6487,1,0,2,1,83,166,1103,91),(6488,1,0,3.5,1,83,166,1105,91),(6489,1,0,6,1,83,166,1107,91),(6490,1,0,7.5,1,83,166,1109,91),(6491,1,0,10,1,83,166,1111,91),(6492,1,0,7,1,83,166,1113,91),(6493,1,0,15.5,1,83,166,1115,91),(6494,1,0,17,1,83,166,1117,91),(6495,1,0,12,1,83,166,1119,91),(6496,1,0,7,1,83,166,1121,91),(6497,1,0,9.5,1,83,166,1123,91),(6498,1,0,3.5,1,83,166,1125,91),(6499,1,0,5,1,83,166,1127,91),(6500,1,0,3,1,83,166,1131,91),(6501,1,0,10.5,1,83,166,1133,91),(6502,1,0,9.5,1,83,166,1135,91),(6503,1,0,10.5,1,83,166,1137,91),(6504,1,0,12,1,83,166,1139,91),(6505,1,0,7,1,83,166,4477,91),(6506,1,0,4.5,1,83,166,4491,91),(6507,1,0,8.5,1,83,166,4511,91),(6508,1,0,3,1,83,166,4519,91),(6509,1,0,9,1,83,166,4533,91),(6510,1,0,2.5,1,83,166,4559,91),(6511,1,0,9,1,83,166,4561,91),(6512,1,0,12,1,83,166,4565,91),(6513,1,0,10.5,1,83,166,4573,91),(6514,1,0,4.5,1,83,166,4589,91),(6515,1,0,13.5,1,83,166,1053,93),(6516,1,0,13.5,1,83,166,1055,93),(6517,1,0,13.5,1,83,166,1057,93),(6518,1,0,13.5,1,83,166,1059,93),(6519,1,0,13.5,1,83,166,1061,93),(6520,1,0,13.5,1,83,166,1063,93),(6521,1,0,13.5,1,83,166,1065,93),(6522,1,0,13.5,1,83,166,1067,93),(6523,1,0,13.5,1,83,166,1069,93),(6524,1,0,13.5,1,83,166,1071,93),(6525,1,0,16.5,1,83,166,1073,93),(6526,1,0,16.5,1,83,166,1075,93),(6527,1,0,16.5,1,83,166,1077,93),(6528,1,0,16.5,1,83,166,1079,93),(6529,1,0,16.5,1,83,166,1081,93),(6530,1,0,16.5,1,83,166,1083,93),(6531,1,0,16.5,1,83,166,1085,93),(6532,1,0,16.5,1,83,166,1089,93),(6533,1,0,16.5,1,83,166,1091,93),(6534,1,0,16.5,1,83,166,1093,93),(6535,1,0,14,1,83,166,1095,93),(6536,1,0,14,1,83,166,1097,93),(6537,1,0,14,1,83,166,1099,93),(6538,1,0,14,1,83,166,1101,93),(6539,1,0,13,1,83,166,1103,93),(6540,1,0,14,1,83,166,1105,93),(6541,1,0,14,1,83,166,1107,93),(6542,1,0,14,1,83,166,1109,93),(6543,1,0,14,1,83,166,1111,93),(6544,1,0,14,1,83,166,1113,93),(6545,1,0,14,1,83,166,1115,93),(6546,1,0,16.5,1,83,166,1117,93),(6547,1,0,16.5,1,83,166,1119,93),(6548,1,0,16.5,1,83,166,1121,93),(6549,1,0,16.5,1,83,166,1123,93),(6550,1,0,16.5,1,83,166,1125,93),(6551,1,0,16.5,1,83,166,1127,93),(6552,1,0,16.5,1,83,166,1131,93),(6553,1,0,16.5,1,83,166,1133,93),(6554,1,0,13,1,83,166,1135,93),(6555,1,0,13,1,83,166,1137,93),(6556,1,0,13,1,83,166,1139,93),(6557,1,0,13,1,83,166,4477,93),(6558,1,0,13,1,83,166,4491,93),(6559,1,0,13,1,83,166,4511,93),(6560,1,0,13,1,83,166,4519,93),(6561,1,0,13,1,83,166,4533,93),(6562,1,0,13,1,83,166,4559,93),(6563,1,0,15,1,83,166,4561,93),(6564,1,0,13,1,83,166,4565,93),(6565,1,0,16.5,1,83,166,4573,93),(6566,1,0,13,1,83,166,4589,93),(6567,1,0,8,1,83,166,1053,94),(6568,1,0,3.5,1,83,166,1055,94),(6569,1,0,10,1,83,166,1057,94),(6570,1,0,11.5,1,83,166,1059,94),(6571,1,0,10,1,83,166,1061,94),(6572,1,0,12.5,1,83,166,1063,94),(6573,1,0,4.5,1,83,166,1065,94),(6574,1,0,9,1,83,166,1067,94),(6575,1,0,6,1,83,166,1069,94),(6576,1,0,4,1,83,166,1071,94),(6577,1,0,6.5,1,83,166,1073,94),(6578,1,0,3,1,83,166,1075,94),(6579,1,0,4.5,1,83,166,1077,94),(6580,1,0,1.5,1,83,166,1081,94),(6581,1,0,13.5,1,83,166,1083,94),(6582,1,0,12,1,83,166,1085,94),(6583,1,0,3.5,1,83,166,1089,94),(6584,1,0,5.5,1,83,166,1091,94),(6585,1,0,10,1,83,166,1093,94),(6586,1,0,1.5,1,83,166,1095,94),(6587,1,0,8.5,1,83,166,1099,94),(6588,1,0,8.5,1,83,166,1101,94),(6589,1,0,1,1,83,166,1103,94),(6590,1,0,2.5,1,83,166,1105,94),(6591,1,0,10,1,83,166,1107,94),(6592,1,0,7,1,83,166,1109,94),(6593,1,0,8,1,83,166,1111,94),(6594,1,0,4.5,1,83,166,1113,94),(6595,1,0,8.5,1,83,166,1115,94),(6596,1,0,8,1,83,166,1117,94),(6597,1,0,6,1,83,166,1119,94),(6598,1,0,4,1,83,166,1121,94),(6599,1,0,5,1,83,166,1123,94),(6600,1,0,5,1,83,166,1125,94),(6601,1,0,4,1,83,166,1127,94),(6602,1,0,3.5,1,83,166,1131,94),(6603,1,0,6.5,1,83,166,1133,94),(6604,1,0,12.5,1,83,166,1137,94),(6605,1,0,11.5,1,83,166,1139,94),(6606,1,0,7.5,1,83,166,4477,94),(6607,1,0,1,1,83,166,4491,94),(6608,1,0,12,1,83,166,4511,94),(6609,1,0,9,1,83,166,4519,94),(6610,1,0,4.5,1,83,166,4533,94),(6611,1,0,1.5,1,83,166,4559,94),(6612,1,0,6.5,1,83,166,4561,94),(6613,1,0,5.5,1,83,166,4565,94),(6614,1,0,8.5,1,83,166,4573,94),(6615,1,0,2,1,83,166,4589,94),(6616,1,1,9,1,83,166,1055,94),(6617,1,1,3,1,83,166,1065,94),(6618,1,1,5,1,83,166,1067,94),(6619,1,1,3.5,1,83,166,1071,94),(6620,1,1,12.5,1,83,166,1073,94),(6621,1,1,9,1,83,166,1075,94),(6622,1,1,2,1,83,166,1077,94),(6623,1,1,5,1,83,166,1081,94),(6624,1,1,7.5,1,83,166,1089,94),(6625,1,1,10,1,83,166,1091,94),(6626,1,1,12,1,83,166,1093,94),(6627,1,1,4,1,83,166,1095,94),(6628,1,1,12,1,83,166,1097,94),(6629,1,1,0.5,1,83,166,1105,94),(6630,1,1,9.5,1,83,166,1107,94),(6631,1,1,11.5,1,83,166,1111,94),(6632,1,1,13,1,83,166,1113,94),(6633,1,1,3.5,1,83,166,1121,94),(6634,1,1,5.5,1,83,166,1123,94),(6635,1,1,6.5,1,83,166,1125,94),(6636,1,1,2.5,1,83,166,1131,94),(6637,1,1,3.5,1,83,166,1133,94),(6638,1,1,7.5,1,83,166,1135,94),(6639,1,1,10.5,1,83,166,4477,94),(6640,1,1,11.5,1,83,166,4491,94),(6641,1,1,4,1,83,166,4519,94),(6642,1,1,10.5,1,83,166,4533,94),(6643,1,1,12.75,1,83,166,4559,94),(6644,1,1,5.75,1,83,166,4565,94),(6645,1,1,12,1,83,166,4589,94),(6646,1,0,14,1,83,171,1053,91),(6647,1,0,10,1,83,171,1055,91),(6648,1,0,16.5,1,83,171,1057,91),(6649,1,0,12,1,83,171,1059,91),(6650,1,0,12,1,83,171,1061,91),(6651,1,0,12.5,1,83,171,1063,91),(6652,1,0,8,1,83,171,1065,91),(6653,1,0,7,1,83,171,1067,91),(6654,1,0,19,1,83,171,1069,91),(6655,1,0,7,1,83,171,1071,91),(6656,1,0,12.5,1,83,171,1073,91),(6657,1,0,13,1,83,171,1075,91),(6658,1,0,12,1,83,171,1077,91),(6659,1,0,3,1,83,171,1079,91),(6660,1,0,12,1,83,171,1081,91),(6661,1,0,19,1,83,171,1083,91),(6662,1,0,15.5,1,83,171,1085,91),(6663,1,0,16.5,1,83,171,1089,91),(6664,1,0,14.5,1,83,171,1091,91),(6665,1,0,14.5,1,83,171,1093,91),(6666,1,0,9,1,83,171,1095,91),(6667,1,0,12.5,1,83,171,1097,91),(6668,1,0,18.5,1,83,171,1099,91),(6669,1,0,11.5,1,83,171,1101,91),(6670,1,0,11.5,1,83,171,1103,91),(6671,1,0,8,1,83,171,1105,91),(6672,1,0,6,1,83,171,1107,91),(6673,1,0,7.5,1,83,171,1109,91),(6674,1,0,9,1,83,171,1111,91),(6675,1,0,9.5,1,83,171,1113,91),(6676,1,0,8,1,83,171,1115,91),(6677,1,0,10.5,1,83,171,1117,91),(6678,1,0,18,1,83,171,1119,91),(6679,1,0,12,1,83,171,1121,91),(6680,1,0,4,1,83,171,1123,91),(6681,1,0,13,1,83,171,1125,91),(6682,1,0,17,1,83,171,1127,91),(6683,1,0,12,1,83,171,1131,91),(6684,1,0,8.5,1,83,171,1133,91),(6685,1,0,11,1,83,171,1137,91),(6686,1,0,18.5,1,83,171,1139,91),(6687,1,0,3,1,83,171,4505,91),(6688,1,0,15.5,1,83,171,4517,91),(6689,1,0,8.5,1,83,171,4523,91),(6690,1,0,8.5,1,83,171,4537,91),(6691,1,0,5,1,83,171,4547,91),(6692,1,0,14.5,1,83,171,4425,91),(6693,1,0,8,1,83,171,4553,91),(6694,1,0,12.5,1,83,171,4561,91),(6695,1,0,19.5,1,83,171,1053,93),(6696,1,0,19.5,1,83,171,1055,93),(6697,1,0,19.5,1,83,171,1057,93),(6698,1,0,19.5,1,83,171,1059,93),(6699,1,0,12,1,83,171,1061,93),(6700,1,0,12,1,83,171,1063,93),(6701,1,0,12,1,83,171,1065,93),(6702,1,0,12,1,83,171,1067,93),(6703,1,0,15,1,83,171,1069,93),(6704,1,0,15,1,83,171,1071,93),(6705,1,0,15,1,83,171,1073,93),(6706,1,0,15,1,83,171,1075,93),(6707,1,0,18.5,1,83,171,1077,93),(6708,1,0,18.5,1,83,171,1079,93),(6709,1,0,18.5,1,83,171,1081,93),(6710,1,0,18.5,1,83,171,1083,93),(6711,1,0,18.5,1,83,171,1085,93),(6712,1,0,18.5,1,83,171,1089,93),(6713,1,0,18.5,1,83,171,1091,93),(6714,1,0,18.5,1,83,171,1093,93),(6715,1,0,18.5,1,83,171,1095,93),(6716,1,0,18.5,1,83,171,1097,93),(6717,1,0,18.5,1,83,171,1099,93),(6718,1,0,18.5,1,83,171,1101,93),(6719,1,0,17.5,1,83,171,1111,93),(6720,1,0,17.5,1,83,171,1113,93),(6721,1,0,17.5,1,83,171,1115,93),(6722,1,0,17.5,1,83,171,1117,93),(6723,1,0,12,1,83,171,1119,93),(6724,1,0,12,1,83,171,1121,93),(6725,1,0,12,1,83,171,1123,93),(6726,1,0,12,1,83,171,1125,93),(6727,1,0,19,1,83,171,1127,93),(6728,1,0,19,1,83,171,1131,93),(6729,1,0,19,1,83,171,1133,93),(6730,1,0,19,1,83,171,1135,93),(6731,1,0,19,1,83,171,1137,93),(6732,1,0,19,1,83,171,1139,93),(6733,1,0,16.5,1,83,171,4505,93),(6734,1,0,19,1,83,171,4517,93),(6735,1,0,17.5,1,83,171,4523,93),(6736,1,0,19,1,83,171,4537,93),(6737,1,0,16.5,1,83,171,4547,93),(6738,1,0,19,1,83,171,4425,93),(6739,1,0,17.5,1,83,171,4553,93),(6740,1,0,17.5,1,83,171,4561,93),(6741,1,0,16,1,83,171,1053,94),(6742,1,0,6.75,1,83,171,1055,94),(6743,1,0,9.5,1,83,171,1057,94),(6744,1,0,14.5,1,83,171,1059,94),(6745,1,0,8.75,1,83,171,1061,94),(6746,1,0,9.75,1,83,171,1063,94),(6747,1,0,6,1,83,171,1065,94),(6748,1,0,6,1,83,171,1067,94),(6749,1,0,14,1,83,171,1069,94),(6750,1,0,8.5,1,83,171,1071,94),(6751,1,0,9,1,83,171,1073,94),(6752,1,0,11.75,1,83,171,1075,94),(6753,1,0,7,1,83,171,1077,94),(6754,1,0,7,1,83,171,1081,94),(6755,1,0,14.75,1,83,171,1083,94),(6756,1,0,11.5,1,83,171,1085,94),(6757,1,0,10.5,1,83,171,1089,94),(6758,1,0,8,1,83,171,1091,94),(6759,1,0,15,1,83,171,1093,94),(6760,1,0,7.5,1,83,171,1095,94),(6761,1,0,10.5,1,83,171,1097,94),(6762,1,0,16.5,1,83,171,1099,94),(6763,1,0,13,1,83,171,1101,94),(6764,1,0,11.75,1,83,171,1103,94),(6765,1,0,8,1,83,171,1105,94),(6766,1,0,3.75,1,83,171,1107,94),(6767,1,0,9,1,83,171,1109,94),(6768,1,0,9,1,83,171,1111,94),(6769,1,0,8.5,1,83,171,1113,94),(6770,1,0,4.75,1,83,171,1115,94),(6771,1,0,12,1,83,171,1117,94),(6772,1,0,12,1,83,171,1119,94),(6773,1,0,5.5,1,83,171,1121,94),(6774,1,0,5,1,83,171,1125,94),(6775,1,0,17,1,83,171,1127,94),(6776,1,0,6,1,83,171,1131,94),(6777,1,0,9,1,83,171,1133,94),(6778,1,0,7,1,83,171,1135,94),(6779,1,0,4.75,1,83,171,1137,94),(6780,1,0,8,1,83,171,1139,94),(6781,1,0,5.5,1,83,171,4505,94),(6782,1,0,8,1,83,171,4517,94),(6783,1,0,10,1,83,171,4523,94),(6784,1,0,4.75,1,83,171,4537,94),(6785,1,0,10,1,83,171,4547,94),(6786,1,0,10.75,1,83,171,4425,94),(6787,1,0,3.5,1,83,171,4553,94),(6788,1,0,7,1,83,171,4561,94),(6789,1,1,8,1,83,171,1065,94),(6790,1,1,10,1,83,171,1067,94),(6791,1,1,13.5,1,83,171,1103,94),(6792,1,1,10,1,83,171,1105,94),(6793,1,1,12.5,1,83,171,1107,94),(6794,1,1,9,1,83,171,1109,94),(6795,1,1,8.5,1,83,171,1115,94),(6796,1,1,10.5,1,83,171,1121,94),(6797,1,1,9,1,83,171,1123,94),(6798,1,1,11.5,1,83,171,1125,94),(6799,1,1,9.5,1,83,171,4505,94),(6800,1,1,8.75,1,83,171,4537,94),(6801,1,1,10,1,83,171,4553,94),(6802,1,0,16.5,1,83,165,1053,91),(6803,1,0,5.75,1,83,165,1055,91),(6804,1,0,8.75,1,83,165,1057,91),(6805,1,0,6.25,1,83,165,1059,91),(6806,1,0,10.5,1,83,165,1061,91),(6807,1,0,9,1,83,165,1063,91),(6808,1,0,4.5,1,83,165,1065,91),(6809,1,0,6.75,1,83,165,1067,91),(6810,1,0,7,1,83,165,1069,91),(6811,1,0,1.5,1,83,165,1071,91),(6812,1,0,11.25,1,83,165,1073,91),(6813,1,0,8.5,1,83,165,1075,91),(6814,1,0,8,1,83,165,1077,91),(6815,1,0,15,1,83,165,1081,91),(6816,1,0,10,1,83,165,1083,91),(6817,1,0,6.5,1,83,165,1085,91),(6818,1,0,11,1,83,165,1089,91),(6819,1,0,9.25,1,83,165,1091,91),(6820,1,0,12.25,1,83,165,1093,91),(6821,1,0,9,1,83,165,1095,91),(6822,1,0,11,1,83,165,1097,91),(6823,1,0,15,1,83,165,1099,91),(6824,1,0,15.5,1,83,165,1101,91),(6825,1,0,3.5,1,83,165,1103,91),(6826,1,0,2.5,1,83,165,1105,91),(6827,1,0,7.75,1,83,165,1107,91),(6828,1,0,10.75,1,83,165,1109,91),(6829,1,0,6.25,1,83,165,1111,91),(6830,1,0,10,1,83,165,1113,91),(6831,1,0,10.75,1,83,165,1115,91),(6832,1,0,15,1,83,165,1117,91),(6833,1,0,11.25,1,83,165,1119,91),(6834,1,0,5,1,83,165,1121,91),(6835,1,0,5.5,1,83,165,1123,91),(6836,1,0,10.5,1,83,165,1125,91),(6837,1,0,5.75,1,83,165,1127,91),(6838,1,0,2.5,1,83,165,1131,91),(6839,1,0,8,1,83,165,1133,91),(6840,1,0,9.25,1,83,165,1135,91),(6841,1,0,10.25,1,83,165,1137,91),(6842,1,0,13,1,83,165,1139,91),(6843,1,0,3.5,1,83,165,4477,91),(6844,1,0,5.75,1,83,165,4489,91),(6845,1,0,4.25,1,83,165,4491,91),(6846,1,0,7.5,1,83,165,4505,91),(6847,1,0,8,1,83,165,4511,91),(6848,1,0,4.5,1,83,165,4519,91),(6849,1,0,10,1,83,165,4523,91),(6850,1,0,4.25,1,83,165,4533,91),(6851,1,0,0,1,83,165,4537,91),(6852,1,0,7,1,83,165,4547,91),(6853,1,0,5,1,83,165,4549,91),(6854,1,0,16,1,83,165,4553,91),(6855,1,0,5.75,1,83,165,4559,91),(6856,1,0,9.5,1,83,165,4561,91),(6857,1,0,9.75,1,83,165,4573,91),(6858,1,0,4,1,83,165,4589,91),(6859,1,0,14,1,83,165,1053,93),(6860,1,0,14,1,83,165,1055,93),(6861,1,0,14,1,83,165,1057,93),(6862,1,0,14,1,83,165,1059,93),(6863,1,0,14,1,83,165,1061,93),(6864,1,0,14,1,83,165,1063,93),(6865,1,0,14,1,83,165,1065,93),(6866,1,0,14,1,83,165,1067,93),(6867,1,0,14,1,83,165,1069,93),(6868,1,0,14,1,83,165,1071,93),(6869,1,0,15.5,1,83,165,1073,93),(6870,1,0,15.5,1,83,165,1075,93),(6871,1,0,15.5,1,83,165,1077,93),(6872,1,0,15.5,1,83,165,1081,93),(6873,1,0,15.5,1,83,165,1083,93),(6874,1,0,15.5,1,83,165,1085,93),(6875,1,0,15.5,1,83,165,1089,93),(6876,1,0,15.5,1,83,165,1091,93),(6877,1,0,15.5,1,83,165,1093,93),(6878,1,0,13.5,1,83,165,1095,93),(6879,1,0,13.5,1,83,165,1097,93),(6880,1,0,13.5,1,83,165,1099,93),(6881,1,0,13.5,1,83,165,1101,93),(6882,1,0,15.5,1,83,165,1103,93),(6883,1,0,13.5,1,83,165,1105,93),(6884,1,0,13.5,1,83,165,1107,93),(6885,1,0,13.5,1,83,165,1109,93),(6886,1,0,13.5,1,83,165,1111,93),(6887,1,0,13.5,1,83,165,1113,93),(6888,1,0,13.5,1,83,165,1115,93),(6889,1,0,15.25,1,83,165,1117,93),(6890,1,0,15.25,1,83,165,1119,93),(6891,1,0,15.25,1,83,165,1121,93),(6892,1,0,15.25,1,83,165,1123,93),(6893,1,0,15.25,1,83,165,1125,93),(6894,1,0,15.25,1,83,165,1127,93),(6895,1,0,15.25,1,83,165,1131,93),(6896,1,0,15.25,1,83,165,1133,93),(6897,1,0,15.5,1,83,165,1135,93),(6898,1,0,15.5,1,83,165,1137,93),(6899,1,0,15.5,1,83,165,1139,93),(6900,1,0,15.5,1,83,165,4477,93),(6901,1,0,15.5,1,83,165,4489,93),(6902,1,0,15.5,1,83,165,4491,93),(6903,1,0,14,1,83,165,4505,93),(6904,1,0,15.5,1,83,165,4511,93),(6905,1,0,4.5,1,83,165,4519,93),(6906,1,0,15,1,83,165,4523,93),(6907,1,0,15.5,1,83,165,4533,93),(6908,1,0,8,1,83,165,4537,93),(6909,1,0,13.5,1,83,165,4547,93),(6910,1,0,5,1,83,165,4549,93),(6911,1,0,13,1,83,165,4553,93),(6912,1,0,15.5,1,83,165,4559,93),(6913,1,0,13.5,1,83,165,4561,93),(6914,1,0,15.25,1,83,165,4573,93),(6915,1,0,15.5,1,83,165,4589,93),(6916,1,0,10,1,83,165,1053,94),(6917,1,0,6,1,83,165,1055,94),(6918,1,0,9.5,1,83,165,1057,94),(6919,1,0,10.5,1,83,165,1059,94),(6920,1,0,6.5,1,83,165,1061,94),(6921,1,0,10,1,83,165,1063,94),(6922,1,0,3,1,83,165,1065,94),(6923,1,0,6.25,1,83,165,1067,94),(6924,1,0,8,1,83,165,1069,94),(6925,1,0,3.5,1,83,165,1071,94),(6926,1,0,7.5,1,83,165,1073,94),(6927,1,0,6.25,1,83,165,1075,94),(6928,1,0,5.5,1,83,165,1077,94),(6929,1,0,7,1,83,165,1081,94),(6930,1,0,9.25,1,83,165,1083,94),(6931,1,0,6,1,83,165,1085,94),(6932,1,0,5.5,1,83,165,1089,94),(6933,1,0,11.5,1,83,165,1091,94),(6934,1,0,13.25,1,83,165,1093,94),(6935,1,0,4.75,1,83,165,1095,94),(6936,1,0,7,1,83,165,1097,94),(6937,1,0,9.25,1,83,165,1099,94),(6938,1,0,11.5,1,83,165,1101,94),(6939,1,0,1,1,83,165,1105,94),(6940,1,0,7,1,83,165,1107,94),(6941,1,0,7.25,1,83,165,1109,94),(6942,1,0,6,1,83,165,1111,94),(6943,1,0,6,1,83,165,1113,94),(6944,1,0,8.25,1,83,165,1115,94),(6945,1,0,12,1,83,165,1117,94),(6946,1,0,10.5,1,83,165,1119,94),(6947,1,0,7,1,83,165,1121,94),(6948,1,0,7,1,83,165,1123,94),(6949,1,0,7,1,83,165,1125,94),(6950,1,0,10.5,1,83,165,1127,94),(6951,1,0,6.75,1,83,165,1131,94),(6952,1,0,5,1,83,165,1133,94),(6953,1,0,9.25,1,83,165,1137,94),(6954,1,0,6.5,1,83,165,1139,94),(6955,1,0,7,1,83,165,4477,94),(6956,1,0,6.75,1,83,165,4489,94),(6957,1,0,7.25,1,83,165,4491,94),(6958,1,0,7,1,83,165,4505,94),(6959,1,0,6.5,1,83,165,4511,94),(6960,1,0,5,1,83,165,4519,94),(6961,1,0,2.25,1,83,165,4523,94),(6962,1,0,10.25,1,83,165,4533,94),(6963,1,0,3.25,1,83,165,4537,94),(6964,1,0,11,1,83,165,4547,94),(6965,1,0,3.5,1,83,165,4549,94),(6966,1,0,12,1,83,165,4553,94),(6967,1,0,11,1,83,165,4559,94),(6968,1,0,15.5,1,83,165,4561,94),(6969,1,0,4.75,1,83,165,4573,94),(6970,1,0,6.75,1,83,165,4589,94),(6971,1,1,5,1,83,165,1055,94),(6972,1,1,3,1,83,165,1065,94),(6973,1,1,13.75,1,83,165,1069,94),(6974,1,1,10,1,83,165,1075,94),(6975,1,1,5,1,83,165,1077,94),(6976,1,1,11.75,1,83,165,1085,94),(6977,1,1,12.75,1,83,165,1089,94),(6978,1,1,5.5,1,83,165,1095,94),(6979,1,1,1.5,1,83,165,1105,94),(6980,1,1,11.5,1,83,165,1107,94),(6981,1,1,11.25,1,83,165,1109,94),(6982,1,1,14,1,83,165,1111,94),(6983,1,1,8,1,83,165,1121,94),(6984,1,1,6.75,1,83,165,1125,94),(6985,1,1,8.5,1,83,165,1131,94),(6986,1,1,5,1,83,165,1133,94),(6987,1,1,10,1,83,165,1135,94),(6988,1,1,12,1,83,165,4477,94),(6989,1,1,10.75,1,83,165,4489,94),(6990,1,1,12,1,83,165,4491,94),(6991,1,1,11,1,83,165,4505,94),(6992,1,1,7.5,1,83,165,4511,94),(6993,1,1,5.5,1,83,165,4523,94),(6994,1,1,9.25,1,83,165,4537,94),(6995,1,1,6.75,1,83,165,4573,94),(6996,1,1,12,1,83,165,4589,94),(6997,1,0,20,1,83,167,1053,91),(6998,1,0,11.5,1,83,167,1055,91),(6999,1,0,6,1,83,167,1057,91),(7000,1,0,6,1,83,167,1059,91),(7001,1,0,6,1,83,167,1061,91),(7002,1,0,6,1,83,167,1063,91),(7003,1,0,12,1,83,167,1065,91),(7004,1,0,12,1,83,167,1067,91),(7005,1,0,6,1,83,167,1069,91),(7006,1,0,8,1,83,167,1071,91),(7007,1,0,20,1,83,167,1073,91),(7008,1,0,6,1,83,167,1075,91),(7009,1,0,11.5,1,83,167,1077,91),(7010,1,0,20,1,83,167,1079,91),(7011,1,0,20,1,83,167,1081,91),(7012,1,0,20,1,83,167,1083,91),(7013,1,0,7,1,83,167,1085,91),(7014,1,0,20,1,83,167,1089,91),(7015,1,0,12,1,83,167,1091,91),(7016,1,0,12,1,83,167,1093,91),(7017,1,0,20,1,83,167,1095,91),(7018,1,0,12,1,83,167,1097,91),(7019,1,0,20,1,83,167,1099,91),(7020,1,0,20,1,83,167,1101,91),(7021,1,0,20,1,83,167,1103,91),(7022,1,0,12,1,83,167,1105,91),(7023,1,0,6,1,83,167,1107,91),(7024,1,0,16,1,83,167,1109,91),(7025,1,0,12,1,83,167,1111,91),(7026,1,0,12,1,83,167,1113,91),(7027,1,0,20,1,83,167,1115,91),(7028,1,0,15,1,83,167,1117,91),(7029,1,0,7,1,83,167,1119,91),(7030,1,0,6,1,83,167,1123,91),(7031,1,0,12,1,83,167,1125,91),(7032,1,0,8,1,83,167,1127,91),(7033,1,0,11.5,1,83,167,1131,91),(7034,1,0,20,1,83,167,1133,91),(7035,1,0,15,1,83,167,1135,91),(7036,1,0,10,1,83,167,1137,91),(7037,1,0,11.5,1,83,167,1139,91),(7038,1,0,6,1,83,167,4517,91),(7039,1,0,12,1,83,167,4519,91),(7040,1,0,12.5,1,83,167,4553,91),(7041,1,0,14,1,83,167,4561,91),(7042,1,0,15,1,83,167,4573,91),(7043,1,0,13,1,83,167,1053,93),(7044,1,0,13,1,83,167,1055,93),(7045,1,0,13,1,83,167,1057,93),(7046,1,0,12,1,83,167,1059,93),(7047,1,0,12,1,83,167,1061,93),(7048,1,0,13,1,83,167,1063,93),(7049,1,0,13,1,83,167,1065,93),(7050,1,0,13,1,83,167,1067,93),(7051,1,0,13,1,83,167,1069,93),(7052,1,0,14,1,83,167,1071,93),(7053,1,0,14,1,83,167,1073,93),(7054,1,0,14,1,83,167,1075,93),(7055,1,0,13,1,83,167,1077,93),(7056,1,0,13,1,83,167,1079,93),(7057,1,0,13,1,83,167,1081,93),(7058,1,0,17,1,83,167,1083,93),(7059,1,0,17,1,83,167,1085,93),(7060,1,0,17,1,83,167,1089,93),(7061,1,0,13,1,83,167,1091,93),(7062,1,0,13,1,83,167,1093,93),(7063,1,0,13,1,83,167,1095,93),(7064,1,0,12,1,83,167,1097,93),(7065,1,0,12,1,83,167,1099,93),(7066,1,0,12,1,83,167,1101,93),(7067,1,0,12,1,83,167,1103,93),(7068,1,0,12,1,83,167,1105,93),(7069,1,0,12,1,83,167,1107,93),(7070,1,0,12,1,83,167,1109,93),(7071,1,0,12,1,83,167,1111,93),(7072,1,0,12,1,83,167,1113,93),(7073,1,0,12,1,83,167,1115,93),(7074,1,0,10,1,83,167,1117,93),(7075,1,0,10,1,83,167,1119,93),(7076,1,0,10,1,83,167,1121,93),(7077,1,0,16,1,83,167,1123,93),(7078,1,0,16,1,83,167,1125,93),(7079,1,0,16,1,83,167,1127,93),(7080,1,0,12,1,83,167,1131,93),(7081,1,0,12,1,83,167,1133,93),(7082,1,0,12,1,83,167,1135,93),(7083,1,0,12,1,83,167,1137,93),(7084,1,0,12,1,83,167,1139,93),(7085,1,0,13,1,83,167,4517,93),(7086,1,0,13,1,83,167,4519,93),(7087,1,0,16.5,1,83,167,4553,93),(7088,1,0,16.5,1,83,167,4561,93),(7089,1,0,12,1,83,167,4573,93),(7090,1,0,8,1,83,167,1053,94),(7091,1,0,11,1,83,167,1055,94),(7092,1,0,10,1,83,167,1057,94),(7093,1,0,10,1,83,167,1059,94),(7094,1,0,5,1,83,167,1061,94),(7095,1,0,9,1,83,167,1063,94),(7096,1,0,5,1,83,167,1065,94),(7097,1,0,8,1,83,167,1067,94),(7098,1,0,14,1,83,167,1069,94),(7099,1,0,11,1,83,167,1071,94),(7100,1,0,7,1,83,167,1073,94),(7101,1,0,6,1,83,167,1075,94),(7102,1,0,12,1,83,167,1077,94),(7103,1,0,6,1,83,167,1079,94),(7104,1,0,6,1,83,167,1081,94),(7105,1,0,13,1,83,167,1083,94),(7106,1,0,13,1,83,167,1085,94),(7107,1,0,14,1,83,167,1089,94),(7108,1,0,10,1,83,167,1091,94),(7109,1,0,7,1,83,167,1093,94),(7110,1,0,13,1,83,167,1097,94),(7111,1,0,13,1,83,167,1099,94),(7112,1,0,14,1,83,167,1101,94),(7113,1,0,15,1,83,167,1103,94),(7114,1,0,13,1,83,167,1105,94),(7115,1,0,6,1,83,167,1107,94),(7116,1,0,10,1,83,167,1109,94),(7117,1,0,8,1,83,167,1111,94),(7118,1,0,11,1,83,167,1113,94),(7119,1,0,8,1,83,167,1115,94),(7120,1,0,13,1,83,167,1117,94),(7121,1,0,12,1,83,167,1119,94),(7122,1,0,13.5,1,83,167,1121,94),(7123,1,0,6,1,83,167,1123,94),(7124,1,0,7,1,83,167,1125,94),(7125,1,0,8,1,83,167,1127,94),(7126,1,0,10,1,83,167,1131,94),(7127,1,0,12,1,83,167,1133,94),(7128,1,0,6,1,83,167,1135,94),(7129,1,0,16,1,83,167,1137,94),(7130,1,0,14,1,83,167,1139,94),(7131,1,0,15,1,83,167,4517,94),(7132,1,0,6,1,83,167,4519,94),(7133,1,0,10,1,83,167,4553,94),(7134,1,0,12,1,83,167,4561,94),(7135,1,0,13,1,83,167,4573,94),(7136,1,1,16,1,83,167,1057,94),(7137,1,1,8,1,83,167,1061,94),(7138,1,1,11.25,1,83,167,1063,94),(7139,1,1,7.75,1,83,167,1065,94),(7140,1,1,17,1,83,167,1075,94),(7141,1,1,12,1,83,167,1093,94),(7142,1,1,11,1,83,167,1095,94),(7143,1,1,11.75,1,83,167,1107,94),(7144,1,1,10,1,83,167,1123,94),(7145,1,1,17,1,83,167,1127,94),(7146,1,0,15.5,1,83,175,1053,91),(7147,1,0,15,1,83,175,1055,91),(7148,1,0,15,1,83,175,1057,91),(7149,1,0,18,1,83,175,1059,91),(7150,1,0,13,1,83,175,1061,91),(7151,1,0,15,1,83,175,1063,91),(7152,1,0,15.5,1,83,175,1065,91),(7153,1,0,17.5,1,83,175,1067,91),(7154,1,0,15,1,83,175,1069,91),(7155,1,0,14.5,1,83,175,1071,91),(7156,1,0,13,1,83,175,1073,91),(7157,1,0,15,1,83,175,1075,91),(7158,1,0,15,1,83,175,1077,91),(7159,1,0,12.5,1,83,175,1079,91),(7160,1,0,14,1,83,175,1081,91),(7161,1,0,15,1,83,175,1083,91),(7162,1,0,15,1,83,175,1085,91),(7163,1,0,11.5,1,83,175,1089,91),(7164,1,0,14,1,83,175,1091,91),(7165,1,0,16.5,1,83,175,1093,91),(7166,1,0,14,1,83,175,1095,91),(7167,1,0,15,1,83,175,1097,91),(7168,1,0,16.5,1,83,175,1099,91),(7169,1,0,15,1,83,175,1101,91),(7170,1,0,16,1,83,175,1103,91),(7171,1,0,15,1,83,175,1105,91),(7172,1,0,14,1,83,175,1107,91),(7173,1,0,13.5,1,83,175,1109,91),(7174,1,0,12,1,83,175,1111,91),(7175,1,0,15,1,83,175,1113,91),(7176,1,0,14,1,83,175,1115,91),(7177,1,0,14.5,1,83,175,1117,91),(7178,1,0,14,1,83,175,1119,91),(7179,1,0,12.5,1,83,175,1121,91),(7180,1,0,12.5,1,83,175,1123,91),(7181,1,0,13,1,83,175,1125,91),(7182,1,0,11,1,83,175,1127,91),(7183,1,0,13,1,83,175,1131,91),(7184,1,0,14.5,1,83,175,1133,91),(7185,1,0,13,1,83,175,1135,91),(7186,1,0,13.5,1,83,175,1137,91),(7187,1,0,11,1,83,175,1139,91),(7188,1,0,16,1,83,175,4525,91),(7189,1,0,14,1,83,175,4553,91),(7190,1,0,12,1,83,175,4561,91),(7191,1,0,13,1,83,175,1053,93),(7192,1,0,13.5,1,83,175,1055,93),(7193,1,0,16,1,83,175,1057,93),(7194,1,0,14,1,83,175,1059,93),(7195,1,0,16,1,83,175,1061,93),(7196,1,0,14,1,83,175,1063,93),(7197,1,0,15,1,83,175,1065,93),(7198,1,0,13.5,1,83,175,1067,93),(7199,1,0,16,1,83,175,1069,93),(7200,1,0,12,1,83,175,1071,93),(7201,1,0,13,1,83,175,1073,93),(7202,1,0,15,1,83,175,1075,93),(7203,1,0,15,1,83,175,1077,93),(7204,1,0,14.5,1,83,175,1079,93),(7205,1,0,13,1,83,175,1081,93),(7206,1,0,14,1,83,175,1083,93),(7207,1,0,13,1,83,175,1085,93),(7208,1,0,11.5,1,83,175,1089,93),(7209,1,0,12,1,83,175,1091,93),(7210,1,0,11,1,83,175,1093,93),(7211,1,0,12,1,83,175,1095,93),(7212,1,0,12.5,1,83,175,1097,93),(7213,1,0,11,1,83,175,1099,93),(7214,1,0,11.5,1,83,175,1101,93),(7215,1,0,10,1,83,175,1103,93),(7216,1,0,13,1,83,175,1105,93),(7217,1,0,15,1,83,175,1107,93),(7218,1,0,11.5,1,83,175,1109,93),(7219,1,0,13,1,83,175,1111,93),(7220,1,0,14,1,83,175,1113,93),(7221,1,0,16,1,83,175,1115,93),(7222,1,0,13,1,83,175,1117,93),(7223,1,0,14,1,83,175,1119,93),(7224,1,0,12.5,1,83,175,1121,93),(7225,1,0,15,1,83,175,1123,93),(7226,1,0,14,1,83,175,1125,93),(7227,1,0,12,1,83,175,1127,93),(7228,1,0,12,1,83,175,1131,93),(7229,1,0,13.5,1,83,175,1133,93),(7230,1,0,11,1,83,175,1135,93),(7231,1,0,15.5,1,83,175,1137,93),(7232,1,0,14,1,83,175,1139,93),(7233,1,0,11.5,1,83,175,4525,93),(7234,1,0,18,1,83,175,4553,93),(7235,1,0,8,1,83,175,4561,93),(7236,1,0,10.5,1,83,175,1053,94),(7237,1,0,9,1,83,175,1055,94),(7238,1,0,7,1,83,175,1057,94),(7239,1,0,9,1,83,175,1059,94),(7240,1,0,7,1,83,175,1061,94),(7241,1,0,8,1,83,175,1063,94),(7242,1,0,9,1,83,175,1065,94),(7243,1,0,14.5,1,83,175,1067,94),(7244,1,0,11.5,1,83,175,1069,94),(7245,1,0,10.5,1,83,175,1071,94),(7246,1,0,4.5,1,83,175,1073,94),(7247,1,0,9.5,1,83,175,1075,94),(7248,1,0,10.5,1,83,175,1077,94),(7249,1,0,3.5,1,83,175,1079,94),(7250,1,0,9.5,1,83,175,1081,94),(7251,1,0,7.5,1,83,175,1083,94),(7252,1,0,5,1,83,175,1085,94),(7253,1,0,9,1,83,175,1089,94),(7254,1,0,8,1,83,175,1091,94),(7255,1,0,6,1,83,175,1093,94),(7256,1,0,8,1,83,175,1095,94),(7257,1,0,8.5,1,83,175,1097,94),(7258,1,0,10.5,1,83,175,1099,94),(7259,1,0,7,1,83,175,1101,94),(7260,1,0,5.5,1,83,175,1103,94),(7261,1,0,2.5,1,83,175,1105,94),(7262,1,0,4,1,83,175,1107,94),(7263,1,0,4,1,83,175,1109,94),(7264,1,0,5,1,83,175,1111,94),(7265,1,0,5.5,1,83,175,1113,94),(7266,1,0,8,1,83,175,1115,94),(7267,1,0,11,1,83,175,1117,94),(7268,1,0,6.5,1,83,175,1119,94),(7269,1,0,8,1,83,175,1121,94),(7270,1,0,8,1,83,175,1123,94),(7271,1,0,12,1,83,175,1125,94),(7272,1,0,8.5,1,83,175,1127,94),(7273,1,0,6.5,1,83,175,1131,94),(7274,1,0,10.5,1,83,175,1133,94),(7275,1,0,6,1,83,175,1135,94),(7276,1,0,4.5,1,83,175,1137,94),(7277,1,0,7,1,83,175,1139,94),(7278,1,0,6.5,1,83,175,4525,94),(7279,1,0,15,1,83,175,4553,94),(7280,1,0,10,1,83,175,4561,94),(7281,1,1,10.5,1,83,175,1079,94),(7282,1,1,10,1,83,175,1085,94),(7283,1,1,12.5,1,83,175,1105,94),(7284,1,1,13.5,1,83,175,1111,94),(7285,1,0,9,1,83,174,1053,91),(7286,1,0,6.5,1,83,174,1055,91),(7287,1,0,5.25,1,83,174,1057,91),(7288,1,0,12.25,1,83,174,1059,91),(7289,1,0,5.5,1,83,174,1061,91),(7290,1,0,17.75,1,83,174,1063,91),(7291,1,0,1,1,83,174,1065,91),(7292,1,0,11.5,1,83,174,1067,91),(7293,1,0,9.25,1,83,174,1069,91),(7294,1,0,1.5,1,83,174,1071,91),(7295,1,0,11.25,1,83,174,1073,91),(7296,1,0,9.25,1,83,174,1075,91),(7297,1,0,11.25,1,83,174,1077,91),(7298,1,0,2.25,1,83,174,1079,91),(7299,1,0,1.5,1,83,174,1081,91),(7300,1,0,7.25,1,83,174,1083,91),(7301,1,0,4,1,83,174,1085,91),(7302,1,0,16,1,83,174,1089,91),(7303,1,0,9.75,1,83,174,1091,91),(7304,1,0,12.5,1,83,174,1093,91),(7305,1,0,7.5,1,83,174,1095,91),(7306,1,0,4.75,1,83,174,1097,91),(7307,1,0,13.5,1,83,174,1099,91),(7308,1,0,13.75,1,83,174,1101,91),(7309,1,0,4.75,1,83,174,1103,91),(7310,1,0,0.5,1,83,174,1105,91),(7311,1,0,7.75,1,83,174,1107,91),(7312,1,0,11.75,1,83,174,1109,91),(7313,1,0,3.25,1,83,174,1111,91),(7314,1,0,18,1,83,174,1113,91),(7315,1,0,16,1,83,174,1115,91),(7316,1,0,13.25,1,83,174,1117,91),(7317,1,0,18,1,83,174,1119,91),(7318,1,0,1.5,1,83,174,1121,91),(7319,1,0,2.5,1,83,174,1123,91),(7320,1,0,4.25,1,83,174,1125,91),(7321,1,0,12,1,83,174,1127,91),(7322,1,0,1,1,83,174,1131,91),(7323,1,0,6,1,83,174,1133,91),(7324,1,0,4.5,1,83,174,1135,91),(7325,1,0,10.75,1,83,174,1137,91),(7326,1,0,16,1,83,174,1139,91),(7327,1,0,12,1,83,174,4511,91),(7328,1,0,1.5,1,83,174,4519,91),(7329,1,0,4.5,1,83,174,4533,91),(7330,1,0,2,1,83,174,4559,91),(7331,1,0,0,1,83,174,4565,91),(7332,1,0,14,1,83,174,1053,93),(7333,1,0,13,1,83,174,1055,93),(7334,1,0,12,1,83,174,1057,93),(7335,1,0,14,1,83,174,1059,93),(7336,1,0,14,1,83,174,1061,93),(7337,1,0,14,1,83,174,1063,93),(7338,1,0,14,1,83,174,1065,93),(7339,1,0,14,1,83,174,1067,93),(7340,1,0,15,1,83,174,1069,93),(7341,1,0,14,1,83,174,1071,93),(7342,1,0,14,1,83,174,1073,93),(7343,1,0,14,1,83,174,1075,93),(7344,1,0,14,1,83,174,1077,93),(7345,1,0,12,1,83,174,1079,93),(7346,1,0,14,1,83,174,1081,93),(7347,1,0,14,1,83,174,1083,93),(7348,1,0,13,1,83,174,1085,93),(7349,1,0,14,1,83,174,1089,93),(7350,1,0,14,1,83,174,1091,93),(7351,1,0,14,1,83,174,1093,93),(7352,1,0,14,1,83,174,1095,93),(7353,1,0,14,1,83,174,1097,93),(7354,1,0,14,1,83,174,1099,93),(7355,1,0,14,1,83,174,1101,93),(7356,1,0,14,1,83,174,1103,93),(7357,1,0,13,1,83,174,1105,93),(7358,1,0,13,1,83,174,1107,93),(7359,1,0,14,1,83,174,1109,93),(7360,1,0,13,1,83,174,1111,93),(7361,1,0,17,1,83,174,1113,93),(7362,1,0,12,1,83,174,1115,93),(7363,1,0,12,1,83,174,1117,93),(7364,1,0,15,1,83,174,1119,93),(7365,1,0,13,1,83,174,1121,93),(7366,1,0,14,1,83,174,1123,93),(7367,1,0,14,1,83,174,1125,93),(7368,1,0,14,1,83,174,1127,93),(7369,1,0,14,1,83,174,1131,93),(7370,1,0,14,1,83,174,1133,93),(7371,1,0,12,1,83,174,1135,93),(7372,1,0,14,1,83,174,1137,93),(7373,1,0,14,1,83,174,1139,93),(7374,1,0,15,1,83,174,4511,93),(7375,1,0,15,1,83,174,4519,93),(7376,1,0,13,1,83,174,4533,93),(7377,1,0,14,1,83,174,4559,93),(7378,1,0,14,1,83,174,4565,93),(7379,1,0,7,1,83,174,1053,94),(7380,1,0,5,1,83,174,1055,94),(7381,1,0,2.5,1,83,174,1057,94),(7382,1,0,12,1,83,174,1059,94),(7383,1,0,4.5,1,83,174,1061,94),(7384,1,0,8.5,1,83,174,1063,94),(7385,1,0,6,1,83,174,1067,94),(7386,1,0,14,1,83,174,1069,94),(7387,1,0,1,1,83,174,1071,94),(7388,1,0,2.5,1,83,174,1073,94),(7389,1,0,11,1,83,174,1075,94),(7390,1,0,6,1,83,174,1077,94),(7391,1,0,2,1,83,174,1081,94),(7392,1,0,7,1,83,174,1083,94),(7393,1,0,12,1,83,174,1085,94),(7394,1,0,14,1,83,174,1089,94),(7395,1,0,15,1,83,174,1091,94),(7396,1,0,14,1,83,174,1093,94),(7397,1,0,15,1,83,174,1095,94),(7398,1,0,5,1,83,174,1097,94),(7399,1,0,17,1,83,174,1099,94),(7400,1,0,16,1,83,174,1101,94),(7401,1,0,2,1,83,174,1103,94),(7402,1,0,0,1,83,174,1105,94),(7403,1,0,1.5,1,83,174,1107,94),(7404,1,0,13,1,83,174,1109,94),(7405,1,0,8,1,83,174,1111,94),(7406,1,0,14,1,83,174,1113,94),(7407,1,0,7,1,83,174,1115,94),(7408,1,0,11,1,83,174,1117,94),(7409,1,0,16,1,83,174,1119,94),(7410,1,0,1.5,1,83,174,1121,94),(7411,1,0,5,1,83,174,1127,94),(7412,1,0,1.5,1,83,174,1131,94),(7413,1,0,0.5,1,83,174,1133,94),(7414,1,0,6,1,83,174,1137,94),(7415,1,0,15,1,83,174,1139,94),(7416,1,0,9,1,83,174,4511,94),(7417,1,0,1,1,83,174,4519,94),(7418,1,0,1.5,1,83,174,4533,94),(7419,1,0,1,1,83,174,4559,94),(7420,1,0,1,1,83,174,4565,94),(7421,1,1,10.5,1,83,174,1053,94),(7422,1,1,4,1,83,174,1055,94),(7423,1,1,13,1,83,174,1057,94),(7424,1,1,11.25,1,83,174,1061,94),(7425,1,1,7.5,1,83,174,1067,94),(7426,1,1,10,1,83,174,1073,94),(7427,1,1,11,1,83,174,1077,94),(7428,1,1,10,1,83,174,1081,94),(7429,1,1,16.5,1,83,174,1083,94),(7430,1,1,13,1,83,174,1085,94),(7431,1,1,12.5,1,83,174,1097,94),(7432,1,1,1,1,83,174,1105,94),(7433,1,1,11.5,1,83,174,1107,94),(7434,1,1,8,1,83,174,1111,94),(7435,1,1,13,1,83,174,1123,94),(7436,1,1,12,1,83,174,1125,94),(7437,1,1,16,1,83,174,1127,94),(7438,1,1,5.5,1,83,174,1131,94),(7439,1,1,4.5,1,83,174,1133,94),(7440,1,1,13.5,1,83,174,1137,94),(7441,1,1,11,1,83,174,4519,94),(7442,1,1,14,1,83,174,4533,94),(7443,1,1,16,1,83,174,4559,94),(7444,1,1,14.5,1,83,174,4565,94),(7445,1,0,13.75,1,83,172,1053,91),(7446,1,0,6.25,1,83,172,1055,91),(7447,1,0,14.5,1,83,172,1057,91),(7448,1,0,11,1,83,172,1059,91),(7449,1,0,6.5,1,83,172,1061,91),(7450,1,0,10.5,1,83,172,1063,91),(7451,1,0,4,1,83,172,1065,91),(7452,1,0,7.75,1,83,172,1067,91),(7453,1,0,13.75,1,83,172,1069,91),(7454,1,0,12.75,1,83,172,1071,91),(7455,1,0,15.25,1,83,172,1073,91),(7456,1,0,13.5,1,83,172,1075,91),(7457,1,0,7.75,1,83,172,1077,91),(7458,1,0,0,1,83,172,1079,91),(7459,1,0,15.5,1,83,172,1081,91),(7460,1,0,16.25,1,83,172,1083,91),(7461,1,0,13.25,1,83,172,1085,91),(7462,1,0,11.5,1,83,172,1089,91),(7463,1,0,19.75,1,83,172,1091,91),(7464,1,0,13,1,83,172,1093,91),(7465,1,0,10.5,1,83,172,1095,91),(7466,1,0,10,1,83,172,1097,91),(7467,1,0,16,1,83,172,1099,91),(7468,1,0,17,1,83,172,1101,91),(7469,1,0,14.75,1,83,172,1103,91),(7470,1,0,12,1,83,172,1105,91),(7471,1,0,13.5,1,83,172,1107,91),(7472,1,0,6.75,1,83,172,1109,91),(7473,1,0,8.5,1,83,172,1111,91),(7474,1,0,8.25,1,83,172,1113,91),(7475,1,0,5.25,1,83,172,1115,91),(7476,1,0,14,1,83,172,1117,91),(7477,1,0,12.5,1,83,172,1119,91),(7478,1,0,8.25,1,83,172,1121,91),(7479,1,0,9,1,83,172,1123,91),(7480,1,0,11.75,1,83,172,1125,91),(7481,1,0,13.25,1,83,172,1127,91),(7482,1,0,11,1,83,172,1131,91),(7483,1,0,15.25,1,83,172,1133,91),(7484,1,0,10.75,1,83,172,1135,91),(7485,1,0,11,1,83,172,1137,91),(7486,1,0,9.5,1,83,172,1139,91),(7487,1,0,8.5,1,83,172,4553,91),(7488,1,0,18,1,83,172,4561,91),(7489,1,0,10.25,1,83,172,4573,91),(7490,1,0,0,1,83,172,1053,93),(7491,1,0,11.25,1,83,172,1055,93),(7492,1,0,10,1,83,172,1057,93),(7493,1,0,10,1,83,172,1059,93),(7494,1,0,10,1,83,172,1061,93),(7495,1,0,10,1,83,172,1063,93),(7496,1,0,16.25,1,83,172,1065,93),(7497,1,0,17.5,1,83,172,1067,93),(7498,1,0,18.75,1,83,172,1069,93),(7499,1,0,16.25,1,83,172,1071,93),(7500,1,0,16.25,1,83,172,1073,93),(7501,1,0,10,1,83,172,1075,93),(7502,1,0,11.25,1,83,172,1077,93),(7503,1,0,0,1,83,172,1079,93),(7504,1,0,16.25,1,83,172,1081,93),(7505,1,0,18.75,1,83,172,1083,93),(7506,1,0,10,1,83,172,1085,93),(7507,1,0,13.75,1,83,172,1089,93),(7508,1,0,17.5,1,83,172,1091,93),(7509,1,0,11.25,1,83,172,1093,93),(7510,1,0,10,1,83,172,1095,93),(7511,1,0,10,1,83,172,1097,93),(7512,1,0,10,1,83,172,1099,93),(7513,1,0,18.75,1,83,172,1101,93),(7514,1,0,10,1,83,172,1103,93),(7515,1,0,13.75,1,83,172,1105,93),(7516,1,0,13.75,1,83,172,1107,93),(7517,1,0,17.5,1,83,172,1109,93),(7518,1,0,11.25,1,83,172,1111,93),(7519,1,0,10,1,83,172,1113,93),(7520,1,0,10,1,83,172,1115,93),(7521,1,0,10,1,83,172,1117,93),(7522,1,0,18.75,1,83,172,1119,93),(7523,1,0,13.75,1,83,172,1121,93),(7524,1,0,0,1,83,172,1123,93),(7525,1,0,0,1,83,172,1125,93),(7526,1,0,10,1,83,172,1127,93),(7527,1,0,10,1,83,172,1131,93),(7528,1,0,10,1,83,172,1133,93),(7529,1,0,0,1,83,172,1135,93),(7530,1,0,0,1,83,172,1137,93),(7531,1,0,0,1,83,172,1139,93),(7532,1,0,14,1,83,172,4553,93),(7533,1,0,17,1,83,172,4561,93),(7534,1,0,16.25,1,83,172,4573,93),(7535,1,0,16.5,1,83,172,1053,92),(7536,1,0,14,1,83,172,1055,92),(7537,1,0,11,1,83,172,1059,92),(7538,1,0,13,1,83,172,1061,92),(7539,1,0,12,1,83,172,1063,92),(7540,1,0,14.5,1,83,172,1065,92),(7541,1,0,13,1,83,172,1067,92),(7542,1,0,13,1,83,172,1071,92),(7543,1,0,13,1,83,172,1073,92),(7544,1,0,13.5,1,83,172,1075,92),(7545,1,0,13,1,83,172,1077,92),(7546,1,0,14,1,83,172,1081,92),(7547,1,0,15.75,1,83,172,1083,92),(7548,1,0,12.5,1,83,172,1085,92),(7549,1,0,12,1,83,172,1089,92),(7550,1,0,17,1,83,172,1091,92),(7551,1,0,14.5,1,83,172,1093,92),(7552,1,0,13.5,1,83,172,1095,92),(7553,1,0,14,1,83,172,1097,92),(7554,1,0,14,1,83,172,1099,92),(7555,1,0,15,1,83,172,1101,92),(7556,1,0,12,1,83,172,1105,92),(7557,1,0,13,1,83,172,1107,92),(7558,1,0,15,1,83,172,1109,92),(7559,1,0,15,1,83,172,1113,92),(7560,1,0,14,1,83,172,1115,92),(7561,1,0,12.75,1,83,172,1117,92),(7562,1,0,12,1,83,172,1119,92),(7563,1,0,14,1,83,172,1121,92),(7564,1,0,11,1,83,172,1123,92),(7565,1,0,11.5,1,83,172,1125,92),(7566,1,0,15,1,83,172,1131,92),(7567,1,0,13.5,1,83,172,1133,92),(7568,1,0,13,1,83,172,1135,92),(7569,1,0,14.5,1,83,172,1137,92),(7570,1,0,13.5,1,83,172,1139,92),(7571,1,0,13,1,83,172,4553,92),(7572,1,0,14,1,83,172,4561,92),(7573,1,0,8.5,1,83,172,1053,94),(7574,1,0,7.75,1,83,172,1055,94),(7575,1,0,14.25,1,83,172,1057,94),(7576,1,0,14.25,1,83,172,1059,94),(7577,1,0,8.5,1,83,172,1061,94),(7578,1,0,8.25,1,83,172,1063,94),(7579,1,0,7.75,1,83,172,1065,94),(7580,1,0,8,1,83,172,1067,94),(7581,1,0,13.5,1,83,172,1069,94),(7582,1,0,6.75,1,83,172,1071,94),(7583,1,0,11.25,1,83,172,1073,94),(7584,1,0,11.25,1,83,172,1075,94),(7585,1,0,10,1,83,172,1077,94),(7586,1,0,9.75,1,83,172,1081,94),(7587,1,0,10.25,1,83,172,1083,94),(7588,1,0,12.5,1,83,172,1085,94),(7589,1,0,9,1,83,172,1089,94),(7590,1,0,16,1,83,172,1091,94),(7591,1,0,9.75,1,83,172,1093,94),(7592,1,0,11.25,1,83,172,1095,94),(7593,1,0,10.75,1,83,172,1097,94),(7594,1,0,14.5,1,83,172,1099,94),(7595,1,0,18,1,83,172,1101,94),(7596,1,0,16.25,1,83,172,1103,94),(7597,1,0,9.75,1,83,172,1105,94),(7598,1,0,12.5,1,83,172,1107,94),(7599,1,0,10.25,1,83,172,1109,94),(7600,1,0,6.25,1,83,172,1111,94),(7601,1,0,7.25,1,83,172,1113,94),(7602,1,0,10.5,1,83,172,1115,94),(7603,1,0,14,1,83,172,1117,94),(7604,1,0,14,1,83,172,1119,94),(7605,1,0,3.25,1,83,172,1121,94),(7606,1,0,8.5,1,83,172,1123,94),(7607,1,0,10.75,1,83,172,1125,94),(7608,1,0,11.25,1,83,172,1127,94),(7609,1,0,7.25,1,83,172,1131,94),(7610,1,0,15.25,1,83,172,1133,94),(7611,1,0,10.5,1,83,172,1135,94),(7612,1,0,10,1,83,172,1137,94),(7613,1,0,10.75,1,83,172,1139,94),(7614,1,0,8.75,1,83,172,4553,94),(7615,1,0,18.5,1,83,172,4561,94),(7616,1,0,8.75,1,83,172,4573,94),(7617,1,1,15,1,83,172,1053,94),(7618,1,1,14.25,1,83,172,1055,94),(7619,1,1,7.5,1,83,172,1061,94),(7620,1,1,11.5,1,83,172,1063,94),(7621,1,1,4.75,1,83,172,1065,94),(7622,1,1,8.75,1,83,172,1067,94),(7623,1,1,12.25,1,83,172,1077,94),(7624,1,1,9.75,1,83,172,1111,94),(7625,1,1,15,1,83,172,1113,94),(7626,1,1,6.25,1,83,172,1121,94),(7627,1,1,12.25,1,83,172,1123,94),(7628,1,1,12.5,1,83,172,1125,94),(7629,1,1,11,1,83,172,1131,94),(7630,1,1,8.25,1,83,172,1135,94),(7631,1,1,12.25,1,83,172,1137,94),(7632,1,1,9.5,1,83,172,1139,94),(7633,1,0,12.75,1,83,170,1053,91),(7634,1,0,10,1,83,170,1055,91),(7635,1,0,14,1,83,170,1057,91),(7636,1,0,11.25,1,83,170,1059,91),(7637,1,0,11,1,83,170,1061,91),(7638,1,0,12.5,1,83,170,1063,91),(7639,1,0,11,1,83,170,1065,91),(7640,1,0,11,1,83,170,1067,91),(7641,1,0,12.75,1,83,170,1071,91),(7642,1,0,10,1,83,170,1073,91),(7643,1,0,13,1,83,170,1075,91),(7644,1,0,14,1,83,170,1077,91),(7645,1,0,10.5,1,83,170,1079,91),(7646,1,0,12,1,83,170,1081,91),(7647,1,0,15,1,83,170,1083,91),(7648,1,0,12,1,83,170,1085,91),(7649,1,0,8,1,83,170,1089,91),(7650,1,0,15,1,83,170,1091,91),(7651,1,0,13,1,83,170,1093,91),(7652,1,0,13,1,83,170,1095,91),(7653,1,0,14.5,1,83,170,1097,91),(7654,1,0,9,1,83,170,1099,91),(7655,1,0,12,1,83,170,1101,91),(7656,1,0,6.25,1,83,170,1105,91),(7657,1,0,10,1,83,170,1107,91),(7658,1,0,9.5,1,83,170,1109,91),(7659,1,0,12,1,83,170,1111,91),(7660,1,0,11.75,1,83,170,1113,91),(7661,1,0,12,1,83,170,1115,91),(7662,1,0,12.25,1,83,170,1117,91),(7663,1,0,14.5,1,83,170,1119,91),(7664,1,0,10.5,1,83,170,1121,91),(7665,1,0,10,1,83,170,1123,91),(7666,1,0,13,1,83,170,1125,91),(7667,1,0,12,1,83,170,1127,91),(7668,1,0,14,1,83,170,1131,91),(7669,1,0,12,1,83,170,1133,91),(7670,1,0,10,1,83,170,1135,91),(7671,1,0,13.75,1,83,170,1137,91),(7672,1,0,13.75,1,83,170,1139,91),(7673,1,0,9.5,1,83,170,4553,91),(7674,1,0,13,1,83,170,4561,91),(7675,1,0,12.75,1,83,170,1053,93),(7676,1,0,10,1,83,170,1055,93),(7677,1,0,14,1,83,170,1057,93),(7678,1,0,11.25,1,83,170,1059,93),(7679,1,0,11,1,83,170,1061,93),(7680,1,0,12.5,1,83,170,1063,93),(7681,1,0,11,1,83,170,1065,93),(7682,1,0,11,1,83,170,1067,93),(7683,1,0,12.75,1,83,170,1071,93),(7684,1,0,10,1,83,170,1073,93),(7685,1,0,13,1,83,170,1075,93),(7686,1,0,14,1,83,170,1077,93),(7687,1,0,10.5,1,83,170,1079,93),(7688,1,0,12,1,83,170,1081,93),(7689,1,0,15,1,83,170,1083,93),(7690,1,0,12,1,83,170,1085,93),(7691,1,0,8,1,83,170,1089,93),(7692,1,0,15,1,83,170,1091,93),(7693,1,0,13,1,83,170,1093,93),(7694,1,0,13,1,83,170,1095,93),(7695,1,0,14.5,1,83,170,1097,93),(7696,1,0,9,1,83,170,1099,93),(7697,1,0,12,1,83,170,1101,93),(7698,1,0,12.75,1,83,170,1105,93),(7699,1,0,10,1,83,170,1107,93),(7700,1,0,9.5,1,83,170,1109,93),(7701,1,0,12,1,83,170,1111,93),(7702,1,0,11.75,1,83,170,1113,93),(7703,1,0,12,1,83,170,1115,93),(7704,1,0,12.25,1,83,170,1117,93),(7705,1,0,14.5,1,83,170,1119,93),(7706,1,0,10.5,1,83,170,1121,93),(7707,1,0,10,1,83,170,1123,93),(7708,1,0,13,1,83,170,1125,93),(7709,1,0,12,1,83,170,1127,93),(7710,1,0,14,1,83,170,1131,93),(7711,1,0,12,1,83,170,1133,93),(7712,1,0,10,1,83,170,1135,93),(7713,1,0,13.75,1,83,170,1137,93),(7714,1,0,13.75,1,83,170,1139,93),(7715,1,0,9.5,1,83,170,4553,93),(7716,1,0,12,1,83,170,4561,93),(7717,1,0,10,1,83,170,1053,94),(7718,1,0,5,1,83,170,1055,94),(7719,1,0,11,1,83,170,1057,94),(7720,1,0,8.25,1,83,170,1059,94),(7721,1,0,6,1,83,170,1061,94),(7722,1,0,10,1,83,170,1063,94),(7723,1,0,6,1,83,170,1065,94),(7724,1,0,6.75,1,83,170,1067,94),(7725,1,0,9,1,83,170,1071,94),(7726,1,0,8.25,1,83,170,1073,94),(7727,1,0,10,1,83,170,1075,94),(7728,1,0,10.25,1,83,170,1077,94),(7729,1,0,6.25,1,83,170,1079,94),(7730,1,0,9.25,1,83,170,1081,94),(7731,1,0,13.25,1,83,170,1083,94),(7732,1,0,8.25,1,83,170,1085,94),(7733,1,0,3,1,83,170,1089,94),(7734,1,0,13,1,83,170,1091,94),(7735,1,0,11,1,83,170,1093,94),(7736,1,0,10.25,1,83,170,1095,94),(7737,1,0,11.25,1,83,170,1097,94),(7738,1,0,6,1,83,170,1099,94),(7739,1,0,12.5,1,83,170,1101,94),(7740,1,0,5.5,1,83,170,1107,94),(7741,1,0,6.25,1,83,170,1109,94),(7742,1,0,8.75,1,83,170,1111,94),(7743,1,0,9,1,83,170,1113,94),(7744,1,0,10.25,1,83,170,1115,94),(7745,1,0,10.25,1,83,170,1117,94),(7746,1,0,11.25,1,83,170,1119,94),(7747,1,0,7.25,1,83,170,1121,94),(7748,1,0,5.75,1,83,170,1123,94),(7749,1,0,10.75,1,83,170,1125,94),(7750,1,0,7.5,1,83,170,1127,94),(7751,1,0,10.5,1,83,170,1131,94),(7752,1,0,8.75,1,83,170,1133,94),(7753,1,0,4,1,83,170,1135,94),(7754,1,0,11.75,1,83,170,1137,94),(7755,1,0,11,1,83,170,1139,94),(7756,1,0,8,1,83,170,4553,94),(7757,1,0,13,1,83,170,4561,94),(7758,1,1,9.5,1,83,170,1055,94),(7759,1,1,10,1,83,170,1061,94),(7760,1,1,7,1,83,170,1065,94),(7761,1,1,10.75,1,83,170,1067,94),(7762,1,1,5.75,1,83,170,1089,94),(7763,1,1,13,1,83,170,1099,94),(7764,1,1,10.5,1,83,170,1105,94),(7765,1,1,7.5,1,83,170,1107,94),(7766,1,1,12,1,83,170,1109,94),(7767,1,1,3.25,1,83,170,1123,94),(7768,1,1,14.5,1,83,170,4553,94),(7769,1,0,17,1,83,177,1051,94),(7770,1,0,17,1,83,177,1053,94),(7771,1,0,17,1,83,177,1055,94),(7772,1,0,17,1,83,177,1057,94),(7773,1,0,17,1,83,177,1059,94),(7774,1,0,17,1,83,177,1061,94),(7775,1,0,17,1,83,177,1063,94),(7776,1,0,17,1,83,177,1065,94),(7777,1,0,17,1,83,177,1067,94),(7778,1,0,17,1,83,177,1069,94),(7779,1,0,17,1,83,177,1071,94),(7780,1,0,17,1,83,177,1073,94),(7781,1,0,17,1,83,177,1075,94),(7782,1,0,17,1,83,177,1077,94),(7783,1,0,17,1,83,177,1079,94),(7784,1,0,17,1,83,177,1081,94),(7785,1,0,17,1,83,177,1083,94),(7786,1,0,17,1,83,177,1085,94),(7787,1,0,17,1,83,177,1087,94),(7788,1,0,17,1,83,177,1089,94),(7789,1,0,17,1,83,177,1091,94),(7790,1,0,17,1,83,177,1093,94),(7791,1,0,17,1,83,177,1095,94),(7792,1,0,17,1,83,177,1097,94),(7793,1,0,17,1,83,177,1099,94),(7794,1,0,17,1,83,177,1101,94),(7795,1,0,17,1,83,177,1103,94),(7796,1,0,17,1,83,177,1105,94),(7797,1,0,17,1,83,177,1107,94),(7798,1,0,17,1,83,177,1109,94),(7799,1,0,17,1,83,177,1111,94),(7800,1,0,17,1,83,177,1113,94),(7801,1,0,17,1,83,177,1115,94),(7802,1,0,17,1,83,177,1117,94),(7803,1,0,17,1,83,177,1119,94),(7804,1,0,17,1,83,177,1121,94),(7805,1,0,17,1,83,177,1123,94),(7806,1,0,17,1,83,177,1125,94),(7807,1,0,17,1,83,177,1127,94),(7808,1,0,17,1,83,177,1129,94),(7809,1,0,17,1,83,177,1131,94),(7810,1,0,17,1,83,177,1133,94),(7811,1,0,17,1,83,177,1135,94),(7812,1,0,17,1,83,177,1137,94),(7813,1,0,17,1,83,177,1139,94),(7814,1,0,12,1,83,169,1053,91),(7815,1,0,10.5,1,83,169,1055,91),(7816,1,0,10.75,1,83,169,1057,91),(7817,1,0,12,1,83,169,1059,91),(7818,1,0,11,1,83,169,1061,91),(7819,1,0,12.5,1,83,169,1063,91),(7820,1,0,9.5,1,83,169,1065,91),(7821,1,0,11,1,83,169,1067,91),(7822,1,0,13.25,1,83,169,1069,91),(7823,1,0,11.5,1,83,169,1071,91),(7824,1,0,12.5,1,83,169,1073,91),(7825,1,0,13,1,83,169,1075,91),(7826,1,0,10.5,1,83,169,1077,91),(7827,1,0,9,1,83,169,1079,91),(7828,1,0,13.25,1,83,169,1081,91),(7829,1,0,13.25,1,83,169,1083,91),(7830,1,0,13.75,1,83,169,1085,91),(7831,1,0,10,1,83,169,1089,91),(7832,1,0,15,1,83,169,1091,91),(7833,1,0,10.5,1,83,169,1093,91),(7834,1,0,11.5,1,83,169,1095,91),(7835,1,0,11.75,1,83,169,1097,91),(7836,1,0,11.75,1,83,169,1099,91),(7837,1,0,13.5,1,83,169,1101,91),(7838,1,0,14.25,1,83,169,1103,91),(7839,1,0,9.5,1,83,169,1105,91),(7840,1,0,10.5,1,83,169,1107,91),(7841,1,0,11.5,1,83,169,1109,91),(7842,1,0,10.5,1,83,169,1111,91),(7843,1,0,12.25,1,83,169,1113,91),(7844,1,0,10,1,83,169,1115,91),(7845,1,0,14.5,1,83,169,1117,91),(7846,1,0,10,1,83,169,1119,91),(7847,1,0,10,1,83,169,1121,91),(7848,1,0,10,1,83,169,1123,91),(7849,1,0,10.25,1,83,169,1125,91),(7850,1,0,10.25,1,83,169,1127,91),(7851,1,0,13,1,83,169,1131,91),(7852,1,0,13.25,1,83,169,1133,91),(7853,1,0,11.75,1,83,169,1135,91),(7854,1,0,9.75,1,83,169,1137,91),(7855,1,0,10,1,83,169,1139,91),(7856,1,0,16.75,1,83,169,4553,91),(7857,1,0,15,1,83,169,4561,91),(7858,1,0,13.5,1,83,169,1053,93),(7859,1,0,12,1,83,169,1055,93),(7860,1,0,12,1,83,169,1057,93),(7861,1,0,13.5,1,83,169,1059,93),(7862,1,0,12.5,1,83,169,1061,93),(7863,1,0,14,1,83,169,1063,93),(7864,1,0,12,1,83,169,1065,93),(7865,1,0,12.5,1,83,169,1067,93),(7866,1,0,15,1,83,169,1069,93),(7867,1,0,13,1,83,169,1071,93),(7868,1,0,14,1,83,169,1073,93),(7869,1,0,14.75,1,83,169,1075,93),(7870,1,0,12,1,83,169,1077,93),(7871,1,0,12,1,83,169,1079,93),(7872,1,0,15,1,83,169,1081,93),(7873,1,0,15,1,83,169,1083,93),(7874,1,0,15.5,1,83,169,1085,93),(7875,1,0,12,1,83,169,1089,93),(7876,1,0,17,1,83,169,1091,93),(7877,1,0,12,1,83,169,1093,93),(7878,1,0,13,1,83,169,1095,93),(7879,1,0,13.25,1,83,169,1097,93),(7880,1,0,13.25,1,83,169,1099,93),(7881,1,0,15.25,1,83,169,1101,93),(7882,1,0,16,1,83,169,1103,93),(7883,1,0,12,1,83,169,1105,93),(7884,1,0,12,1,83,169,1107,93),(7885,1,0,13,1,83,169,1109,93),(7886,1,0,12,1,83,169,1111,93),(7887,1,0,13.75,1,83,169,1113,93),(7888,1,0,12,1,83,169,1115,93),(7889,1,0,16.5,1,83,169,1117,93),(7890,1,0,12,1,83,169,1119,93),(7891,1,0,12,1,83,169,1121,93),(7892,1,0,12,1,83,169,1123,93),(7893,1,0,12,1,83,169,1125,93),(7894,1,0,12,1,83,169,1127,93),(7895,1,0,14.75,1,83,169,1131,93),(7896,1,0,15,1,83,169,1133,93),(7897,1,0,13.25,1,83,169,1135,93),(7898,1,0,12,1,83,169,1137,93),(7899,1,0,12,1,83,169,1139,93),(7900,1,0,16.75,1,83,169,4553,93),(7901,1,0,15,1,83,169,4561,93),(7902,1,0,0,1,83,169,1051,92),(7903,1,0,9.75,1,83,169,1053,92),(7904,1,0,9.999999999999996,1,83,169,1055,92),(7905,1,0,11.874999999999996,1,83,169,1057,92),(7906,1,0,11.25,1,83,169,1059,92),(7907,1,0,11,1,83,169,1061,92),(7908,1,0,11.25,1,83,169,1063,92),(7909,1,0,8.374999999999995,1,83,169,1065,92),(7910,1,0,9.75,1,83,169,1067,92),(7911,1,0,13.750000000000009,1,83,169,1069,92),(7912,1,0,12.625000000000004,1,83,169,1071,92),(7913,1,0,11.25,1,83,169,1073,92),(7914,1,0,11.750000000000004,1,83,169,1075,92),(7915,1,0,10.374999999999998,1,83,169,1077,92),(7916,1,0,9.500000000000005,1,83,169,1079,92),(7917,1,0,11.625000000000005,1,83,169,1081,92),(7918,1,0,12.500000000000009,1,83,169,1083,92),(7919,1,0,13.375000000000012,1,83,169,1085,92),(7920,1,0,0,1,83,169,1087,92),(7921,1,0,10.874999999999998,1,83,169,1089,92),(7922,1,0,13.375000000000012,1,83,169,1091,92),(7923,1,0,10.5,1,83,169,1093,92),(7924,1,0,10.5,1,83,169,1095,92),(7925,1,0,10.25,1,83,169,1097,92),(7926,1,0,12.375,1,83,169,1099,92),(7927,1,0,13.5,1,83,169,1101,92),(7928,1,0,11.000000000000007,1,83,169,1103,92),(7929,1,0,8.874999999999993,1,83,169,1105,92),(7930,1,0,10.875,1,83,169,1107,92),(7931,1,0,11.375000000000004,1,83,169,1109,92),(7932,1,0,9.999999999999996,1,83,169,1111,92),(7933,1,0,11.125000000000002,1,83,169,1113,92),(7934,1,0,10.249999999999998,1,83,169,1115,92),(7935,1,0,14.374999999999991,1,83,169,1117,92),(7936,1,0,10.249999999999998,1,83,169,1119,92),(7937,1,0,9.749999999999996,1,83,169,1121,92),(7938,1,0,11.499999999999998,1,83,169,1123,92),(7939,1,0,12.500000000000002,1,83,169,1125,92),(7940,1,0,10.625000000000002,1,83,169,1127,92),(7941,1,0,0,1,83,169,1129,92),(7942,1,0,12.249999999999998,1,83,169,1131,92),(7943,1,0,12.500000000000009,1,83,169,1133,92),(7944,1,0,10.624999999999996,1,83,169,1135,92),(7945,1,0,11.375000000000002,1,83,169,1137,92),(7946,1,0,9.624999999999998,1,83,169,1139,92),(7947,1,0,14.999999999999996,1,83,169,4553,92),(7948,1,0,14.124999999999996,1,83,169,4561,92),(7949,1,0,7.25,1,83,169,1053,94),(7950,1,0,4.75,1,83,169,1055,94),(7951,1,0,8,1,83,169,1057,94),(7952,1,0,10.5,1,83,169,1059,94),(7953,1,0,8.25,1,83,169,1061,94),(7954,1,0,10,1,83,169,1063,94),(7955,1,0,7,1,83,169,1065,94),(7956,1,0,8.5,1,83,169,1067,94),(7957,1,0,14.25,1,83,169,1069,94),(7958,1,0,7.5,1,83,169,1071,94),(7959,1,0,10,1,83,169,1073,94),(7960,1,0,10.5,1,83,169,1075,94),(7961,1,0,10.25,1,83,169,1077,94),(7962,1,0,10,1,83,169,1081,94),(7963,1,0,11.75,1,83,169,1083,94),(7964,1,0,13,1,83,169,1085,94),(7965,1,0,11.75,1,83,169,1089,94),(7966,1,0,11.75,1,83,169,1091,94),(7967,1,0,10.5,1,83,169,1093,94),(7968,1,0,9.5,1,83,169,1095,94),(7969,1,0,8.75,1,83,169,1097,94),(7970,1,0,13,1,83,169,1099,94),(7971,1,0,13.5,1,83,169,1101,94),(7972,1,0,7.75,1,83,169,1103,94),(7973,1,0,8.25,1,83,169,1105,94),(7974,1,0,11.25,1,83,169,1107,94),(7975,1,0,5.75,1,83,169,1109,94),(7976,1,0,9.5,1,83,169,1111,94),(7977,1,0,10,1,83,169,1113,94),(7978,1,0,7.5,1,83,169,1115,94),(7979,1,0,14.25,1,83,169,1117,94),(7980,1,0,10.5,1,83,169,1119,94),(7981,1,0,3.25,1,83,169,1121,94),(7982,1,0,8.75,1,83,169,1123,94),(7983,1,0,7.25,1,83,169,1125,94),(7984,1,0,11,1,83,169,1127,94),(7985,1,0,11.5,1,83,169,1131,94),(7986,1,0,11.75,1,83,169,1133,94),(7987,1,0,5.25,1,83,169,1135,94),(7988,1,0,8.75,1,83,169,1137,94),(7989,1,0,7.5,1,83,169,1139,94),(7990,1,0,13.25,1,83,169,4553,94),(7991,1,0,13.25,1,83,169,4561,94),(7992,1,1,7.5,1,83,169,1053,94),(7993,1,1,9.5,1,83,169,1055,94),(7994,1,1,13,1,83,169,1057,94),(7995,1,1,11,1,83,169,1061,94),(7996,1,1,7.25,1,83,169,1065,94),(7997,1,1,13.75,1,83,169,1071,94),(7998,1,1,10,1,83,169,1079,94),(7999,1,1,11.25,1,83,169,1109,94),(8000,1,1,10.5,1,83,169,1115,94),(8001,1,1,9.5,1,83,169,1121,94),(8002,1,1,13,1,83,169,1123,94),(8003,1,1,14.75,1,83,169,1125,94),(8004,1,1,9.5,1,83,169,1135,94),(8005,1,1,13,1,83,169,1137,94),(8006,1,1,9.25,1,83,169,1139,94),(8007,1,0,13.5,1,83,176,1053,91),(8008,1,0,6.5,1,83,176,1055,91),(8009,1,0,14,1,83,176,1057,91),(8010,1,0,12.75,1,83,176,1059,91),(8011,1,0,8.5,1,83,176,1061,91),(8012,1,0,10.5,1,83,176,1063,91),(8013,1,0,8.5,1,83,176,1065,91),(8014,1,0,7.5,1,83,176,1067,91),(8015,1,0,16,1,83,176,1069,91),(8016,1,0,13.25,1,83,176,1071,91),(8017,1,0,16.5,1,83,176,1073,91),(8018,1,0,16.5,1,83,176,1075,91),(8019,1,0,10.5,1,83,176,1077,91),(8020,1,0,11.25,1,83,176,1079,91),(8021,1,0,15,1,83,176,1081,91),(8022,1,0,8,1,83,176,1083,91),(8023,1,0,8.5,1,83,176,1085,91),(8024,1,0,12.5,1,83,176,1089,91),(8025,1,0,17.25,1,83,176,1091,91),(8026,1,0,15.75,1,83,176,1093,91),(8027,1,0,10.5,1,83,176,1095,91),(8028,1,0,6.75,1,83,176,1097,91),(8029,1,0,15,1,83,176,1099,91),(8030,1,0,15.5,1,83,176,1101,91),(8031,1,0,12.25,1,83,176,1103,91),(8032,1,0,4.5,1,83,176,1105,91),(8033,1,0,11,1,83,176,1107,91),(8034,1,0,15.25,1,83,176,1109,91),(8035,1,0,7.5,1,83,176,1111,91),(8036,1,0,7.75,1,83,176,1113,91),(8037,1,0,3.75,1,83,176,1115,91),(8038,1,0,12.75,1,83,176,1117,91),(8039,1,0,10.5,1,83,176,1119,91),(8040,1,0,10,1,83,176,1121,91),(8041,1,0,14,1,83,176,1123,91),(8042,1,0,13.25,1,83,176,1125,91),(8043,1,0,17,1,83,176,1127,91),(8044,1,0,18.25,1,83,176,1131,91),(8045,1,0,16,1,83,176,1133,91),(8046,1,0,9,1,83,176,1135,91),(8047,1,0,14,1,83,176,1137,91),(8048,1,0,14.25,1,83,176,1139,91),(8049,1,0,14,1,83,176,4553,91),(8050,1,0,13.5,1,83,176,4561,91),(8051,1,0,13.5,1,83,176,1053,93),(8052,1,0,13.5,1,83,176,1055,93),(8053,1,0,13.5,1,83,176,1057,93),(8054,1,0,13.5,1,83,176,1059,93),(8055,1,0,13.5,1,83,176,1061,93),(8056,1,0,13.5,1,83,176,1063,93),(8057,1,0,13.5,1,83,176,1065,93),(8058,1,0,13.5,1,83,176,1067,93),(8059,1,0,13.5,1,83,176,1069,93),(8060,1,0,12,1,83,176,1071,93),(8061,1,0,12,1,83,176,1073,93),(8062,1,0,12,1,83,176,1075,93),(8063,1,0,12,1,83,176,1077,93),(8064,1,0,12,1,83,176,1079,93),(8065,1,0,12,1,83,176,1081,93),(8066,1,0,12,1,83,176,1083,93),(8067,1,0,12,1,83,176,1085,93),(8068,1,0,12,1,83,176,1089,93),(8069,1,0,15,1,83,176,1091,93),(8070,1,0,15,1,83,176,1093,93),(8071,1,0,15,1,83,176,1095,93),(8072,1,0,15,1,83,176,1097,93),(8073,1,0,15,1,83,176,1099,93),(8074,1,0,15,1,83,176,1101,93),(8075,1,0,13,1,83,176,1103,93),(8076,1,0,15,1,83,176,1105,93),(8077,1,0,15,1,83,176,1107,93),(8078,1,0,15,1,83,176,1109,93),(8079,1,0,14,1,83,176,1111,93),(8080,1,0,14,1,83,176,1113,93),(8081,1,0,14,1,83,176,1115,93),(8082,1,0,14,1,83,176,1117,93),(8083,1,0,14,1,83,176,1119,93),(8084,1,0,14,1,83,176,1121,93),(8085,1,0,14,1,83,176,1123,93),(8086,1,0,14,1,83,176,1125,93),(8087,1,0,13,1,83,176,1127,93),(8088,1,0,13,1,83,176,1131,93),(8089,1,0,13,1,83,176,1133,93),(8090,1,0,13,1,83,176,1135,93),(8091,1,0,13,1,83,176,1137,93),(8092,1,0,13,1,83,176,1139,93),(8093,1,0,18,1,83,176,4553,93),(8094,1,0,18,1,83,176,4561,93),(8095,1,0,3.5,1,83,176,1053,94),(8096,1,0,10.75,1,83,176,1055,94),(8097,1,0,10,1,83,176,1057,94),(8098,1,0,12.5,1,83,176,1059,94),(8099,1,0,13.75,1,83,176,1061,94),(8100,1,0,11.5,1,83,176,1063,94),(8101,1,0,13,1,83,176,1065,94),(8102,1,0,9,1,83,176,1067,94),(8103,1,0,12.75,1,83,176,1069,94),(8104,1,0,9.25,1,83,176,1071,94),(8105,1,0,12,1,83,176,1073,94),(8106,1,0,11.75,1,83,176,1075,94),(8107,1,0,10.75,1,83,176,1077,94),(8108,1,0,10.5,1,83,176,1079,94),(8109,1,0,12,1,83,176,1081,94),(8110,1,0,10.5,1,83,176,1085,94),(8111,1,0,4.25,1,83,176,1089,94),(8112,1,0,13,1,83,176,1091,94),(8113,1,0,10.75,1,83,176,1093,94),(8114,1,0,11.75,1,83,176,1095,94),(8115,1,0,12.5,1,83,176,1097,94),(8116,1,0,11,1,83,176,1099,94),(8117,1,0,12,1,83,176,1101,94),(8118,1,0,11,1,83,176,1103,94),(8119,1,0,10.25,1,83,176,1105,94),(8120,1,0,10,1,83,176,1107,94),(8121,1,0,9.75,1,83,176,1109,94),(8122,1,0,5,1,83,176,1111,94),(8123,1,0,12.5,1,83,176,1113,94),(8124,1,0,8.5,1,83,176,1115,94),(8125,1,0,14.5,1,83,176,1117,94),(8126,1,0,4,1,83,176,1119,94),(8127,1,0,8.5,1,83,176,1121,94),(8128,1,0,13.25,1,83,176,1123,94),(8129,1,0,15.5,1,83,176,1125,94),(8130,1,0,9.5,1,83,176,1127,94),(8131,1,0,12,1,83,176,1131,94),(8132,1,0,13,1,83,176,1133,94),(8133,1,0,11.25,1,83,176,1135,94),(8134,1,0,13.75,1,83,176,1137,94),(8135,1,0,11.25,1,83,176,1139,94),(8136,1,0,16,1,83,176,4553,94),(8137,1,0,12.5,1,83,176,4561,94),(8138,1,1,12.5,1,83,176,1053,94),(8139,1,1,10.5,1,83,176,1083,94),(8140,1,1,14.5,1,83,176,1089,94),(8141,1,1,9.5,1,83,176,1093,94),(8142,1,1,8,1,83,176,1105,94),(8143,1,1,6,1,83,176,1111,94),(8144,1,1,12,1,83,176,1115,94),(8145,1,1,8.5,1,83,176,1119,94),(8146,1,0,17.5,1,83,173,1053,91),(8147,1,0,15.75,1,83,173,1055,91),(8148,1,0,15,1,83,173,1057,91),(8149,1,0,11.5,1,83,173,1059,91),(8150,1,0,12.5,1,83,173,1061,91),(8151,1,0,15.5,1,83,173,1063,91),(8152,1,0,19,1,83,173,1065,91),(8153,1,0,12.25,1,83,173,1067,91),(8154,1,0,14.5,1,83,173,1071,91),(8155,1,0,13,1,83,173,1073,91),(8156,1,0,17.25,1,83,173,1075,91),(8157,1,0,14.75,1,83,173,1077,91),(8158,1,0,15.5,1,83,173,1081,91),(8159,1,0,14.75,1,83,173,1083,91),(8160,1,0,14.5,1,83,173,1085,91),(8161,1,0,16.5,1,83,173,1089,91),(8162,1,0,18.75,1,83,173,1091,91),(8163,1,0,16.5,1,83,173,1093,91),(8164,1,0,14.75,1,83,173,1095,91),(8165,1,0,16,1,83,173,1097,91),(8166,1,0,17.5,1,83,173,1099,91),(8167,1,0,16.75,1,83,173,1101,91),(8168,1,0,11.75,1,83,173,1103,91),(8169,1,0,11.25,1,83,173,1105,91),(8170,1,0,17.25,1,83,173,1107,91),(8171,1,0,16.25,1,83,173,1109,91),(8172,1,0,11,1,83,173,1111,91),(8173,1,0,16.5,1,83,173,1113,91),(8174,1,0,14.75,1,83,173,1115,91),(8175,1,0,12.75,1,83,173,1117,91),(8176,1,0,10.75,1,83,173,1119,91),(8177,1,0,15,1,83,173,1121,91),(8178,1,0,14.25,1,83,173,1123,91),(8179,1,0,13,1,83,173,1125,91),(8180,1,0,12.25,1,83,173,1127,91),(8181,1,0,17.25,1,83,173,1131,91),(8182,1,0,15.75,1,83,173,1133,91),(8183,1,0,12,1,83,173,1135,91),(8184,1,0,16.5,1,83,173,1137,91),(8185,1,0,15.75,1,83,173,1139,91),(8186,1,0,14.5,1,83,173,4511,91),(8187,1,0,12.25,1,83,173,4553,91),(8188,1,0,13.75,1,83,173,4561,91),(8189,1,0,16,1,83,173,1053,93),(8190,1,0,13.5,1,83,173,1055,93),(8191,1,0,13.5,1,83,173,1057,93),(8192,1,0,10,1,83,173,1059,93),(8193,1,0,12,1,83,173,1061,93),(8194,1,0,16,1,83,173,1063,93),(8195,1,0,17.5,1,83,173,1065,93),(8196,1,0,12,1,83,173,1067,93),(8197,1,0,12.5,1,83,173,1071,93),(8198,1,0,12,1,83,173,1073,93),(8199,1,0,16,1,83,173,1075,93),(8200,1,0,14,1,83,173,1077,93),(8201,1,0,13.5,1,83,173,1081,93),(8202,1,0,14,1,83,173,1083,93),(8203,1,0,12,1,83,173,1085,93),(8204,1,0,15.5,1,83,173,1089,93),(8205,1,0,17.5,1,83,173,1091,93),(8206,1,0,14,1,83,173,1093,93),(8207,1,0,12.5,1,83,173,1095,93),(8208,1,0,15.5,1,83,173,1097,93),(8209,1,0,17.5,1,83,173,1099,93),(8210,1,0,15.5,1,83,173,1101,93),(8211,1,0,13.5,1,83,173,1103,93),(8212,1,0,10,1,83,173,1105,93),(8213,1,0,16,1,83,173,1107,93),(8214,1,0,15.25,1,83,173,1109,93),(8215,1,0,13.5,1,83,173,1111,93),(8216,1,0,16,1,83,173,1113,93),(8217,1,0,13.5,1,83,173,1115,93),(8218,1,0,12,1,83,173,1117,93),(8219,1,0,10,1,83,173,1119,93),(8220,1,0,13.5,1,83,173,1121,93),(8221,1,0,14,1,83,173,1123,93),(8222,1,0,12,1,83,173,1125,93),(8223,1,0,13.5,1,83,173,1127,93),(8224,1,0,14,1,83,173,1131,93),(8225,1,0,13.5,1,83,173,1133,93),(8226,1,0,12,1,83,173,1135,93),(8227,1,0,13.5,1,83,173,1137,93),(8228,1,0,16,1,83,173,1139,93),(8229,1,0,14,1,83,173,4511,93),(8230,1,0,16,1,83,173,4553,93),(8231,1,0,12,1,83,173,4561,93),(8232,1,0,13,1,83,173,1053,94),(8233,1,0,8.25,1,83,173,1055,94),(8234,1,0,10,1,83,173,1057,94),(8235,1,0,7.75,1,83,173,1059,94),(8236,1,0,6.5,1,83,173,1061,94),(8237,1,0,9.5,1,83,173,1063,94),(8238,1,0,7,1,83,173,1065,94),(8239,1,0,7.5,1,83,173,1067,94),(8240,1,0,8,1,83,173,1071,94),(8241,1,0,5,1,83,173,1073,94),(8242,1,0,7.5,1,83,173,1075,94),(8243,1,0,10,1,83,173,1077,94),(8244,1,0,8.5,1,83,173,1081,94),(8245,1,0,6,1,83,173,1085,94),(8246,1,0,5.5,1,83,173,1089,94),(8247,1,0,13,1,83,173,1091,94),(8248,1,0,8,1,83,173,1093,94),(8249,1,0,8,1,83,173,1095,94),(8250,1,0,11,1,83,173,1097,94),(8251,1,0,10.75,1,83,173,1099,94),(8252,1,0,10.75,1,83,173,1101,94),(8253,1,0,10,1,83,173,1103,94),(8254,1,0,10.25,1,83,173,1105,94),(8255,1,0,6.75,1,83,173,1107,94),(8256,1,0,12,1,83,173,1109,94),(8257,1,0,10,1,83,173,1111,94),(8258,1,0,12.5,1,83,173,1113,94),(8259,1,0,11.35,1,83,173,1115,94),(8260,1,0,11.25,1,83,173,1117,94),(8261,1,0,7.75,1,83,173,1119,94),(8262,1,0,7.5,1,83,173,1123,94),(8263,1,0,8,1,83,173,1125,94),(8264,1,0,10,1,83,173,1127,94),(8265,1,0,6.5,1,83,173,1131,94),(8266,1,0,7.25,1,83,173,1133,94),(8267,1,0,6.75,1,83,173,1137,94),(8268,1,0,11.5,1,83,173,4553,94),(8269,1,0,11.25,1,83,173,4561,94),(8270,1,1,12.75,1,83,173,1061,94),(8271,1,1,13.25,1,83,173,1067,94),(8272,1,1,11,1,83,173,1073,94),(8273,1,1,15.5,1,83,173,1083,94),(8274,1,1,12.25,1,83,173,1119,94),(8275,1,1,10.5,1,83,173,1121,94),(8276,1,1,14.5,1,83,173,1135,94),(8277,1,1,11.75,1,83,173,1139,94),(8278,1,1,11,1,83,173,4511,94),(8351,1,0,16,1,83,204,1053,91),(8352,1,0,16,1,83,204,1055,91),(8353,1,0,16,1,83,204,1057,91),(8354,1,0,16,1,83,204,1059,91),(8355,1,0,16,1,83,204,1061,91),(8356,1,0,16,1,83,204,1063,91),(8357,1,0,16,1,83,204,1065,91),(8358,1,0,16,1,83,204,1067,91),(8359,1,0,16,1,83,204,1069,91),(8360,1,0,16,1,83,204,1071,91),(8361,1,0,16,1,83,204,1073,91),(8362,1,0,16,1,83,204,1075,91),(8363,1,0,16,1,83,204,1077,91),(8364,1,0,16,1,83,204,1079,91),(8365,1,0,16,1,83,204,1081,91),(8366,1,0,16,1,83,204,1083,91),(8367,1,0,16,1,83,204,1085,91),(8368,1,0,16,1,83,204,1089,91),(8369,1,0,16,1,83,204,1091,91),(8370,1,0,16,1,83,204,1093,91),(8371,1,0,16,1,83,204,1095,91),(8372,1,0,16,1,83,204,1097,91),(8373,1,0,16,1,83,204,1099,91),(8374,1,0,16,1,83,204,1101,91),(8375,1,0,16,1,83,204,1103,91),(8376,1,0,16,1,83,204,1105,91),(8377,1,0,16,1,83,204,1107,91),(8378,1,0,16,1,83,204,1109,91),(8379,1,0,16,1,83,204,1111,91),(8380,1,0,16,1,83,204,1113,91),(8381,1,0,16,1,83,204,1115,91),(8382,1,0,16,1,83,204,1117,91),(8383,1,0,16,1,83,204,1119,91),(8384,1,0,16,1,83,204,1121,91),(8385,1,0,16,1,83,204,1123,91),(8386,1,0,16,1,83,204,1125,91),(8387,1,0,16,1,83,204,1127,91),(8388,1,0,16,1,83,204,1131,91),(8389,1,0,16,1,83,204,1133,91),(8390,1,0,16,1,83,204,1135,91),(8391,1,0,16,1,83,204,1137,91),(8392,1,0,16,1,83,204,1139,91),(8393,1,0,16,1,83,204,1053,93),(8394,1,0,16,1,83,204,1055,93),(8395,1,0,16,1,83,204,1057,93),(8396,1,0,16,1,83,204,1059,93),(8397,1,0,16,1,83,204,1061,93),(8398,1,0,16,1,83,204,1063,93),(8399,1,0,16,1,83,204,1065,93),(8400,1,0,16,1,83,204,1067,93),(8401,1,0,16,1,83,204,1069,93),(8402,1,0,16,1,83,204,1071,93),(8403,1,0,16,1,83,204,1073,93),(8404,1,0,16,1,83,204,1075,93),(8405,1,0,16,1,83,204,1077,93),(8406,1,0,16,1,83,204,1079,93),(8407,1,0,16,1,83,204,1081,93),(8408,1,0,16,1,83,204,1083,93),(8409,1,0,16,1,83,204,1085,93),(8410,1,0,16,1,83,204,1089,93),(8411,1,0,16,1,83,204,1091,93),(8412,1,0,16,1,83,204,1093,93),(8413,1,0,16,1,83,204,1095,93),(8414,1,0,16,1,83,204,1097,93),(8415,1,0,16,1,83,204,1099,93),(8416,1,0,16,1,83,204,1101,93),(8417,1,0,16,1,83,204,1103,93),(8418,1,0,16,1,83,204,1105,93),(8419,1,0,16,1,83,204,1107,93),(8420,1,0,16,1,83,204,1109,93),(8421,1,0,16,1,83,204,1111,93),(8422,1,0,16,1,83,204,1113,93),(8423,1,0,16,1,83,204,1115,93),(8424,1,0,16,1,83,204,1117,93),(8425,1,0,16,1,83,204,1119,93),(8426,1,0,16,1,83,204,1121,93),(8427,1,0,16,1,83,204,1123,93),(8428,1,0,16,1,83,204,1125,93),(8429,1,0,16,1,83,204,1127,93),(8430,1,0,16,1,83,204,1131,93),(8431,1,0,16,1,83,204,1133,93),(8432,1,0,16,1,83,204,1135,93),(8433,1,0,16,1,83,204,1137,93),(8434,1,0,16,1,83,204,1139,93),(8435,1,0,16,1,83,204,1053,94),(8436,1,0,16,1,83,204,1055,94),(8437,1,0,16,1,83,204,1057,94),(8438,1,0,16,1,83,204,1059,94),(8439,1,0,16,1,83,204,1061,94),(8440,1,0,16,1,83,204,1063,94),(8441,1,0,16,1,83,204,1065,94),(8442,1,0,16,1,83,204,1067,94),(8443,1,0,16,1,83,204,1069,94),(8444,1,0,16,1,83,204,1071,94),(8445,1,0,16,1,83,204,1073,94),(8446,1,0,16,1,83,204,1075,94),(8447,1,0,16,1,83,204,1077,94),(8448,1,0,16,1,83,204,1079,94),(8449,1,0,16,1,83,204,1081,94),(8450,1,0,16,1,83,204,1083,94),(8451,1,0,16,1,83,204,1085,94),(8452,1,0,16,1,83,204,1089,94),(8453,1,0,16,1,83,204,1091,94),(8454,1,0,16,1,83,204,1093,94),(8455,1,0,16,1,83,204,1095,94),(8456,1,0,16,1,83,204,1097,94),(8457,1,0,16,1,83,204,1099,94),(8458,1,0,16,1,83,204,1101,94),(8459,1,0,16,1,83,204,1103,94),(8460,1,0,16,1,83,204,1105,94),(8461,1,0,16,1,83,204,1107,94),(8462,1,0,16,1,83,204,1109,94),(8463,1,0,16,1,83,204,1111,94),(8464,1,0,16,1,83,204,1113,94),(8465,1,0,16,1,83,204,1115,94),(8466,1,0,16,1,83,204,1117,94),(8467,1,0,16,1,83,204,1119,94),(8468,1,0,16,1,83,204,1121,94),(8469,1,0,16,1,83,204,1123,94),(8470,1,0,16,1,83,204,1125,94),(8471,1,0,16,1,83,204,1127,94),(8472,1,0,16,1,83,204,1131,94),(8473,1,0,16,1,83,204,1133,94),(8474,1,0,16,1,83,204,1135,94),(8475,1,0,16,1,83,204,1137,94),(8476,1,0,16,1,83,204,1139,94),(8501,1,1,13.75,1,86,172,1449,94),(8502,1,1,12.75,1,86,172,1455,94),(8503,1,1,14,1,86,172,1459,94),(8504,1,1,11.5,1,86,172,1467,94),(8505,1,1,13.5,1,86,172,1479,94),(8506,1,1,11.5,1,86,172,1493,94),(8507,1,1,12.5,1,86,172,1495,94),(8508,1,1,6,1,86,172,1497,94),(8509,1,1,6.5,1,86,172,1503,94),(8510,1,1,8.25,1,86,172,1529,94),(8511,1,1,12.25,1,86,172,1547,94),(8551,1,1,8,1,86,169,1453,94),(8552,1,1,8.75,1,86,169,1455,94),(8553,1,1,4.75,1,86,169,1459,94),(8554,1,1,4.5,1,86,169,1477,94),(8555,1,1,5.75,1,86,169,1479,94),(8556,1,1,2,1,86,169,1485,94),(8557,1,1,8.5,1,86,169,1495,94),(8558,1,1,4.75,1,86,169,1497,94),(8559,1,1,4.5,1,86,169,1501,94),(8560,1,1,6.5,1,86,169,1505,94),(8561,1,1,3,1,86,169,1507,94),(8562,1,1,7,1,86,169,1515,94),(8563,1,1,7.5,1,86,169,1523,94),(8564,1,1,7.5,1,86,169,1533,94),(8565,1,1,9,1,86,169,1424,94),(8566,1,1,7,1,86,157,1455,94),(8567,1,1,14,1,86,157,1459,94),(8568,1,1,11,1,86,157,1467,94),(8569,1,1,14,1,86,157,1469,94),(8570,1,1,12,1,86,157,1473,94),(8571,1,1,13,1,86,157,1475,94),(8572,1,1,10,1,86,157,1477,94),(8573,1,1,14,1,86,157,1479,94),(8574,1,1,12,1,86,157,1485,94),(8575,1,1,12.5,1,86,157,1487,94),(8576,1,1,9,1,86,157,1493,94),(8577,1,1,9,1,86,157,1499,94),(8578,1,1,9,1,86,157,1503,94),(8579,1,1,10,1,86,157,1505,94),(8580,1,1,11,1,86,157,1513,94),(8581,1,1,10,1,86,157,1515,94),(8582,1,1,10,1,86,157,1517,94),(8583,1,1,9,1,86,157,1529,94),(8584,1,1,12,1,86,157,1533,94),(8585,1,1,10,1,86,157,1537,94),(8586,1,1,12,1,86,157,1547,94),(8587,1,1,12,1,86,157,1386,94),(8588,1,1,9,1,86,157,1432,94),(8589,1,0,6,1,86,157,1356,91),(8590,1,0,6,1,86,157,1386,91),(8591,1,0,11,1,86,157,1382,91),(8592,1,0,10,1,86,157,1432,91),(8593,1,0,14,1,86,157,1356,93),(8594,1,0,16,1,86,157,1386,93),(8595,1,0,15,1,86,157,1382,93),(8596,1,0,8,1,86,157,1356,94),(8597,1,0,5,1,86,157,1386,94),(8598,1,0,11,1,86,157,1382,94),(8599,1,0,9,1,86,157,1432,94),(8600,1,0,10,1,86,157,1442,94),(8601,1,1,9.75,1,86,171,1449,94),(8602,1,1,11,1,86,171,1453,94),(8603,1,1,12.75,1,86,171,1455,94),(8604,1,1,9.5,1,86,171,1459,94),(8605,1,1,11,1,86,171,1473,94),(8606,1,1,10.75,1,86,171,1475,94),(8607,1,1,12.75,1,86,171,1477,94),(8608,1,1,12,1,86,171,1487,94),(8609,1,1,8,1,86,171,1491,94),(8610,1,1,5.5,1,86,171,1493,94),(8611,1,1,10,1,86,171,1495,94),(8612,1,1,12.75,1,86,171,1501,94),(8613,1,1,6.5,1,86,171,1503,94),(8614,1,1,5.5,1,86,171,1505,94),(8615,1,1,10,1,86,171,1513,94),(8616,1,1,8.75,1,86,171,1517,94),(8617,1,1,13.75,1,86,171,1519,94),(8618,1,1,12.75,1,86,171,1523,94),(8619,1,1,9.5,1,86,171,1356,94),(8620,1,1,15.5,1,86,171,1358,94),(8621,1,1,8.5,1,86,171,1386,94),(8622,1,1,7.5,1,86,171,1420,94),(8623,1,1,11.75,1,86,171,1424,94),(8624,1,1,14,1,86,171,1366,94),(8625,1,1,13.5,1,86,171,1208,94),(8626,1,1,14.5,1,86,171,1129,94),(8627,1,1,3,1,86,152,1453,94),(8628,1,1,2.25,1,86,152,1455,94),(8629,1,1,7.75,1,86,152,1457,94),(8630,1,1,3.75,1,86,152,1459,94),(8631,1,1,10.75,1,86,152,1465,94),(8632,1,1,10,1,86,152,1467,94),(8633,1,1,10,1,86,152,1469,94),(8634,1,1,1.5,1,86,152,1473,94),(8635,1,1,1.5,1,86,152,1475,94),(8636,1,1,10.5,1,86,152,1477,94),(8637,1,1,5.5,1,86,152,1479,94),(8638,1,1,11.75,1,86,152,1481,94),(8639,1,1,10.5,1,86,152,1485,94),(8640,1,1,3,1,86,152,1487,94),(8641,1,1,6.5,1,86,152,1489,94),(8642,1,1,2,1,86,152,1491,94),(8643,1,1,1.75,1,86,152,1493,94),(8644,1,1,8,1,86,152,1495,94),(8645,1,1,1.25,1,86,152,1497,94),(8646,1,1,3.25,1,86,152,1499,94),(8647,1,1,8.25,1,86,152,1501,94),(8648,1,1,0.5,1,86,152,1503,94),(8649,1,1,6.25,1,86,152,1505,94),(8650,1,1,7,1,86,152,1511,94),(8651,1,1,3,1,86,152,1513,94),(8652,1,1,7.25,1,86,152,1515,94),(8653,1,1,7,1,86,152,1519,94),(8654,1,1,11.75,1,86,152,1531,94),(8655,1,1,4,1,86,152,1533,94),(8656,1,1,1.25,1,86,152,1539,94),(8657,1,1,12.25,1,86,152,1543,94),(8658,1,1,8,1,86,152,1545,94),(8659,1,1,6,1,86,152,1549,94),(8660,1,1,6.5,1,86,152,1551,94),(8661,1,1,12,1,86,152,1346,94),(8662,1,1,6,1,86,152,1356,94),(8663,1,1,7.25,1,86,152,1358,94),(8664,1,1,8.75,1,86,152,1386,94),(8665,1,1,4.75,1,86,152,1420,94),(8666,1,1,10,1,86,152,1424,94),(8667,1,1,13.5,1,86,152,1426,94),(8668,1,1,9.25,1,86,152,1432,94),(8669,1,1,14.75,1,86,152,1442,94),(8670,1,1,7.25,1,86,152,1354,94),(8671,1,1,10,1,86,152,1201,94),(8672,1,1,0.5,1,86,152,1129,94),(8673,1,1,5.25,1,86,152,1246,94),(8701,1,1,0,1,86,151,1455,94),(8702,1,1,6.5,1,86,151,1457,94),(8703,1,1,6.75,1,86,151,1459,94),(8704,1,1,7,1,86,151,1465,94),(8705,1,1,9.25,1,86,151,1469,94),(8706,1,1,4.75,1,86,151,1477,94),(8707,1,1,7.5,1,86,151,1479,94),(8708,1,1,10,1,86,151,1481,94),(8709,1,1,7.5,1,86,151,1487,94),(8710,1,1,10.5,1,86,151,1489,94),(8711,1,1,1.25,1,86,151,1493,94),(8712,1,1,1.25,1,86,151,1495,94),(8713,1,1,2.5,1,86,151,1503,94),(8714,1,1,4.75,1,86,151,1505,94),(8715,1,1,8.25,1,86,151,1511,94),(8716,1,1,4,1,86,151,1513,94),(8717,1,1,8.25,1,86,151,1515,94),(8718,1,1,12.25,1,86,151,1523,94),(8719,1,1,11.5,1,86,151,1531,94),(8720,1,1,11.75,1,86,151,1533,94),(8721,1,1,0,1,86,151,1539,94),(8722,1,1,10.75,1,86,151,1543,94),(8723,1,1,8,1,86,151,1547,94),(8724,1,1,4.25,1,86,151,1549,94),(8725,1,1,9,1,86,151,1551,94),(8726,1,1,11.75,1,86,151,1346,94),(8727,1,1,9,1,86,151,1358,94),(8728,1,1,4.25,1,86,151,1386,94),(8729,1,1,4,1,86,151,1420,94),(8730,1,1,6.25,1,86,151,1424,94),(8731,1,1,10.75,1,86,151,1426,94),(8732,1,1,10,1,86,151,1432,94),(8733,1,1,12.75,1,86,151,1442,94),(8734,1,1,9,1,86,151,1354,94),(8735,1,1,2,1,86,151,1201,94),(8736,1,1,1,1,86,151,1129,94),(8737,1,1,14.25,1,86,151,1428,94),(8738,1,1,4.25,1,86,151,1246,94),(8739,1,0,16,1,86,175,1449,91),(8740,1,0,14,1,86,175,1453,91),(8741,1,0,12,1,86,175,1455,91),(8742,1,0,12,1,86,175,1457,91),(8743,1,0,12,1,86,175,1459,91),(8744,1,0,15,1,86,175,1463,91),(8745,1,0,11,1,86,175,1465,91),(8746,1,0,12,1,86,175,1467,91),(8747,1,0,14,1,86,175,1469,91),(8748,1,0,15,1,86,175,1471,91),(8749,1,0,13,1,86,175,1473,91),(8750,1,0,14,1,86,175,1475,91),(8751,1,0,11,1,86,175,1477,91),(8752,1,0,15,1,86,175,1479,91),(8753,1,0,13,1,86,175,1481,91),(8754,1,0,14,1,86,175,1483,91),(8755,1,0,12,1,86,175,1485,91),(8756,1,0,12,1,86,175,1487,91),(8757,1,0,14,1,86,175,1491,91),(8758,1,0,14,1,86,175,1493,91),(8759,1,0,12,1,86,175,1495,91),(8760,1,0,13,1,86,175,1497,91),(8761,1,0,12,1,86,175,1499,91),(8762,1,0,12,1,86,175,1501,91),(8763,1,0,13,1,86,175,1503,91),(8764,1,0,12,1,86,175,1505,91),(8765,1,0,10,1,86,175,1507,91),(8766,1,0,12,1,86,175,1509,91),(8767,1,0,10,1,86,175,1511,91),(8768,1,0,12,1,86,175,1513,91),(8769,1,0,12,1,86,175,1515,91),(8770,1,0,14,1,86,175,1517,91),(8771,1,0,14,1,86,175,1519,91),(8772,1,0,13,1,86,175,1523,91),(8773,1,0,11,1,86,175,1525,91),(8774,1,0,12,1,86,175,1531,91),(8775,1,0,11,1,86,175,1533,91),(8776,1,0,13,1,86,175,1535,91),(8777,1,0,13,1,86,175,1537,91),(8778,1,0,15,1,86,175,1539,91),(8779,1,0,12,1,86,175,1541,91),(8780,1,0,16,1,86,175,1543,91),(8781,1,0,12,1,86,175,1545,91),(8782,1,0,12,1,86,175,1547,91),(8783,1,0,12,1,86,175,1549,91),(8784,1,0,15,1,86,175,1551,91),(8785,1,0,16,1,86,175,1449,93),(8786,1,0,12,1,86,175,1453,93),(8787,1,0,11,1,86,175,1455,93),(8788,1,0,12,1,86,175,1457,93),(8789,1,0,11,1,86,175,1459,93),(8790,1,0,14,1,86,175,1463,93),(8791,1,0,12,1,86,175,1465,93),(8792,1,0,12,1,86,175,1467,93),(8793,1,0,14,1,86,175,1469,93),(8794,1,0,13,1,86,175,1471,93),(8795,1,0,15,1,86,175,1473,93),(8796,1,0,13,1,86,175,1475,93),(8797,1,0,11,1,86,175,1477,93),(8798,1,0,14,1,86,175,1479,93),(8799,1,0,13,1,86,175,1481,93),(8800,1,0,14,1,86,175,1483,93),(8801,1,0,13,1,86,175,1485,93),(8802,1,0,12,1,86,175,1487,93),(8803,1,0,13,1,86,175,1491,93),(8804,1,0,13,1,86,175,1493,93),(8805,1,0,13,1,86,175,1495,93),(8806,1,0,12,1,86,175,1497,93),(8807,1,0,12,1,86,175,1499,93),(8808,1,0,11,1,86,175,1501,93),(8809,1,0,15,1,86,175,1503,93),(8810,1,0,10,1,86,175,1505,93),(8811,1,0,11,1,86,175,1507,93),(8812,1,0,14,1,86,175,1509,93),(8813,1,0,13,1,86,175,1511,93),(8814,1,0,11,1,86,175,1513,93),(8815,1,0,12,1,86,175,1515,93),(8816,1,0,14,1,86,175,1517,93),(8817,1,0,13,1,86,175,1519,93),(8818,1,0,14,1,86,175,1523,93),(8819,1,0,13,1,86,175,1525,93),(8820,1,0,12,1,86,175,1531,93),(8821,1,0,12,1,86,175,1533,93),(8822,1,0,14,1,86,175,1535,93),(8823,1,0,14,1,86,175,1537,93),(8824,1,0,13,1,86,175,1539,93),(8825,1,0,14,1,86,175,1541,93),(8826,1,0,15,1,86,175,1543,93),(8827,1,0,13,1,86,175,1545,93),(8828,1,0,12,1,86,175,1547,93),(8829,1,0,13,1,86,175,1549,93),(8830,1,0,15,1,86,175,1551,93),(8831,1,0,9.5,1,86,175,1449,94),(8832,1,0,10,1,86,175,1453,94),(8833,1,0,3.5,1,86,175,1455,94),(8834,1,0,10,1,86,175,1457,94),(8835,1,0,8.5,1,86,175,1459,94),(8836,1,0,10.5,1,86,175,1463,94),(8837,1,0,7,1,86,175,1465,94),(8838,1,0,9.5,1,86,175,1467,94),(8839,1,0,7,1,86,175,1469,94),(8840,1,0,6,1,86,175,1473,94),(8841,1,0,9,1,86,175,1475,94),(8842,1,0,8.5,1,86,175,1477,94),(8843,1,0,11,1,86,175,1479,94),(8844,1,0,7,1,86,175,1481,94),(8845,1,0,7.5,1,86,175,1483,94),(8846,1,0,9.5,1,86,175,1485,94),(8847,1,0,9.5,1,86,175,1487,94),(8848,1,0,14.5,1,86,175,1489,94),(8849,1,0,6.5,1,86,175,1491,94),(8850,1,0,5,1,86,175,1493,94),(8851,1,0,9.5,1,86,175,1495,94),(8852,1,0,5.5,1,86,175,1497,94),(8853,1,0,11.5,1,86,175,1499,94),(8854,1,0,6.5,1,86,175,1501,94),(8855,1,0,8.5,1,86,175,1503,94),(8856,1,0,6.5,1,86,175,1505,94),(8857,1,0,7,1,86,175,1507,94),(8858,1,0,5.5,1,86,175,1509,94),(8859,1,0,11,1,86,175,1511,94),(8860,1,0,7.5,1,86,175,1513,94),(8861,1,0,8.5,1,86,175,1515,94),(8862,1,0,14,1,86,175,1517,94),(8863,1,0,8,1,86,175,1519,94),(8864,1,0,11,1,86,175,1523,94),(8865,1,0,10,1,86,175,1531,94),(8866,1,0,10,1,86,175,1533,94),(8867,1,0,9.5,1,86,175,1535,94),(8868,1,0,7.5,1,86,175,1537,94),(8869,1,0,9,1,86,175,1539,94),(8870,1,0,9.5,1,86,175,1541,94),(8871,1,0,8,1,86,175,1543,94),(8872,1,0,8.5,1,86,175,1547,94),(8873,1,0,7.5,1,86,175,1549,94),(8874,1,0,11,1,86,175,1551,94),(8875,1,0,9,1,86,174,1449,91),(8876,1,0,13,1,86,174,1453,91),(8877,1,0,0,1,86,174,1455,91),(8878,1,0,1.5,1,86,174,1457,91),(8879,1,0,4.5,1,86,174,1459,91),(8880,1,0,14,1,86,174,1463,91),(8881,1,0,7,1,86,174,1465,91),(8882,1,0,6,1,86,174,1467,91),(8883,1,0,5.5,1,86,174,1469,91),(8884,1,0,0,1,86,174,1471,91),(8885,1,0,6,1,86,174,1473,91),(8886,1,0,11.5,1,86,174,1475,91),(8887,1,0,2,1,86,174,1477,91),(8888,1,0,7.5,1,86,174,1479,91),(8889,1,0,5,1,86,174,1481,91),(8890,1,0,6.5,1,86,174,1483,91),(8891,1,0,0,1,86,174,1485,91),(8892,1,0,2.5,1,86,174,1487,91),(8893,1,0,7.5,1,86,174,1489,91),(8894,1,0,3.5,1,86,174,1491,91),(8895,1,0,3.5,1,86,174,1493,91),(8896,1,0,12.5,1,86,174,1495,91),(8897,1,0,1,1,86,174,1497,91),(8898,1,0,2,1,86,174,1499,91),(8899,1,0,7.5,1,86,174,1501,91),(8900,1,0,0,1,86,174,1503,91),(8901,1,0,7,1,86,174,1505,91),(8902,1,0,9,1,86,174,1507,91),(8903,1,0,13,1,86,174,1509,91),(8904,1,0,3,1,86,174,1511,91),(8905,1,0,11,1,86,174,1513,91),(8906,1,0,11,1,86,174,1515,91),(8907,1,0,4.5,1,86,174,1517,91),(8908,1,0,9,1,86,174,1519,91),(8909,1,0,14,1,86,174,1523,91),(8910,1,0,0,1,86,174,1525,91),(8911,1,0,7.5,1,86,174,1531,91),(8912,1,0,9.5,1,86,174,1533,91),(8913,1,0,12,1,86,174,1535,91),(8914,1,0,12,1,86,174,1537,91),(8915,1,0,6,1,86,174,1539,91),(8916,1,0,13.5,1,86,174,1541,91),(8917,1,0,11.5,1,86,174,1543,91),(8918,1,0,0,1,86,174,1545,91),(8919,1,0,7,1,86,174,1547,91),(8920,1,0,2,1,86,174,1549,91),(8921,1,0,9,1,86,174,1551,91),(8922,1,0,11.5,1,86,174,1346,91),(8923,1,0,6,1,86,174,1386,91),(8924,1,0,15,1,86,174,1406,91),(8925,1,0,10,1,86,174,1420,91),(8926,1,0,8.5,1,86,174,1432,91),(8927,1,0,5.5,1,86,174,1442,91),(8928,1,0,15.5,1,86,174,1354,91),(8929,1,0,14,1,86,174,1380,91),(8930,1,0,7,1,86,174,1208,91),(8931,1,0,11,1,86,174,1449,93),(8932,1,0,11,1,86,174,1453,93),(8933,1,0,10,1,86,174,1455,93),(8934,1,0,11,1,86,174,1457,93),(8935,1,0,10,1,86,174,1459,93),(8936,1,0,16,1,86,174,1463,93),(8937,1,0,11,1,86,174,1465,93),(8938,1,0,13,1,86,174,1467,93),(8939,1,0,12,1,86,174,1469,93),(8940,1,0,10,1,86,174,1471,93),(8941,1,0,13,1,86,174,1473,93),(8942,1,0,10,1,86,174,1475,93),(8943,1,0,11,1,86,174,1477,93),(8944,1,0,15,1,86,174,1479,93),(8945,1,0,11,1,86,174,1481,93),(8946,1,0,14,1,86,174,1483,93),(8947,1,0,14,1,86,174,1485,93),(8948,1,0,10,1,86,174,1487,93),(8949,1,0,16,1,86,174,1489,93),(8950,1,0,11,1,86,174,1491,93),(8951,1,0,10,1,86,174,1493,93),(8952,1,0,11,1,86,174,1495,93),(8953,1,0,14,1,86,174,1497,93),(8954,1,0,11,1,86,174,1499,93),(8955,1,0,10,1,86,174,1501,93),(8956,1,0,12,1,86,174,1503,93),(8957,1,0,11,1,86,174,1505,93),(8958,1,0,12,1,86,174,1507,93),(8959,1,0,12,1,86,174,1509,93),(8960,1,0,11,1,86,174,1511,93),(8961,1,0,11,1,86,174,1513,93),(8962,1,0,12,1,86,174,1515,93),(8963,1,0,10,1,86,174,1517,93),(8964,1,0,12,1,86,174,1519,93),(8965,1,0,12,1,86,174,1523,93),(8966,1,0,10,1,86,174,1525,93),(8967,1,0,15,1,86,174,1531,93),(8968,1,0,14,1,86,174,1533,93),(8969,1,0,16,1,86,174,1535,93),(8970,1,0,14,1,86,174,1537,93),(8971,1,0,14,1,86,174,1539,93),(8972,1,0,14,1,86,174,1541,93),(8973,1,0,14,1,86,174,1543,93),(8974,1,0,10,1,86,174,1545,93),(8975,1,0,14,1,86,174,1547,93),(8976,1,0,15,1,86,174,1549,93),(8977,1,0,12,1,86,174,1551,93),(8978,1,0,13,1,86,174,1346,93),(8979,1,0,13,1,86,174,1386,93),(8980,1,0,10,1,86,174,1406,93),(8981,1,0,13,1,86,174,1420,93),(8982,1,0,13,1,86,174,1432,93),(8983,1,0,13,1,86,174,1442,93),(8984,1,0,13,1,86,174,1354,93),(8985,1,0,12,1,86,174,1380,93),(8986,1,0,10,1,86,174,1208,93),(8987,1,0,5.5,1,86,174,1449,94),(8988,1,0,6,1,86,174,1453,94),(8989,1,0,0,1,86,174,1455,94),(8990,1,0,1,1,86,174,1457,94),(8991,1,0,8.5,1,86,174,1459,94),(8992,1,0,17.5,1,86,174,1463,94),(8993,1,0,9,1,86,174,1465,94),(8994,1,0,3.5,1,86,174,1467,94),(8995,1,0,4.5,1,86,174,1469,94),(8996,1,0,5,1,86,174,1473,94),(8997,1,0,0.5,1,86,174,1475,94),(8998,1,0,1,1,86,174,1477,94),(8999,1,0,7.5,1,86,174,1479,94),(9000,1,0,3.5,1,86,174,1481,94),(9001,1,0,8,1,86,174,1483,94),(9002,1,0,1,1,86,174,1487,94),(9003,1,0,13,1,86,174,1489,94),(9004,1,0,1,1,86,174,1491,94),(9005,1,0,2,1,86,174,1493,94),(9006,1,0,5.5,1,86,174,1495,94),(9007,1,0,1,1,86,174,1497,94),(9008,1,0,1,1,86,174,1499,94),(9009,1,0,11,1,86,174,1501,94),(9010,1,0,5.5,1,86,174,1505,94),(9011,1,0,16.5,1,86,174,1507,94),(9012,1,0,16,1,86,174,1509,94),(9013,1,0,6.5,1,86,174,1511,94),(9014,1,0,7,1,86,174,1513,94),(9015,1,0,7.5,1,86,174,1515,94),(9016,1,0,15,1,86,174,1517,94),(9017,1,0,6.5,1,86,174,1519,94),(9018,1,0,9,1,86,174,1523,94),(9019,1,0,12,1,86,174,1531,94),(9020,1,0,8.5,1,86,174,1533,94),(9021,1,0,18.5,1,86,174,1535,94),(9022,1,0,8,1,86,174,1537,94),(9023,1,0,1.5,1,86,174,1539,94),(9024,1,0,16.5,1,86,174,1541,94),(9025,1,0,5,1,86,174,1543,94),(9026,1,0,6,1,86,174,1547,94),(9027,1,0,0.5,1,86,174,1549,94),(9028,1,0,2,1,86,174,1551,94),(9029,1,0,5,1,86,174,1346,94),(9030,1,0,8,1,86,174,1386,94),(9031,1,0,16.5,1,86,174,1406,94),(9032,1,0,9,1,86,174,1420,94),(9033,1,0,13.5,1,86,174,1432,94),(9034,1,0,8,1,86,174,1442,94),(9035,1,0,14,1,86,174,1354,94),(9036,1,0,15.5,1,86,174,1380,94),(9037,1,0,3,1,86,174,1208,94),(9038,1,0,11,1,86,185,1342,91),(9039,1,0,11.5,1,86,185,1344,91),(9040,1,0,14,1,86,185,1348,91),(9041,1,0,7,1,86,185,1350,91),(9042,1,0,10,1,86,185,1354,91),(9043,1,0,11,1,86,185,1360,91),(9044,1,0,11,1,86,185,1362,91),(9045,1,0,11,1,86,185,1364,91),(9046,1,0,8,1,86,185,1366,91),(9047,1,0,10,1,86,185,1368,91),(9048,1,0,8,1,86,185,1370,91),(9049,1,0,8,1,86,185,1378,91),(9050,1,0,8,1,86,185,1380,91),(9051,1,0,7,1,86,185,1382,91),(9052,1,0,8,1,86,185,1388,91),(9053,1,0,13,1,86,185,1390,91),(9054,1,0,6.5,1,86,185,1392,91),(9055,1,0,11,1,86,185,1394,91),(9056,1,0,7,1,86,185,1396,91),(9057,1,0,10,1,86,185,1208,91),(9058,1,0,8,1,86,185,1398,91),(9059,1,0,7,1,86,185,1402,91),(9060,1,0,7,1,86,185,1410,91),(9061,1,0,8,1,86,185,1412,91),(9062,1,0,10,1,86,185,1414,91),(9063,1,0,7,1,86,185,1418,91),(9064,1,0,8,1,86,185,1422,91),(9065,1,0,7,1,86,185,1428,91),(9066,1,0,10,1,86,185,1430,91),(9067,1,0,11,1,86,185,1434,91),(9068,1,0,12,1,86,185,1438,91),(9069,1,0,8,1,86,185,1440,91),(9070,1,0,10,1,86,185,1444,91),(9071,1,0,9,1,86,185,1129,91),(9072,1,0,8,1,86,185,4557,91),(9073,1,0,14,1,86,185,1342,93),(9074,1,0,14,1,86,185,1344,93),(9075,1,0,14.5,1,86,185,1348,93),(9076,1,0,14.5,1,86,185,1350,93),(9077,1,0,14.5,1,86,185,1354,93),(9078,1,0,14.5,1,86,185,1360,93),(9079,1,0,12,1,86,185,1362,93),(9080,1,0,14.5,1,86,185,1364,93),(9081,1,0,14,1,86,185,1366,93),(9082,1,0,14,1,86,185,1368,93),(9083,1,0,14,1,86,185,1370,93),(9084,1,0,13.5,1,86,185,1378,93),(9085,1,0,14.5,1,86,185,1380,93),(9086,1,0,14,1,86,185,1382,93),(9087,1,0,13.5,1,86,185,1388,93),(9088,1,0,14.5,1,86,185,1390,93),(9089,1,0,14,1,86,185,1392,93),(9090,1,0,14.5,1,86,185,1394,93),(9091,1,0,14.5,1,86,185,1396,93),(9092,1,0,13.5,1,86,185,1208,93),(9093,1,0,13.5,1,86,185,1398,93),(9094,1,0,12,1,86,185,1402,93),(9095,1,0,14,1,86,185,1410,93),(9096,1,0,14,1,86,185,1412,93),(9097,1,0,13.5,1,86,185,1414,93),(9098,1,0,12,1,86,185,1418,93),(9099,1,0,14,1,86,185,1422,93),(9100,1,0,14,1,86,185,1428,93),(9101,1,0,13.5,1,86,185,1430,93),(9102,1,0,12,1,86,185,1434,93),(9103,1,0,13.5,1,86,185,1438,93),(9104,1,0,14.5,1,86,185,1440,93),(9105,1,0,14.5,1,86,185,1444,93),(9106,1,0,14,1,86,185,1129,93),(9107,1,0,12,1,86,185,4557,93),(9108,1,0,10,1,86,185,1342,94),(9109,1,0,10,1,86,185,1344,94),(9110,1,0,11,1,86,185,1348,94),(9111,1,0,10,1,86,185,1350,94),(9112,1,0,10,1,86,185,1354,94),(9113,1,0,10,1,86,185,1360,94),(9114,1,0,11,1,86,185,1362,94),(9115,1,0,11,1,86,185,1364,94),(9116,1,0,9,1,86,185,1366,94),(9117,1,0,10,1,86,185,1368,94),(9118,1,0,8,1,86,185,1370,94),(9119,1,0,11,1,86,185,1378,94),(9120,1,0,10,1,86,185,1380,94),(9121,1,0,8,1,86,185,1382,94),(9122,1,0,11,1,86,185,1388,94),(9123,1,0,10,1,86,185,1390,94),(9124,1,0,10,1,86,185,1392,94),(9125,1,0,8,1,86,185,1394,94),(9126,1,0,11,1,86,185,1396,94),(9127,1,0,6,1,86,185,1208,94),(9128,1,0,11,1,86,185,1398,94),(9129,1,0,9,1,86,185,1402,94),(9130,1,0,10,1,86,185,1410,94),(9131,1,0,10,1,86,185,1412,94),(9132,1,0,8,1,86,185,1414,94),(9133,1,0,10,1,86,185,1418,94),(9134,1,0,10,1,86,185,1422,94),(9135,1,0,10,1,86,185,1428,94),(9136,1,0,9,1,86,185,1430,94),(9137,1,0,14,1,86,185,1434,94),(9138,1,0,10,1,86,185,1438,94),(9139,1,0,8,1,86,185,1440,94),(9140,1,0,9,1,86,185,1444,94),(9141,1,0,6,1,86,185,1129,94),(9142,1,0,6,1,86,185,4557,94),(9143,1,1,12.5,1,86,185,1348,94),(9144,1,1,10,1,86,185,1366,94),(9145,1,1,7,1,86,185,1370,94),(9146,1,1,12,1,86,185,1382,94),(9147,1,1,8,1,86,185,1392,94),(9148,1,1,11.5,1,86,185,1394,94),(9149,1,1,9,1,86,185,1208,94),(9150,1,1,9,1,86,185,1402,94),(9151,1,1,12.5,1,86,185,1418,94),(9152,1,1,4,1,86,185,1129,94),(9153,1,1,7,1,86,185,4557,94),(9176,1,0,8.5,1,86,186,1342,91),(9177,1,0,8,1,86,186,1344,91),(9178,1,0,15.5,1,86,186,1348,91),(9179,1,0,7,1,86,186,1350,91),(9180,1,0,10,1,86,186,1354,91),(9181,1,0,7,1,86,186,1360,91),(9182,1,0,9.5,1,86,186,1362,91),(9183,1,0,8,1,86,186,1364,91),(9184,1,0,9.5,1,86,186,1366,91),(9185,1,0,9,1,86,186,1368,91),(9186,1,0,4,1,86,186,1370,91),(9187,1,0,9.5,1,86,186,1378,91),(9188,1,0,9.5,1,86,186,1380,91),(9189,1,0,9,1,86,186,1382,91),(9190,1,0,9,1,86,186,1388,91),(9191,1,0,10,1,86,186,1390,91),(9192,1,0,7.5,1,86,186,1392,91),(9193,1,0,15.5,1,86,186,1394,91),(9194,1,0,15,1,86,186,1396,91),(9195,1,0,8.5,1,86,186,1208,91),(9196,1,0,11,1,86,186,1398,91),(9197,1,0,9,1,86,186,1402,91),(9198,1,0,11,1,86,186,1410,91),(9199,1,0,5,1,86,186,1412,91),(9200,1,0,8,1,86,186,1414,91),(9201,1,0,10.5,1,86,186,1418,91),(9202,1,0,10.5,1,86,186,1422,91),(9203,1,0,9,1,86,186,1428,91),(9204,1,0,10,1,86,186,1430,91),(9205,1,0,8.5,1,86,186,1434,91),(9206,1,0,10,1,86,186,1438,91),(9207,1,0,10.5,1,86,186,1440,91),(9208,1,0,12.5,1,86,186,1444,91),(9209,1,0,6,1,86,186,1246,91),(9210,1,0,10,1,86,186,1159,91),(9211,1,0,9,1,86,186,4557,91),(9212,1,0,15.5,1,86,186,1342,93),(9213,1,0,15,1,86,186,1344,93),(9214,1,0,14,1,86,186,1348,93),(9215,1,0,16,1,86,186,1350,93),(9216,1,0,11,1,86,186,1354,93),(9217,1,0,16,1,86,186,1360,93),(9218,1,0,11,1,86,186,1362,93),(9219,1,0,14,1,86,186,1364,93),(9220,1,0,16,1,86,186,1366,93),(9221,1,0,11,1,86,186,1368,93),(9222,1,0,14,1,86,186,1370,93),(9223,1,0,14,1,86,186,1378,93),(9224,1,0,15.5,1,86,186,1380,93),(9225,1,0,11,1,86,186,1382,93),(9226,1,0,15.5,1,86,186,1388,93),(9227,1,0,11,1,86,186,1390,93),(9228,1,0,15,1,86,186,1392,93),(9229,1,0,15.5,1,86,186,1394,93),(9230,1,0,14,1,86,186,1396,93),(9231,1,0,16,1,86,186,1208,93),(9232,1,0,15,1,86,186,1398,93),(9233,1,0,14,1,86,186,1402,93),(9234,1,0,14.5,1,86,186,1410,93),(9235,1,0,15,1,86,186,1412,93),(9236,1,0,14.5,1,86,186,1414,93),(9237,1,0,14.5,1,86,186,1418,93),(9238,1,0,14.5,1,86,186,1422,93),(9239,1,0,15,1,86,186,1428,93),(9240,1,0,14,1,86,186,1430,93),(9241,1,0,14,1,86,186,1434,93),(9242,1,0,15,1,86,186,1438,93),(9243,1,0,14.5,1,86,186,1440,93),(9244,1,0,15,1,86,186,1444,93),(9245,1,0,11,1,86,186,1246,93),(9246,1,0,15,1,86,186,1159,93),(9247,1,0,12,1,86,186,4557,93),(9248,1,0,10,1,86,186,1342,94),(9249,1,0,10,1,86,186,1344,94),(9250,1,0,9,1,86,186,1348,94),(9251,1,0,7,1,86,186,1350,94),(9252,1,0,10,1,86,186,1354,94),(9253,1,0,7,1,86,186,1360,94),(9254,1,0,10,1,86,186,1362,94),(9255,1,0,11,1,86,186,1364,94),(9256,1,0,8,1,86,186,1366,94),(9257,1,0,9.5,1,86,186,1368,94),(9258,1,0,6,1,86,186,1370,94),(9259,1,0,9,1,86,186,1378,94),(9260,1,0,9,1,86,186,1380,94),(9261,1,0,10,1,86,186,1382,94),(9262,1,0,10,1,86,186,1388,94),(9263,1,0,8,1,86,186,1390,94),(9264,1,0,9,1,86,186,1392,94),(9265,1,0,10.5,1,86,186,1394,94),(9266,1,0,14,1,86,186,1396,94),(9267,1,0,10,1,86,186,1208,94),(9268,1,0,8,1,86,186,1398,94),(9269,1,0,8,1,86,186,1402,94),(9270,1,0,8,1,86,186,1410,94),(9271,1,0,10,1,86,186,1412,94),(9272,1,0,10,1,86,186,1414,94),(9273,1,0,7,1,86,186,1418,94),(9274,1,0,11,1,86,186,1422,94),(9275,1,0,11,1,86,186,1428,94),(9276,1,0,11.5,1,86,186,1430,94),(9277,1,0,10.5,1,86,186,1434,94),(9278,1,0,11,1,86,186,1438,94),(9279,1,0,10,1,86,186,1440,94),(9280,1,0,10,1,86,186,1444,94),(9281,1,0,7,1,86,186,1246,94),(9282,1,0,10,1,86,186,1159,94),(9283,1,0,7,1,86,186,4513,94),(9284,1,1,13,1,86,186,1348,94),(9285,1,1,15,1,86,186,1350,94),(9286,1,1,8,1,86,186,1370,94),(9287,1,1,14,1,86,186,1382,94),(9288,1,1,12,1,86,186,1392,94),(9289,1,1,14,1,86,186,1402,94),(9290,1,1,14,1,86,186,1412,94),(9291,1,1,14,1,86,186,1418,94),(9292,1,1,9,1,86,186,1246,94),(9293,1,1,9,1,86,186,4557,94),(9294,1,0,10,1,86,187,1342,91),(9295,1,0,11,1,86,187,1344,91),(9296,1,0,14,1,86,187,1348,91),(9297,1,0,8,1,86,187,1350,91),(9298,1,0,11,1,86,187,1354,91),(9299,1,0,12,1,86,187,1360,91),(9300,1,0,12,1,86,187,1362,91),(9301,1,0,10,1,86,187,1364,91),(9302,1,0,12,1,86,187,1366,91),(9303,1,0,14,1,86,187,1368,91),(9304,1,0,10,1,86,187,1370,91),(9305,1,0,14,1,86,187,1378,91),(9306,1,0,12,1,86,187,1380,91),(9307,1,0,10,1,86,187,1382,91),(9308,1,0,11,1,86,187,1388,91),(9309,1,0,13,1,86,187,1390,91),(9310,1,0,12,1,86,187,1392,91),(9311,1,0,9,1,86,187,1394,91),(9312,1,0,12,1,86,187,1396,91),(9313,1,0,8,1,86,187,1208,91),(9314,1,0,10,1,86,187,1398,91),(9315,1,0,10,1,86,187,1402,91),(9316,1,0,9,1,86,187,1410,91),(9317,1,0,11,1,86,187,1412,91),(9318,1,0,9,1,86,187,1414,91),(9319,1,0,9,1,86,187,1418,91),(9320,1,0,12,1,86,187,1422,91),(9321,1,0,10.5,1,86,187,1428,91),(9322,1,0,12,1,86,187,1430,91),(9323,1,0,13,1,86,187,1434,91),(9324,1,0,13,1,86,187,1438,91),(9325,1,0,9,1,86,187,1440,91),(9326,1,0,13,1,86,187,1444,91),(9327,1,0,10,1,86,187,1157,91),(9328,1,0,7,1,86,187,1159,91),(9329,1,0,11,1,86,187,4557,91),(9330,1,0,12.5,1,86,187,1342,93),(9331,1,0,7,1,86,187,1344,93),(9332,1,0,12.5,1,86,187,1348,93),(9333,1,0,11.5,1,86,187,1350,93),(9334,1,0,12.5,1,86,187,1354,93),(9335,1,0,13.5,1,86,187,1360,93),(9336,1,0,13,1,86,187,1362,93),(9337,1,0,13.5,1,86,187,1364,93),(9338,1,0,14,1,86,187,1366,93),(9339,1,0,13,1,86,187,1368,93),(9340,1,0,13,1,86,187,1370,93),(9341,1,0,13.5,1,86,187,1378,93),(9342,1,0,7,1,86,187,1380,93),(9343,1,0,12,1,86,187,1382,93),(9344,1,0,11,1,86,187,1388,93),(9345,1,0,13.5,1,86,187,1390,93),(9346,1,0,13,1,86,187,1392,93),(9347,1,0,13,1,86,187,1394,93),(9348,1,0,13.5,1,86,187,1396,93),(9349,1,0,14,1,86,187,1208,93),(9350,1,0,14,1,86,187,1398,93),(9351,1,0,13.5,1,86,187,1402,93),(9352,1,0,11,1,86,187,1410,93),(9353,1,0,11,1,86,187,1412,93),(9354,1,0,13.5,1,86,187,1414,93),(9355,1,0,7,1,86,187,1418,93),(9356,1,0,14,1,86,187,1422,93),(9357,1,0,13.5,1,86,187,1428,93),(9358,1,0,14,1,86,187,1430,93),(9359,1,0,13,1,86,187,1434,93),(9360,1,0,13,1,86,187,1438,93),(9361,1,0,13.5,1,86,187,1440,93),(9362,1,0,13.5,1,86,187,1444,93),(9363,1,0,13,1,86,187,1157,93),(9364,1,0,13.5,1,86,187,1159,93),(9365,1,0,12,1,86,187,4557,93),(9366,1,0,14,1,86,187,1342,94),(9367,1,0,11,1,86,187,1344,94),(9368,1,0,16,1,86,187,1348,94),(9369,1,0,10.5,1,86,187,1350,94),(9370,1,0,12,1,86,187,1354,94),(9371,1,0,10.5,1,86,187,1360,94),(9372,1,0,11,1,86,187,1362,94),(9373,1,0,12,1,86,187,1364,94),(9374,1,0,14,1,86,187,1366,94),(9375,1,0,11,1,86,187,1368,94),(9376,1,0,12,1,86,187,1370,94),(9377,1,0,12,1,86,187,1378,94),(9378,1,0,10,1,86,187,1380,94),(9379,1,0,12,1,86,187,1382,94),(9380,1,0,12,1,86,187,1388,94),(9381,1,0,11,1,86,187,1390,94),(9382,1,0,16,1,86,187,1392,94),(9383,1,0,11,1,86,187,1394,94),(9384,1,0,10,1,86,187,1396,94),(9385,1,0,7,1,86,187,1208,94),(9386,1,0,12,1,86,187,1398,94),(9387,1,0,9,1,86,187,1402,94),(9388,1,0,10,1,86,187,1410,94),(9389,1,0,10,1,86,187,1412,94),(9390,1,0,10,1,86,187,1414,94),(9391,1,0,10,1,86,187,1418,94),(9392,1,0,12,1,86,187,1422,94),(9393,1,0,13,1,86,187,1428,94),(9394,1,0,14,1,86,187,1430,94),(9395,1,0,13,1,86,187,1434,94),(9396,1,0,11,1,86,187,1438,94),(9397,1,0,13,1,86,187,1440,94),(9398,1,0,12,1,86,187,1444,94),(9399,1,0,10.5,1,86,187,1157,94),(9400,1,0,10,1,86,187,1159,94),(9401,1,0,7,1,86,187,4557,94),(9402,1,0,11,1,86,181,1342,91),(9403,1,0,12.5,1,86,181,1344,91),(9404,1,0,13,1,86,181,1348,91),(9405,1,0,13,1,86,181,1350,91),(9406,1,0,10.5,1,86,181,1354,91),(9407,1,0,12,1,86,181,1360,91),(9408,1,0,7,1,86,181,1362,91),(9409,1,0,11.25,1,86,181,1364,91),(9410,1,0,15,1,86,181,1366,91),(9411,1,0,8.75,1,86,181,1368,91),(9412,1,0,16,1,86,181,1370,91),(9413,1,0,15,1,86,181,1378,91),(9414,1,0,15.5,1,86,181,1380,91),(9415,1,0,9.5,1,86,181,1382,91),(9416,1,0,15,1,86,181,1388,91),(9417,1,0,11.5,1,86,181,1390,91),(9418,1,0,12.75,1,86,181,1392,91),(9419,1,0,12.75,1,86,181,1394,91),(9420,1,0,8.5,1,86,181,1396,91),(9421,1,0,7.5,1,86,181,1208,91),(9422,1,0,9.5,1,86,181,1398,91),(9423,1,0,9.75,1,86,181,1402,91),(9424,1,0,14.5,1,86,181,1410,91),(9425,1,0,12.5,1,86,181,1412,91),(9426,1,0,7.5,1,86,181,1414,91),(9427,1,0,14.5,1,86,181,1418,91),(9428,1,0,14,1,86,181,1422,91),(9429,1,0,11.25,1,86,181,1428,91),(9430,1,0,13,1,86,181,1430,91),(9431,1,0,13,1,86,181,1434,91),(9432,1,0,12.75,1,86,181,1438,91),(9433,1,0,11,1,86,181,1440,91),(9434,1,0,12.25,1,86,181,1444,91),(9435,1,0,8,1,86,181,1149,91),(9436,1,0,6,1,86,181,1157,91),(9437,1,0,7,1,86,181,1055,91),(9438,1,0,4.5,1,86,181,4491,91),(9439,1,0,4.5,1,86,181,1211,91),(9440,1,0,7,1,86,181,1111,91),(9441,1,0,5.75,1,86,181,4559,91),(9442,1,0,10,1,86,181,1225,91),(9443,1,0,8,1,86,181,1342,93),(9444,1,0,15.5,1,86,181,1344,93),(9445,1,0,10,1,86,181,1348,93),(9446,1,0,16,1,86,181,1350,93),(9447,1,0,16,1,86,181,1354,93),(9448,1,0,13.5,1,86,181,1360,93),(9449,1,0,18,1,86,181,1362,93),(9450,1,0,8.5,1,86,181,1364,93),(9451,1,0,15.5,1,86,181,1366,93),(9452,1,0,10,1,86,181,1368,93),(9453,1,0,18,1,86,181,1370,93),(9454,1,0,8.25,1,86,181,1378,93),(9455,1,0,14,1,86,181,1380,93),(9456,1,0,15.5,1,86,181,1382,93),(9457,1,0,13.5,1,86,181,1388,93),(9458,1,0,8.5,1,86,181,1390,93),(9459,1,0,8.5,1,86,181,1392,93),(9460,1,0,14,1,86,181,1394,93),(9461,1,0,18,1,86,181,1396,93),(9462,1,0,13.5,1,86,181,1208,93),(9463,1,0,8,1,86,181,1398,93),(9464,1,0,16,1,86,181,1402,93),(9465,1,0,8.25,1,86,181,1410,93),(9466,1,0,16,1,86,181,1412,93),(9467,1,0,10,1,86,181,1414,93),(9468,1,0,15.5,1,86,181,1418,93),(9469,1,0,10,1,86,181,1422,93),(9470,1,0,8,1,86,181,1428,93),(9471,1,0,14,1,86,181,1430,93),(9472,1,0,14,1,86,181,1434,93),(9473,1,0,8.25,1,86,181,1438,93),(9474,1,0,8,1,86,181,1440,93),(9475,1,0,8.5,1,86,181,1444,93),(9476,1,0,13.5,1,86,181,1149,93),(9477,1,0,8.25,1,86,181,1157,93),(9478,1,0,13,1,86,181,1055,93),(9479,1,0,13,1,86,181,4491,93),(9480,1,0,13,1,86,181,4513,93),(9481,1,0,7.5,1,86,181,1211,93),(9482,1,0,7.5,1,86,181,1111,93),(9483,1,0,13,1,86,181,4559,93),(9484,1,0,18,1,86,181,1225,93),(9485,1,0,6,1,86,181,1342,94),(9486,1,0,5.5,1,86,181,1344,94),(9487,1,0,11.5,1,86,181,1348,94),(9488,1,0,12,1,86,181,1350,94),(9489,1,0,4.5,1,86,181,1354,94),(9490,1,0,5.5,1,86,181,1360,94),(9491,1,0,9.5,1,86,181,1362,94),(9492,1,0,5.5,1,86,181,1364,94),(9493,1,0,8,1,86,181,1366,94),(9494,1,0,6.5,1,86,181,1368,94),(9495,1,0,12.5,1,86,181,1370,94),(9496,1,0,1,1,86,181,1378,94),(9497,1,0,8.5,1,86,181,1380,94),(9498,1,0,6,1,86,181,1382,94),(9499,1,0,9.5,1,86,181,1388,94),(9500,1,0,4,1,86,181,1390,94),(9501,1,0,8.5,1,86,181,1392,94),(9502,1,0,12,1,86,181,1394,94),(9503,1,0,6.5,1,86,181,1396,94),(9504,1,0,6,1,86,181,1208,94),(9505,1,0,4.5,1,86,181,1398,94),(9506,1,0,7,1,86,181,1402,94),(9507,1,0,5,1,86,181,1410,94),(9508,1,0,7.5,1,86,181,1412,94),(9509,1,0,7,1,86,181,1414,94),(9510,1,0,4,1,86,181,1418,94),(9511,1,0,14,1,86,181,1422,94),(9512,1,0,6,1,86,181,1428,94),(9513,1,0,9,1,86,181,1430,94),(9514,1,0,11.5,1,86,181,1434,94),(9515,1,0,11.5,1,86,181,1438,94),(9516,1,0,9,1,86,181,1440,94),(9517,1,0,8.5,1,86,181,1444,94),(9518,1,0,5,1,86,181,1149,94),(9519,1,0,9.5,1,86,181,1157,94),(9520,1,0,5.5,1,86,181,1055,94),(9521,1,0,5.5,1,86,181,4491,94),(9522,1,0,6,1,86,181,4513,94),(9523,1,0,8.5,1,86,181,1211,94),(9524,1,0,5.5,1,86,181,1111,94),(9525,1,0,1,1,86,181,4559,94),(9526,1,0,7.5,1,86,181,1225,94),(9527,1,1,10,1,86,181,1342,94),(9528,1,1,7.75,1,86,181,1344,94),(9529,1,1,8.5,1,86,181,1354,94),(9530,1,1,5.25,1,86,181,1360,94),(9531,1,1,10.5,1,86,181,1364,94),(9532,1,1,8.5,1,86,181,1368,94),(9533,1,1,10.5,1,86,181,1378,94),(9534,1,1,10,1,86,181,1382,94),(9535,1,1,6.5,1,86,181,1390,94),(9536,1,1,14,1,86,181,1392,94),(9537,1,1,10.5,1,86,181,1396,94),(9538,1,1,5,1,86,181,1208,94),(9539,1,1,9.75,1,86,181,1398,94),(9540,1,1,6,1,86,181,1402,94),(9541,1,1,8.5,1,86,181,1410,94),(9542,1,1,8,1,86,181,1414,94),(9543,1,1,7,1,86,181,1418,94),(9544,1,1,8,1,86,181,1428,94),(9545,1,1,10,1,86,181,1440,94),(9546,1,1,7.75,1,86,181,1444,94),(9547,1,1,9.75,1,86,181,1149,94),(9548,1,1,9.25,1,86,181,1055,94),(9549,1,1,9,1,86,181,4491,94),(9550,1,1,11.25,1,86,181,4513,94),(9551,1,1,7.25,1,86,181,1211,94),(9552,1,1,13.75,1,86,181,1111,94),(9553,1,1,11.75,1,86,181,4559,94),(9554,1,0,8.5,1,86,179,1342,91),(9555,1,0,2.5,1,86,179,1344,91),(9556,1,0,13.75,1,86,179,1348,91),(9557,1,0,10,1,86,179,1350,91),(9558,1,0,9,1,86,179,1354,91),(9559,1,0,8.5,1,86,179,1360,91),(9560,1,0,9,1,86,179,1362,91),(9561,1,0,9,1,86,179,1364,91),(9562,1,0,10,1,86,179,1366,91),(9563,1,0,7.5,1,86,179,1368,91),(9564,1,0,7,1,86,179,1370,91),(9565,1,0,10.5,1,86,179,1378,91),(9566,1,0,6,1,86,179,1380,91),(9567,1,0,7.5,1,86,179,1382,91),(9568,1,0,10.5,1,86,179,1388,91),(9569,1,0,4.5,1,86,179,1390,91),(9570,1,0,11,1,86,179,1392,91),(9571,1,0,8.5,1,86,179,1394,91),(9572,1,0,4.5,1,86,179,1396,91),(9573,1,0,5.75,1,86,179,1208,91),(9574,1,0,8,1,86,179,1398,91),(9575,1,0,10.5,1,86,179,1402,91),(9576,1,0,10,1,86,179,1410,91),(9577,1,0,6.5,1,86,179,1412,91),(9578,1,0,7,1,86,179,1414,91),(9579,1,0,5.5,1,86,179,1418,91),(9580,1,0,10,1,86,179,1422,91),(9581,1,0,7.5,1,86,179,1428,91),(9582,1,0,6,1,86,179,1430,91),(9583,1,0,13,1,86,179,1434,91),(9584,1,0,9,1,86,179,1438,91),(9585,1,0,7.5,1,86,179,1440,91),(9586,1,0,11,1,86,179,1444,91),(9587,1,0,10,1,86,179,1149,91),(9588,1,0,6,1,86,179,1157,91),(9589,1,0,5,1,86,179,1201,91),(9590,1,0,7,1,86,179,1129,91),(9591,1,0,4,1,86,179,1159,91),(9592,1,0,1,1,86,179,1219,91),(9593,1,0,8,1,86,179,1342,93),(9594,1,0,11.5,1,86,179,1344,93),(9595,1,0,12.75,1,86,179,1348,93),(9596,1,0,11.5,1,86,179,1350,93),(9597,1,0,12,1,86,179,1354,93),(9598,1,0,12.75,1,86,179,1360,93),(9599,1,0,12,1,86,179,1362,93),(9600,1,0,11.5,1,86,179,1364,93),(9601,1,0,11.5,1,86,179,1366,93),(9602,1,0,11.5,1,86,179,1368,93),(9603,1,0,12.25,1,86,179,1370,93),(9604,1,0,8,1,86,179,1378,93),(9605,1,0,12.5,1,86,179,1380,93),(9606,1,0,11.5,1,86,179,1382,93),(9607,1,0,11.5,1,86,179,1388,93),(9608,1,0,8,1,86,179,1390,93),(9609,1,0,12.25,1,86,179,1392,93),(9610,1,0,12.5,1,86,179,1394,93),(9611,1,0,12.5,1,86,179,1396,93),(9612,1,0,12.25,1,86,179,1208,93),(9613,1,0,3.5,1,86,179,1398,93),(9614,1,0,8,1,86,179,1402,93),(9615,1,0,3.5,1,86,179,1410,93),(9616,1,0,12.25,1,86,179,1412,93),(9617,1,0,12.75,1,86,179,1414,93),(9618,1,0,12.5,1,86,179,1418,93),(9619,1,0,12,1,86,179,1422,93),(9620,1,0,11.5,1,86,179,1428,93),(9621,1,0,11.5,1,86,179,1430,93),(9622,1,0,11.5,1,86,179,1434,93),(9623,1,0,11.5,1,86,179,1438,93),(9624,1,0,11.5,1,86,179,1440,93),(9625,1,0,11.5,1,86,179,1444,93),(9626,1,0,10.5,1,86,179,1149,93),(9627,1,0,10.5,1,86,179,1157,93),(9628,1,0,10.5,1,86,179,1201,93),(9629,1,0,12,1,86,179,1129,93),(9630,1,0,10.5,1,86,179,1159,93),(9631,1,0,10.5,1,86,179,1219,93),(9632,1,0,4.5,1,86,179,1342,94),(9633,1,0,5,1,86,179,1344,94),(9634,1,0,14.5,1,86,179,1348,94),(9635,1,0,9,1,86,179,1350,94),(9636,1,0,3.5,1,86,179,1354,94),(9637,1,0,5,1,86,179,1360,94),(9638,1,0,8,1,86,179,1362,94),(9639,1,0,8,1,86,179,1364,94),(9640,1,0,3,1,86,179,1366,94),(9641,1,0,9,1,86,179,1368,94),(9642,1,0,3.5,1,86,179,1370,94),(9643,1,0,6,1,86,179,1378,94),(9644,1,0,4,1,86,179,1380,94),(9645,1,0,8.5,1,86,179,1382,94),(9646,1,0,2.5,1,86,179,1388,94),(9647,1,0,7,1,86,179,1390,94),(9648,1,0,10.5,1,86,179,1392,94),(9649,1,0,7,1,86,179,1394,94),(9650,1,0,12,1,86,179,1396,94),(9651,1,0,3,1,86,179,1208,94),(9652,1,0,7,1,86,179,1398,94),(9653,1,0,7.5,1,86,179,1402,94),(9654,1,0,8.5,1,86,179,1410,94),(9655,1,0,4.5,1,86,179,1412,94),(9656,1,0,6,1,86,179,1414,94),(9657,1,0,10,1,86,179,1418,94),(9658,1,0,11.5,1,86,179,1422,94),(9659,1,0,2,1,86,179,1428,94),(9660,1,0,4.5,1,86,179,1430,94),(9661,1,0,15,1,86,179,1434,94),(9662,1,0,7,1,86,179,1438,94),(9663,1,0,7.5,1,86,179,1440,94),(9664,1,0,9,1,86,179,1444,94),(9665,1,0,5.5,1,86,179,1149,94),(9666,1,0,5,1,86,179,1157,94),(9667,1,0,3,1,86,179,1201,94),(9668,1,0,3,1,86,179,1129,94),(9669,1,0,8,1,86,179,1159,94),(9670,1,0,6.5,1,86,179,1219,94),(9671,1,1,15,1,86,179,1342,94),(9672,1,1,12,1,86,179,1344,94),(9673,1,1,9.5,1,86,179,1350,94),(9674,1,1,9,1,86,179,1354,94),(9675,1,1,4.5,1,86,179,1360,94),(9676,1,1,11.5,1,86,179,1362,94),(9677,1,1,14,1,86,179,1364,94),(9678,1,1,13.5,1,86,179,1366,94),(9679,1,1,10,1,86,179,1368,94),(9680,1,1,10,1,86,179,1370,94),(9681,1,1,11.5,1,86,179,1378,94),(9682,1,1,16.5,1,86,179,1380,94),(9683,1,1,13,1,86,179,1382,94),(9684,1,1,15.5,1,86,179,1388,94),(9685,1,1,17,1,86,179,1390,94),(9686,1,1,14.5,1,86,179,1394,94),(9687,1,1,14,1,86,179,1396,94),(9688,1,1,7,1,86,179,1208,94),(9689,1,1,13.5,1,86,179,1398,94),(9690,1,1,6,1,86,179,1402,94),(9691,1,1,14,1,86,179,1410,94),(9692,1,1,11.5,1,86,179,1412,94),(9693,1,1,10.5,1,86,179,1414,94),(9694,1,1,10,1,86,179,1418,94),(9695,1,1,12.5,1,86,179,1428,94),(9696,1,1,13.5,1,86,179,1430,94),(9697,1,1,15,1,86,179,1438,94),(9698,1,1,16.5,1,86,179,1440,94),(9699,1,1,14,1,86,179,1149,94),(9700,1,1,8,1,86,179,1201,94),(9701,1,1,7,1,86,179,1129,94),(9702,1,1,5,1,86,179,1055,94),(9703,1,1,4,1,86,179,4491,94),(9704,1,1,11.5,1,86,179,1159,94),(9705,1,1,3,1,86,179,4513,94),(9706,1,1,15.5,1,86,179,1111,94),(9707,1,1,7.5,1,86,179,1219,94),(9708,1,1,9,1,86,179,4559,94),(9709,1,1,4,1,86,179,1123,94),(9710,1,1,10,1,86,179,1125,94),(9713,1,0,10.5,1,86,183,1342,91),(9714,1,0,8,1,86,183,1344,91),(9715,1,0,12,1,86,183,1348,91),(9716,1,0,0.25,1,86,183,1350,91),(9717,1,0,8,1,86,183,1354,91),(9718,1,0,8,1,86,183,1360,91),(9719,1,0,7.5,1,86,183,1362,91),(9720,1,0,13,1,86,183,1364,91),(9721,1,0,9.5,1,86,183,1366,91),(9722,1,0,9.5,1,86,183,1368,91),(9723,1,0,6,1,86,183,1370,91),(9724,1,0,9,1,86,183,1378,91),(9725,1,0,14,1,86,183,1380,91),(9726,1,0,9,1,86,183,1382,91),(9727,1,0,9.5,1,86,183,1388,91),(9728,1,0,13.5,1,86,183,1390,91),(9729,1,0,6.5,1,86,183,1392,91),(9730,1,0,12,1,86,183,1394,91),(9731,1,0,7.5,1,86,183,1396,91),(9732,1,0,7.5,1,86,183,1208,91),(9733,1,0,10,1,86,183,1398,91),(9734,1,0,14,1,86,183,1402,91),(9735,1,0,7,1,86,183,1410,91),(9736,1,0,9.5,1,86,183,1412,91),(9737,1,0,13,1,86,183,1414,91),(9738,1,0,9,1,86,183,1418,91),(9739,1,0,15,1,86,183,1422,91),(9740,1,0,8.75,1,86,183,1428,91),(9741,1,0,11.75,1,86,183,1430,91),(9742,1,0,12,1,86,183,1434,91),(9743,1,0,13,1,86,183,1438,91),(9744,1,0,8.5,1,86,183,1440,91),(9745,1,0,10,1,86,183,1444,91),(9746,1,0,9,1,86,183,1107,91),(9747,1,0,4,1,86,183,4557,91),(9748,1,0,15.5,1,86,183,1342,93),(9749,1,0,15.5,1,86,183,1344,93),(9750,1,0,15.75,1,86,183,1348,93),(9751,1,0,18,1,86,183,1350,93),(9752,1,0,16.5,1,86,183,1354,93),(9753,1,0,19.25,1,86,183,1360,93),(9754,1,0,16.5,1,86,183,1362,93),(9755,1,0,16.75,1,86,183,1364,93),(9756,1,0,17.5,1,86,183,1366,93),(9757,1,0,16.5,1,86,183,1368,93),(9758,1,0,18,1,86,183,1370,93),(9759,1,0,18.25,1,86,183,1378,93),(9760,1,0,17,1,86,183,1380,93),(9761,1,0,16.5,1,86,183,1382,93),(9762,1,0,17,1,86,183,1388,93),(9763,1,0,19.25,1,86,183,1390,93),(9764,1,0,16.5,1,86,183,1392,93),(9765,1,0,16.75,1,86,183,1394,93),(9766,1,0,19.25,1,86,183,1396,93),(9767,1,0,18.75,1,86,183,1208,93),(9768,1,0,19,1,86,183,1398,93),(9769,1,0,18.5,1,86,183,1402,93),(9770,1,0,17,1,86,183,1410,93),(9771,1,0,17.5,1,86,183,1412,93),(9772,1,0,16.75,1,86,183,1414,93),(9773,1,0,17.75,1,86,183,1418,93),(9774,1,0,17.25,1,86,183,1422,93),(9775,1,0,17.5,1,86,183,1428,93),(9776,1,0,17,1,86,183,1430,93),(9777,1,0,18,1,86,183,1434,93),(9778,1,0,16.75,1,86,183,1438,93),(9779,1,0,17,1,86,183,1440,93),(9780,1,0,16.75,1,86,183,1444,93),(9781,1,0,16.5,1,86,183,1107,93),(9782,1,0,12,1,86,183,1342,94),(9783,1,0,13,1,86,183,1344,94),(9784,1,0,9,1,86,183,1348,94),(9785,1,0,8,1,86,183,1350,94),(9786,1,0,8.5,1,86,183,1354,94),(9787,1,0,5,1,86,183,1360,94),(9788,1,0,12,1,86,183,1362,94),(9789,1,0,10.5,1,86,183,1364,94),(9790,1,0,8,1,86,183,1366,94),(9791,1,0,7.5,1,86,183,1368,94),(9792,1,0,10,1,86,183,1370,94),(9793,1,0,7,1,86,183,1378,94),(9794,1,0,11.5,1,86,183,1380,94),(9795,1,0,12.5,1,86,183,1388,94),(9796,1,0,10.5,1,86,183,1390,94),(9797,1,0,8,1,86,183,1392,94),(9798,1,0,10,1,86,183,1394,94),(9799,1,0,11,1,86,183,1396,94),(9800,1,0,9,1,86,183,1208,94),(9801,1,0,11.5,1,86,183,1398,94),(9802,1,0,7.5,1,86,183,1402,94),(9803,1,0,8.5,1,86,183,1410,94),(9804,1,0,11.5,1,86,183,1412,94),(9805,1,0,7,1,86,183,1414,94),(9806,1,0,5,1,86,183,1418,94),(9807,1,0,13.5,1,86,183,1422,94),(9808,1,0,10.5,1,86,183,1428,94),(9809,1,0,10,1,86,183,1430,94),(9810,1,0,10,1,86,183,1434,94),(9811,1,0,10,1,86,183,1438,94),(9812,1,0,8,1,86,183,1440,94),(9813,1,0,8.5,1,86,183,1444,94),(9814,1,0,9,1,86,183,1107,94),(9815,1,0,5.5,1,86,183,4557,94),(9816,1,1,9.5,1,86,183,1348,94),(9817,1,1,10,1,86,183,1350,94),(9818,1,1,9.5,1,86,183,1354,94),(9819,1,1,9,1,86,183,1368,94),(9820,1,1,9.5,1,86,183,1382,94),(9821,1,1,9.5,1,86,183,1392,94),(9822,1,1,7,1,86,183,1418,94),(9823,1,1,10,1,86,183,1440,94),(9824,1,1,6.5,1,86,183,4557,94),(9825,1,0,11,1,86,184,1342,91),(9826,1,0,10.5,1,86,184,1344,91),(9827,1,0,11.75,1,86,184,1348,91),(9828,1,0,11.5,1,86,184,1350,91),(9829,1,0,5.5,1,86,184,1354,91),(9830,1,0,10.5,1,86,184,1360,91),(9831,1,0,4.25,1,86,184,1362,91),(9832,1,0,8,1,86,184,1364,91),(9833,1,0,6.5,1,86,184,1366,91),(9834,1,0,6.5,1,86,184,1368,91),(9835,1,0,7.75,1,86,184,1370,91),(9836,1,0,7,1,86,184,1378,91),(9837,1,0,4,1,86,184,1380,91),(9838,1,0,5.5,1,86,184,1382,91),(9839,1,0,11,1,86,184,1388,91),(9840,1,0,10.5,1,86,184,1390,91),(9841,1,0,8,1,86,184,1392,91),(9842,1,0,7,1,86,184,1394,91),(9843,1,0,12,1,86,184,1396,91),(9844,1,0,12.75,1,86,184,1208,91),(9845,1,0,6.5,1,86,184,1398,91),(9846,1,0,10,1,86,184,1402,91),(9847,1,0,10,1,86,184,1410,91),(9848,1,0,7.5,1,86,184,1412,91),(9849,1,0,12.5,1,86,184,1414,91),(9850,1,0,2,1,86,184,1418,91),(9851,1,0,5,1,86,184,1422,91),(9852,1,0,8,1,86,184,1428,91),(9853,1,0,3.5,1,86,184,1430,91),(9854,1,0,7.75,1,86,184,1434,91),(9855,1,0,1.75,1,86,184,1438,91),(9856,1,0,5.5,1,86,184,1440,91),(9857,1,0,11.5,1,86,184,1444,91),(9858,1,0,5.5,1,86,184,1061,91),(9859,1,0,6.5,1,86,184,1107,91),(9860,1,0,1.5,1,86,184,4557,91),(9861,1,0,19,1,86,184,1342,93),(9862,1,0,18.5,1,86,184,1344,93),(9863,1,0,19.75,1,86,184,1348,93),(9864,1,0,17.5,1,86,184,1350,93),(9865,1,0,17.5,1,86,184,1354,93),(9866,1,0,17.75,1,86,184,1360,93),(9867,1,0,19,1,86,184,1362,93),(9868,1,0,17.75,1,86,184,1364,93),(9869,1,0,17.5,1,86,184,1366,93),(9870,1,0,18,1,86,184,1368,93),(9871,1,0,19.5,1,86,184,1370,93),(9872,1,0,19.25,1,86,184,1378,93),(9873,1,0,18.5,1,86,184,1380,93),(9874,1,0,18,1,86,184,1382,93),(9875,1,0,19,1,86,184,1388,93),(9876,1,0,18,1,86,184,1390,93),(9877,1,0,19.5,1,86,184,1392,93),(9878,1,0,18.5,1,86,184,1394,93),(9879,1,0,19.25,1,86,184,1396,93),(9880,1,0,19.75,1,86,184,1208,93),(9881,1,0,19.5,1,86,184,1398,93),(9882,1,0,17.5,1,86,184,1402,93),(9883,1,0,18.5,1,86,184,1410,93),(9884,1,0,19.5,1,86,184,1412,93),(9885,1,0,18,1,86,184,1414,93),(9886,1,0,18,1,86,184,1418,93),(9887,1,0,19,1,86,184,1422,93),(9888,1,0,17.5,1,86,184,1428,93),(9889,1,0,18.5,1,86,184,1430,93),(9890,1,0,18,1,86,184,1434,93),(9891,1,0,18,1,86,184,1438,93),(9892,1,0,19,1,86,184,1440,93),(9893,1,0,17.75,1,86,184,1444,93),(9894,1,0,18,1,86,184,1061,93),(9895,1,0,18.5,1,86,184,1107,93),(9896,1,0,18.5,1,86,184,4557,93),(9897,1,0,10.5,1,86,184,1342,94),(9898,1,0,7.5,1,86,184,1344,94),(9899,1,0,12.5,1,86,184,1348,94),(9900,1,0,9,1,86,184,1350,94),(9901,1,0,7,1,86,184,1354,94),(9902,1,0,11,1,86,184,1360,94),(9903,1,0,4.5,1,86,184,1362,94),(9904,1,0,8.5,1,86,184,1364,94),(9905,1,0,5.5,1,86,184,1366,94),(9906,1,0,7.5,1,86,184,1368,94),(9907,1,0,8,1,86,184,1370,94),(9908,1,0,10.5,1,86,184,1378,94),(9909,1,0,3.5,1,86,184,1380,94),(9910,1,0,6.5,1,86,184,1382,94),(9911,1,0,10.5,1,86,184,1388,94),(9912,1,0,10,1,86,184,1390,94),(9913,1,0,8.5,1,86,184,1392,94),(9914,1,0,6,1,86,184,1394,94),(9915,1,0,11,1,86,184,1396,94),(9916,1,0,10.5,1,86,184,1208,94),(9917,1,0,6.5,1,86,184,1398,94),(9918,1,0,11,1,86,184,1402,94),(9919,1,0,12,1,86,184,1410,94),(9920,1,0,6.5,1,86,184,1412,94),(9921,1,0,11,1,86,184,1414,94),(9922,1,0,7.5,1,86,184,1418,94),(9923,1,0,11,1,86,184,1422,94),(9924,1,0,6.5,1,86,184,1428,94),(9925,1,0,7,1,86,184,1430,94),(9926,1,0,8.5,1,86,184,1434,94),(9927,1,0,9,1,86,184,1438,94),(9928,1,0,7,1,86,184,1440,94),(9929,1,0,12.5,1,86,184,1444,94),(9930,1,0,1.5,1,86,184,1061,94),(9931,1,0,1,1,86,184,1107,94),(9932,1,0,4.5,1,86,184,4557,94),(9933,1,1,12.5,1,86,184,1354,94),(9934,1,1,13,1,86,184,1362,94),(9935,1,1,14,1,86,184,1366,94),(9936,1,1,8,1,86,184,1368,94),(9937,1,1,12.5,1,86,184,1380,94),(9938,1,1,12.5,1,86,184,1382,94),(9939,1,1,11.5,1,86,184,1394,94),(9940,1,1,6,1,86,184,1418,94),(9941,1,1,12,1,86,184,1438,94),(9942,1,1,13,1,86,184,1440,94),(9943,1,1,8.5,1,86,184,1061,94),(9944,1,1,12.5,1,86,184,1107,94),(9945,1,1,3.5,1,86,184,4557,94),(9946,1,0,9,1,86,188,1342,91),(9947,1,0,11,1,86,188,1344,91),(9948,1,0,12,1,86,188,1348,91),(9949,1,0,4.5,1,86,188,1350,91),(9950,1,0,12.5,1,86,188,1354,91),(9951,1,0,6.5,1,86,188,1360,91),(9952,1,0,9.5,1,86,188,1362,91),(9953,1,0,13.5,1,86,188,1364,91),(9954,1,0,8.5,1,86,188,1366,91),(9955,1,0,12,1,86,188,1368,91),(9956,1,0,6.5,1,86,188,1370,91),(9957,1,0,12.5,1,86,188,1378,91),(9958,1,0,9.5,1,86,188,1380,91),(9959,1,0,9.5,1,86,188,1382,91),(9960,1,0,9,1,86,188,1388,91),(9961,1,0,10,1,86,188,1390,91),(9962,1,0,11,1,86,188,1392,91),(9963,1,0,10.5,1,86,188,1394,91),(9964,1,0,11,1,86,188,1396,91),(9965,1,0,1,1,86,188,1208,91),(9966,1,0,10,1,86,188,1398,91),(9967,1,0,12,1,86,188,1402,91),(9968,1,0,10,1,86,188,1410,91),(9969,1,0,11.5,1,86,188,1412,91),(9970,1,0,12,1,86,188,1414,91),(9971,1,0,6.5,1,86,188,1418,91),(9972,1,0,11,1,86,188,1422,91),(9973,1,0,12.5,1,86,188,1428,91),(9974,1,0,11.5,1,86,188,1430,91),(9975,1,0,9,1,86,188,1434,91),(9976,1,0,8.5,1,86,188,1438,91),(9977,1,0,9,1,86,188,1440,91),(9978,1,0,9,1,86,188,1444,91),(9979,1,0,9.5,1,86,188,1157,91),(9980,1,0,8,1,86,188,1201,91),(9981,1,0,8.5,1,86,188,1206,91),(9982,1,0,7,1,86,188,1129,91),(9983,1,0,8,1,86,188,1219,91),(9984,1,0,2,1,86,188,4557,91),(9985,1,0,18.75,1,86,188,1342,93),(9986,1,0,18,1,86,188,1344,93),(9987,1,0,18.25,1,86,188,1348,93),(9988,1,0,19.5,1,86,188,1350,93),(9989,1,0,18,1,86,188,1354,93),(9990,1,0,19.5,1,86,188,1360,93),(9991,1,0,18.5,1,86,188,1362,93),(9992,1,0,18.25,1,86,188,1364,93),(9993,1,0,19.75,1,86,188,1366,93),(9994,1,0,18.5,1,86,188,1368,93),(9995,1,0,19.5,1,86,188,1370,93),(9996,1,0,18.25,1,86,188,1378,93),(9997,1,0,19,1,86,188,1380,93),(9998,1,0,18,1,86,188,1382,93),(9999,1,0,18.5,1,86,188,1388,93),(10000,1,0,19,1,86,188,1390,93),(10001,1,0,18,1,86,188,1392,93),(10002,1,0,18,1,86,188,1394,93),(10003,1,0,19.75,1,86,188,1396,93),(10004,1,0,19,1,86,188,1208,93),(10005,1,0,19.5,1,86,188,1398,93),(10006,1,0,19,1,86,188,1402,93),(10007,1,0,19,1,86,188,1410,93),(10008,1,0,18,1,86,188,1412,93),(10009,1,0,19.25,1,86,188,1414,93),(10010,1,0,18,1,86,188,1418,93),(10011,1,0,19,1,86,188,1422,93),(10012,1,0,19.25,1,86,188,1428,93),(10013,1,0,19,1,86,188,1430,93),(10014,1,0,18.25,1,86,188,1434,93),(10015,1,0,18.75,1,86,188,1438,93),(10016,1,0,18,1,86,188,1440,93),(10017,1,0,18.5,1,86,188,1444,93),(10018,1,0,19,1,86,188,1157,93),(10019,1,0,18,1,86,188,1201,93),(10020,1,0,18,1,86,188,1206,93),(10021,1,0,19,1,86,188,1129,93),(10022,1,0,18.5,1,86,188,1061,93),(10023,1,0,18,1,86,188,1219,93),(10024,1,0,12,1,86,188,1342,94),(10025,1,0,14,1,86,188,1344,94),(10026,1,0,14,1,86,188,1348,94),(10027,1,0,5.5,1,86,188,1350,94),(10028,1,0,9,1,86,188,1354,94),(10029,1,0,5.5,1,86,188,1360,94),(10030,1,0,6.5,1,86,188,1362,94),(10031,1,0,10,1,86,188,1364,94),(10032,1,0,5.5,1,86,188,1366,94),(10033,1,0,9,1,86,188,1368,94),(10034,1,0,5.5,1,86,188,1370,94),(10035,1,0,10.25,1,86,188,1378,94),(10036,1,0,8,1,86,188,1380,94),(10037,1,0,15,1,86,188,1382,94),(10038,1,0,8.5,1,86,188,1388,94),(10039,1,0,14.5,1,86,188,1390,94),(10040,1,0,6,1,86,188,1392,94),(10041,1,0,10.5,1,86,188,1394,94),(10042,1,0,10.5,1,86,188,1396,94),(10043,1,0,9,1,86,188,1208,94),(10044,1,0,8.5,1,86,188,1398,94),(10045,1,0,7.5,1,86,188,1402,94),(10046,1,0,14.5,1,86,188,1410,94),(10047,1,0,11,1,86,188,1412,94),(10048,1,0,12,1,86,188,1414,94),(10049,1,0,12,1,86,188,1418,94),(10050,1,0,10,1,86,188,1422,94),(10051,1,0,10,1,86,188,1428,94),(10052,1,0,11,1,86,188,1430,94),(10053,1,0,9,1,86,188,1434,94),(10054,1,0,8,1,86,188,1438,94),(10055,1,0,15,1,86,188,1440,94),(10056,1,0,8.5,1,86,188,1444,94),(10057,1,0,6,1,86,188,1157,94),(10058,1,0,12.5,1,86,188,1201,94),(10059,1,0,6,1,86,188,1206,94),(10060,1,0,9.5,1,86,188,1129,94),(10061,1,0,10,1,86,188,1246,94),(10062,1,0,1.5,1,86,188,1061,94),(10063,1,0,5,1,86,188,1219,94),(10064,1,0,5.5,1,86,188,4557,94),(10065,1,1,12.5,1,86,188,1350,94),(10066,1,1,14.5,1,86,188,1360,94),(10067,1,1,15.5,1,86,188,1362,94),(10068,1,1,14.5,1,86,188,1366,94),(10069,1,1,13,1,86,188,1370,94),(10070,1,1,13,1,86,188,1388,94),(10071,1,1,19,1,86,188,1392,94),(10072,1,1,19,1,86,188,1396,94),(10073,1,1,11,1,86,188,1208,94),(10074,1,1,16,1,86,188,1430,94),(10075,1,1,14.5,1,86,188,1438,94),(10076,1,1,12,1,86,188,1206,94),(10077,1,1,3,1,86,188,1061,94),(10078,1,1,14.5,1,86,188,1219,94),(10079,1,1,7,1,86,188,4557,94),(10080,1,0,13.75,1,86,180,1342,91),(10081,1,0,11.25,1,86,180,1344,91),(10082,1,0,16.5,1,86,180,1348,91),(10083,1,0,8,1,86,180,1350,91),(10084,1,0,9.5,1,86,180,1354,91),(10085,1,0,12.5,1,86,180,1360,91),(10086,1,0,10.25,1,86,180,1362,91),(10087,1,0,14.25,1,86,180,1364,91),(10088,1,0,14.5,1,86,180,1366,91),(10089,1,0,13,1,86,180,1368,91),(10090,1,0,13.75,1,86,180,1370,91),(10091,1,0,12,1,86,180,1378,91),(10092,1,0,9,1,86,180,1380,91),(10093,1,0,14.25,1,86,180,1382,91),(10094,1,0,13.75,1,86,180,1388,91),(10095,1,0,13,1,86,180,1390,91),(10096,1,0,16.25,1,86,180,1392,91),(10097,1,0,12.5,1,86,180,1394,91),(10098,1,0,15.5,1,86,180,1396,91),(10099,1,0,11.25,1,86,180,1208,91),(10100,1,0,13.25,1,86,180,1398,91),(10101,1,0,15.5,1,86,180,1402,91),(10102,1,0,16.25,1,86,180,1410,91),(10103,1,0,14,1,86,180,1412,91),(10104,1,0,14.75,1,86,180,1414,91),(10105,1,0,9.75,1,86,180,1418,91),(10106,1,0,15.5,1,86,180,1422,91),(10107,1,0,14.5,1,86,180,1428,91),(10108,1,0,15.75,1,86,180,1430,91),(10109,1,0,11.25,1,86,180,1434,91),(10110,1,0,11,1,86,180,1438,91),(10111,1,0,16.25,1,86,180,1440,91),(10112,1,0,13.5,1,86,180,1444,91),(10113,1,0,13.5,1,86,180,1342,93),(10114,1,0,13.5,1,86,180,1344,93),(10115,1,0,13.5,1,86,180,1348,93),(10116,1,0,14,1,86,180,1350,93),(10117,1,0,13.5,1,86,180,1354,93),(10118,1,0,14.5,1,86,180,1360,93),(10119,1,0,15,1,86,180,1362,93),(10120,1,0,14.5,1,86,180,1364,93),(10121,1,0,15,1,86,180,1366,93),(10122,1,0,16.5,1,86,180,1368,93),(10123,1,0,16.5,1,86,180,1370,93),(10124,1,0,16.5,1,86,180,1378,93),(10125,1,0,16,1,86,180,1380,93),(10126,1,0,16,1,86,180,1382,93),(10127,1,0,16,1,86,180,1388,93),(10128,1,0,15,1,86,180,1390,93),(10129,1,0,15.5,1,86,180,1392,93),(10130,1,0,15.5,1,86,180,1394,93),(10131,1,0,15.5,1,86,180,1396,93),(10132,1,0,16,1,86,180,1208,93),(10133,1,0,15.5,1,86,180,1398,93),(10134,1,0,15.5,1,86,180,1402,93),(10135,1,0,17,1,86,180,1410,93),(10136,1,0,17,1,86,180,1412,93),(10137,1,0,17,1,86,180,1414,93),(10138,1,0,15.5,1,86,180,1418,93),(10139,1,0,15.5,1,86,180,1422,93),(10140,1,0,14,1,86,180,1428,93),(10141,1,0,13.5,1,86,180,1430,93),(10142,1,0,16.5,1,86,180,1434,93),(10143,1,0,13.5,1,86,180,1438,93),(10144,1,0,13.5,1,86,180,1440,93),(10145,1,0,16.5,1,86,180,1444,93),(10146,1,0,8.5,1,86,180,1342,94),(10147,1,0,10.5,1,86,180,1344,94),(10148,1,0,10.5,1,86,180,1348,94),(10149,1,0,6,1,86,180,1350,94),(10150,1,0,10.5,1,86,180,1354,94),(10151,1,0,6.5,1,86,180,1360,94),(10152,1,0,10.5,1,86,180,1362,94),(10153,1,0,10,1,86,180,1364,94),(10154,1,0,10.5,1,86,180,1366,94),(10155,1,0,10.25,1,86,180,1368,94),(10156,1,0,9.5,1,86,180,1370,94),(10157,1,0,10.5,1,86,180,1378,94),(10158,1,0,11.5,1,86,180,1380,94),(10159,1,0,10.25,1,86,180,1382,94),(10160,1,0,11,1,86,180,1388,94),(10161,1,0,11.5,1,86,180,1390,94),(10162,1,0,11,1,86,180,1392,94),(10163,1,0,11,1,86,180,1394,94),(10164,1,0,8.25,1,86,180,1396,94),(10165,1,0,8.5,1,86,180,1208,94),(10166,1,0,10,1,86,180,1398,94),(10167,1,0,5.5,1,86,180,1402,94),(10168,1,0,10,1,86,180,1410,94),(10169,1,0,10.5,1,86,180,1412,94),(10170,1,0,10,1,86,180,1414,94),(10171,1,0,11.5,1,86,180,1418,94),(10172,1,0,10.75,1,86,180,1422,94),(10173,1,0,12,1,86,180,1428,94),(10174,1,0,11.5,1,86,180,1430,94),(10175,1,0,8.5,1,86,180,1434,94),(10176,1,0,8.5,1,86,180,1438,94),(10177,1,0,8.5,1,86,180,1440,94),(10178,1,0,10.5,1,86,180,1444,94),(10179,1,0,7,1,86,178,1342,91),(10180,1,0,5.25,1,86,178,1344,91),(10181,1,0,11,1,86,178,1348,91),(10182,1,0,13.5,1,86,178,1350,91),(10183,1,0,7,1,86,178,1354,91),(10184,1,0,6,1,86,178,1360,91),(10185,1,0,7.25,1,86,178,1362,91),(10186,1,0,7,1,86,178,1364,91),(10187,1,0,6,1,86,178,1366,91),(10188,1,0,8,1,86,178,1368,91),(10189,1,0,5.5,1,86,178,1370,91),(10190,1,0,7,1,86,178,1378,91),(10191,1,0,7.5,1,86,178,1380,91),(10192,1,0,5.75,1,86,178,1382,91),(10193,1,0,7,1,86,178,1388,91),(10194,1,0,7.5,1,86,178,1390,91),(10195,1,0,6.25,1,86,178,1392,91),(10196,1,0,6.5,1,86,178,1394,91),(10197,1,0,10,1,86,178,1396,91),(10198,1,0,7,1,86,178,1208,91),(10199,1,0,7.5,1,86,178,1398,91),(10200,1,0,10.5,1,86,178,1402,91),(10201,1,0,8,1,86,178,1410,91),(10202,1,0,6.5,1,86,178,1412,91),(10203,1,0,5.5,1,86,178,1414,91),(10204,1,0,7,1,86,178,1418,91),(10205,1,0,6.5,1,86,178,1422,91),(10206,1,0,6.75,1,86,178,1428,91),(10207,1,0,6,1,86,178,1430,91),(10208,1,0,10.75,1,86,178,1434,91),(10209,1,0,9.5,1,86,178,1438,91),(10210,1,0,6.25,1,86,178,1440,91),(10211,1,0,7.5,1,86,178,1444,91),(10212,1,0,5.75,1,86,178,1149,91),(10213,1,0,5.75,1,86,178,1157,91),(10214,1,0,7,1,86,178,1201,91),(10215,1,0,5.25,1,86,178,1129,91),(10216,1,0,5.5,1,86,178,1246,91),(10217,1,0,5.25,1,86,178,1145,91),(10218,1,0,6.5,1,86,178,4491,91),(10219,1,0,6.25,1,86,178,1159,91),(10220,1,0,10,1,86,178,1171,91),(10221,1,0,6.5,1,86,178,1204,91),(10222,1,0,6,1,86,178,1103,91),(10223,1,0,8,1,86,178,1107,91),(10224,1,0,7,1,86,178,1213,91),(10225,1,0,6.5,1,86,178,4559,91),(10226,1,0,11.5,1,86,178,1123,91),(10227,1,0,11,1,86,178,1125,91),(10228,1,0,14.5,1,86,178,1342,93),(10229,1,0,14.5,1,86,178,1344,93),(10230,1,0,14.5,1,86,178,1348,93),(10231,1,0,14.5,1,86,178,1350,93),(10232,1,0,14.5,1,86,178,1354,93),(10233,1,0,14.5,1,86,178,1360,93),(10234,1,0,14.5,1,86,178,1362,93),(10235,1,0,14.5,1,86,178,1364,93),(10236,1,0,14.5,1,86,178,1366,93),(10237,1,0,14,1,86,178,1368,93),(10238,1,0,14,1,86,178,1370,93),(10239,1,0,14,1,86,178,1378,93),(10240,1,0,14,1,86,178,1380,93),(10241,1,0,14,1,86,178,1382,93),(10242,1,0,14,1,86,178,1388,93),(10243,1,0,14,1,86,178,1390,93),(10244,1,0,14,1,86,178,1392,93),(10245,1,0,15.5,1,86,178,1394,93),(10246,1,0,15.5,1,86,178,1396,93),(10247,1,0,15.5,1,86,178,1208,93),(10248,1,0,15.5,1,86,178,1398,93),(10249,1,0,15.5,1,86,178,1402,93),(10250,1,0,15.5,1,86,178,1410,93),(10251,1,0,15.5,1,86,178,1412,93),(10252,1,0,15.5,1,86,178,1414,93),(10253,1,0,15.5,1,86,178,1418,93),(10254,1,0,15.5,1,86,178,1422,93),(10255,1,0,14.75,1,86,178,1428,93),(10256,1,0,14.75,1,86,178,1430,93),(10257,1,0,14.75,1,86,178,1434,93),(10258,1,0,14.75,1,86,178,1438,93),(10259,1,0,14.75,1,86,178,1440,93),(10260,1,0,14.75,1,86,178,1444,93),(10261,1,0,14.5,1,86,178,1149,93),(10262,1,0,14.5,1,86,178,1157,93),(10263,1,0,14.5,1,86,178,1201,93),(10264,1,0,14.75,1,86,178,1129,93),(10265,1,0,14.5,1,86,178,1145,93),(10266,1,0,15.25,1,86,178,4491,93),(10267,1,0,14.5,1,86,178,1159,93),(10268,1,0,14,1,86,178,1171,93),(10269,1,0,14,1,86,178,1204,93),(10270,1,0,14.5,1,86,178,1103,93),(10271,1,0,15.25,1,86,178,1107,93),(10272,1,0,14.5,1,86,178,1213,93),(10273,1,0,15.25,1,86,178,4559,93),(10274,1,0,15.25,1,86,178,1123,93),(10275,1,0,15.25,1,86,178,1125,93),(10276,1,0,9,1,86,178,1342,94),(10277,1,0,2.25,1,86,178,1344,94),(10278,1,0,12,1,86,178,1348,94),(10279,1,0,2,1,86,178,1354,94),(10280,1,0,10.5,1,86,178,1360,94),(10281,1,0,7.25,1,86,178,1362,94),(10282,1,0,9.25,1,86,178,1364,94),(10283,1,0,3.5,1,86,178,1366,94),(10284,1,0,8.25,1,86,178,1368,94),(10285,1,0,7.75,1,86,178,1370,94),(10286,1,0,10,1,86,178,1378,94),(10287,1,0,1.75,1,86,178,1380,94),(10288,1,0,2.75,1,86,178,1382,94),(10289,1,0,8.25,1,86,178,1388,94),(10290,1,0,12,1,86,178,1390,94),(10291,1,0,7.5,1,86,178,1392,94),(10292,1,0,5.25,1,86,178,1394,94),(10293,1,0,9,1,86,178,1396,94),(10294,1,0,7,1,86,178,1208,94),(10295,1,0,6.25,1,86,178,1398,94),(10296,1,0,9,1,86,178,1402,94),(10297,1,0,8.75,1,86,178,1410,94),(10298,1,0,12,1,86,178,1412,94),(10299,1,0,7,1,86,178,1414,94),(10300,1,0,6.75,1,86,178,1418,94),(10301,1,0,8.75,1,86,178,1422,94),(10302,1,0,3.5,1,86,178,1428,94),(10303,1,0,9.75,1,86,178,1430,94),(10304,1,0,10.75,1,86,178,1434,94),(10305,1,0,10,1,86,178,1438,94),(10306,1,0,5.25,1,86,178,1440,94),(10307,1,0,8.5,1,86,178,1444,94),(10308,1,0,6.5,1,86,178,1149,94),(10309,1,0,5.25,1,86,178,1157,94),(10310,1,0,3.75,1,86,178,1201,94),(10311,1,0,2,1,86,178,1129,94),(10312,1,0,1.5,1,86,178,1145,94),(10313,1,0,5.75,1,86,178,1055,94),(10314,1,0,7,1,86,178,1159,94),(10315,1,0,10,1,86,178,1171,94),(10316,1,0,4.25,1,86,178,1204,94),(10317,1,0,4.25,1,86,178,1103,94),(10318,1,0,8,1,86,178,1213,94),(10319,1,1,4.25,1,86,178,1344,94),(10320,1,1,11,1,86,178,1350,94),(10321,1,1,3,1,86,178,1354,94),(10322,1,1,8.5,1,86,178,1360,94),(10323,1,1,8.25,1,86,178,1362,94),(10324,1,1,4.5,1,86,178,1366,94),(10325,1,1,10.25,1,86,178,1368,94),(10326,1,1,7.5,1,86,178,1370,94),(10327,1,1,9,1,86,178,1380,94),(10328,1,1,10,1,86,178,1382,94),(10329,1,1,12,1,86,178,1392,94),(10330,1,1,10,1,86,178,1394,94),(10331,1,1,6,1,86,178,1208,94),(10332,1,1,8,1,86,178,1398,94),(10333,1,1,7,1,86,178,1414,94),(10334,1,1,10.25,1,86,178,1418,94),(10335,1,1,7.75,1,86,178,1428,94),(10336,1,1,15,1,86,178,1444,94),(10337,1,1,10,1,86,178,1149,94),(10338,1,1,2.25,1,86,178,1201,94),(10339,1,1,8.5,1,86,178,1145,94),(10340,1,1,7,1,86,178,1055,94),(10341,1,1,1.5,1,86,178,4491,94),(10342,1,1,10,1,86,178,1159,94),(10343,1,1,11.75,1,86,178,1204,94),(10344,1,1,6,1,86,178,1103,94),(10345,1,1,5.5,1,86,178,1107,94),(10346,1,1,3,1,86,178,4559,94),(10347,1,1,12.5,1,86,178,1123,94),(10348,1,1,8.5,1,86,178,1125,94),(10351,1,0,15,1,86,201,1342,91),(10352,1,0,0,1,86,201,1344,91),(10353,1,0,0,1,86,201,1348,91),(10354,1,0,0,1,86,201,1350,91),(10355,1,0,16.5,1,86,201,1354,91),(10356,1,0,10,1,86,201,1360,91),(10357,1,0,18,1,86,201,1362,91),(10358,1,0,17.5,1,86,201,1364,91),(10359,1,0,17,1,86,201,1366,91),(10360,1,0,14.5,1,86,201,1368,91),(10361,1,0,14.5,1,86,201,1370,91),(10362,1,0,14.5,1,86,201,1378,91),(10363,1,0,16.5,1,86,201,1380,91),(10364,1,0,14,1,86,201,1382,91),(10365,1,0,0,1,86,201,1388,91),(10366,1,0,10,1,86,201,1390,91),(10367,1,0,17,1,86,201,1392,91),(10368,1,0,0,1,86,201,1394,91),(10369,1,0,15.5,1,86,201,1396,91),(10370,1,0,13,1,86,201,1208,91),(10371,1,0,15.5,1,86,201,1398,91),(10372,1,0,15.25,1,86,201,1402,91),(10373,1,0,12.5,1,86,201,1410,91),(10374,1,0,0,1,86,201,1412,91),(10375,1,0,15.5,1,86,201,1414,91),(10376,1,0,15,1,86,201,1418,91),(10377,1,0,16.5,1,86,201,1422,91),(10378,1,0,17,1,86,201,1428,91),(10379,1,0,17.5,1,86,201,1430,91),(10380,1,0,12.5,1,86,201,1434,91),(10381,1,0,0,1,86,201,1438,91),(10382,1,0,16.5,1,86,201,1440,91),(10383,1,0,16,1,86,201,1444,91),(10384,1,0,14,1,86,201,1342,93),(10385,1,0,16,1,86,201,1344,93),(10386,1,0,13,1,86,201,1348,93),(10387,1,0,0,1,86,201,1350,93),(10388,1,0,16,1,86,201,1354,93),(10389,1,0,13,1,86,201,1360,93),(10390,1,0,13,1,86,201,1362,93),(10391,1,0,16,1,86,201,1364,93),(10392,1,0,14,1,86,201,1366,93),(10393,1,0,16,1,86,201,1368,93),(10394,1,0,14,1,86,201,1370,93),(10395,1,0,13,1,86,201,1378,93),(10396,1,0,16,1,86,201,1380,93),(10397,1,0,14,1,86,201,1382,93),(10398,1,0,16,1,86,201,1388,93),(10399,1,0,13,1,86,201,1390,93),(10400,1,0,13,1,86,201,1392,93),(10401,1,0,14,1,86,201,1394,93),(10402,1,0,13,1,86,201,1396,93),(10403,1,0,14,1,86,201,1208,93),(10404,1,0,13,1,86,201,1398,93),(10405,1,0,16,1,86,201,1402,93),(10406,1,0,14,1,86,201,1410,93),(10407,1,0,13,1,86,201,1412,93),(10408,1,0,16,1,86,201,1414,93),(10409,1,0,16,1,86,201,1418,93),(10410,1,0,16,1,86,201,1422,93),(10411,1,0,16,1,86,201,1428,93),(10412,1,0,16,1,86,201,1430,93),(10413,1,0,15,1,86,201,1434,93),(10414,1,0,13,1,86,201,1438,93),(10415,1,0,14,1,86,201,1440,93),(10416,1,0,13,1,86,201,1444,93),(10417,1,0,12.25,1,86,201,1342,94),(10418,1,0,13,1,86,201,1344,94),(10419,1,0,13.5,1,86,201,1348,94),(10420,1,0,10,1,86,201,1354,94),(10421,1,0,8.5,1,86,201,1360,94),(10422,1,0,11.25,1,86,201,1362,94),(10423,1,0,12.25,1,86,201,1364,94),(10424,1,0,10,1,86,201,1366,94),(10425,1,0,13.25,1,86,201,1368,94),(10426,1,0,11,1,86,201,1370,94),(10427,1,0,11.5,1,86,201,1378,94),(10428,1,0,16.25,1,86,201,1380,94),(10429,1,0,13.25,1,86,201,1382,94),(10430,1,0,13.5,1,86,201,1388,94),(10431,1,0,11,1,86,201,1390,94),(10432,1,0,12.75,1,86,201,1392,94),(10433,1,0,16.25,1,86,201,1394,94),(10434,1,0,10.25,1,86,201,1396,94),(10435,1,0,10.5,1,86,201,1208,94),(10436,1,0,13.5,1,86,201,1398,94),(10437,1,0,14,1,86,201,1402,94),(10438,1,0,11.75,1,86,201,1410,94),(10439,1,0,12.5,1,86,201,1412,94),(10440,1,0,13.75,1,86,201,1414,94),(10441,1,0,14.25,1,86,201,1418,94),(10442,1,0,15.5,1,86,201,1422,94),(10443,1,0,10,1,86,201,1428,94),(10444,1,0,15.25,1,86,201,1430,94),(10445,1,0,13.75,1,86,201,1434,94),(10446,1,0,15.5,1,86,201,1440,94),(10447,1,0,12.75,1,86,201,1444,94),(10449,1,0,11.5,1,86,197,1342,91),(10450,1,0,8.5,1,86,197,1344,91),(10451,1,0,9,1,86,197,1348,91),(10452,1,0,8.5,1,86,197,1350,91),(10453,1,0,4,1,86,197,1354,91),(10454,1,0,9.5,1,86,197,1360,91),(10455,1,0,5.5,1,86,197,1362,91),(10456,1,0,4,1,86,197,1364,91),(10457,1,0,7,1,86,197,1366,91),(10458,1,0,6,1,86,197,1368,91),(10459,1,0,3,1,86,197,1370,91),(10460,1,0,5.5,1,86,197,1378,91),(10461,1,0,9,1,86,197,1380,91),(10462,1,0,7.5,1,86,197,1382,91),(10463,1,0,11.5,1,86,197,1388,91),(10464,1,0,10.5,1,86,197,1390,91),(10465,1,0,4,1,86,197,1392,91),(10466,1,0,6,1,86,197,1394,91),(10467,1,0,7.5,1,86,197,1396,91),(10468,1,0,2.5,1,86,197,1208,91),(10469,1,0,11.75,1,86,197,1398,91),(10470,1,0,8,1,86,197,1402,91),(10471,1,0,10.5,1,86,197,1410,91),(10472,1,0,10,1,86,197,1412,91),(10473,1,0,4,1,86,197,1414,91),(10474,1,0,10.5,1,86,197,1418,91),(10475,1,0,8,1,86,197,1422,91),(10476,1,0,6.75,1,86,197,1428,91),(10477,1,0,8.5,1,86,197,1430,91),(10478,1,0,8.5,1,86,197,1434,91),(10479,1,0,11,1,86,197,1438,91),(10480,1,0,0.5,1,86,197,1440,91),(10481,1,0,3,1,86,197,1444,91),(10482,1,0,3,1,86,197,1157,91),(10483,1,0,0.5,1,86,197,1206,91),(10484,1,0,1.25,1,86,197,4557,91),(10485,1,0,12.5,1,86,197,1342,93),(10486,1,0,12.5,1,86,197,1344,93),(10487,1,0,12.75,1,86,197,1348,93),(10488,1,0,13,1,86,197,1350,93),(10489,1,0,12.5,1,86,197,1354,93),(10490,1,0,12.75,1,86,197,1360,93),(10491,1,0,12.5,1,86,197,1362,93),(10492,1,0,12.5,1,86,197,1364,93),(10493,1,0,16.5,1,86,197,1366,93),(10494,1,0,16.5,1,86,197,1368,93),(10495,1,0,16.5,1,86,197,1370,93),(10496,1,0,16.75,1,86,197,1378,93),(10497,1,0,16.5,1,86,197,1380,93),(10498,1,0,16.5,1,86,197,1382,93),(10499,1,0,16.5,1,86,197,1388,93),(10500,1,0,14.5,1,86,197,1390,93),(10501,1,0,14.5,1,86,197,1392,93),(10502,1,0,14.5,1,86,197,1394,93),(10503,1,0,15,1,86,197,1396,93),(10504,1,0,14.5,1,86,197,1208,93),(10505,1,0,14.5,1,86,197,1398,93),(10506,1,0,14.5,1,86,197,1402,93),(10507,1,0,15,1,86,197,1410,93),(10508,1,0,15,1,86,197,1412,93),(10509,1,0,15.25,1,86,197,1414,93),(10510,1,0,15,1,86,197,1418,93),(10511,1,0,15.25,1,86,197,1422,93),(10512,1,0,15,1,86,197,1428,93),(10513,1,0,13.5,1,86,197,1430,93),(10514,1,0,13.5,1,86,197,1434,93),(10515,1,0,13.5,1,86,197,1438,93),(10516,1,0,15,1,86,197,1440,93),(10517,1,0,13.5,1,86,197,1444,93),(10518,1,0,13.5,1,86,197,1157,93),(10519,1,0,14.5,1,86,197,1206,93),(10520,1,0,15,1,86,197,4557,93),(10521,1,0,10.5,1,86,197,1342,94),(10522,1,0,7,1,86,197,1344,94),(10523,1,0,15.5,1,86,197,1348,94),(10524,1,0,11,1,86,197,1354,94),(10525,1,0,5.5,1,86,197,1360,94),(10526,1,0,11.5,1,86,197,1362,94),(10527,1,0,12,1,86,197,1364,94),(10528,1,0,4.5,1,86,197,1366,94),(10529,1,0,9,1,86,197,1368,94),(10530,1,0,6.5,1,86,197,1370,94),(10531,1,0,15,1,86,197,1378,94),(10532,1,0,7.5,1,86,197,1380,94),(10533,1,0,7.5,1,86,197,1382,94),(10534,1,0,8.5,1,86,197,1388,94),(10535,1,0,8,1,86,197,1390,94),(10536,1,0,12,1,86,197,1392,94),(10537,1,0,10.5,1,86,197,1394,94),(10538,1,0,11.5,1,86,197,1396,94),(10539,1,0,10.5,1,86,197,1208,94),(10540,1,0,10.5,1,86,197,1398,94),(10541,1,0,6,1,86,197,1402,94),(10542,1,0,6,1,86,197,1410,94),(10543,1,0,4.5,1,86,197,1412,94),(10544,1,0,7,1,86,197,1414,94),(10545,1,0,11,1,86,197,1418,94),(10546,1,0,14,1,86,197,1422,94),(10547,1,0,9.5,1,86,197,1428,94),(10548,1,0,13,1,86,197,1430,94),(10549,1,0,12.5,1,86,197,1434,94),(10550,1,0,12,1,86,197,1438,94),(10551,1,0,14,1,86,197,1440,94),(10552,1,0,12.5,1,86,197,1444,94),(10553,1,0,9.5,1,86,197,1157,94),(10554,1,0,7,1,86,197,1206,94),(10555,1,0,6,1,86,197,4557,94),(10556,1,1,10.5,1,86,197,1344,94),(10557,1,1,12,1,86,197,1350,94),(10558,1,1,15.5,1,86,197,1354,94),(10559,1,1,11,1,86,197,1360,94),(10560,1,1,15,1,86,197,1362,94),(10561,1,1,17,1,86,197,1364,94),(10562,1,1,14,1,86,197,1366,94),(10563,1,1,13,1,86,197,1368,94),(10564,1,1,8,1,86,197,1370,94),(10565,1,1,17,1,86,197,1380,94),(10566,1,1,16,1,86,197,1382,94),(10567,1,1,10.5,1,86,197,1394,94),(10568,1,1,9.5,1,86,197,1208,94),(10569,1,1,11.5,1,86,197,1402,94),(10570,1,1,15,1,86,197,1410,94),(10571,1,1,12,1,86,197,1412,94),(10572,1,1,17,1,86,197,1414,94),(10573,1,1,8.5,1,86,197,1428,94),(10574,1,1,16.5,1,86,197,1444,94),(10575,1,1,13,1,86,197,1157,94),(10576,1,1,15,1,86,197,1206,94),(10577,1,1,6,1,86,197,4557,94),(10578,1,0,12,1,86,193,1342,91),(10579,1,0,10.75,1,86,193,1344,91),(10580,1,0,14.75,1,86,193,1348,91),(10581,1,0,14.5,1,86,193,1350,91),(10582,1,0,7.5,1,86,193,1354,91),(10583,1,0,11.5,1,86,193,1360,91),(10584,1,0,12.75,1,86,193,1362,91),(10585,1,0,10,1,86,193,1364,91),(10586,1,0,12.5,1,86,193,1366,91),(10587,1,0,7,1,86,193,1368,91),(10588,1,0,16.5,1,86,193,1370,91),(10589,1,0,12.75,1,86,193,1378,91),(10590,1,0,14.75,1,86,193,1380,91),(10591,1,0,12.75,1,86,193,1382,91),(10592,1,0,13,1,86,193,1388,91),(10593,1,0,11.5,1,86,193,1390,91),(10594,1,0,14.5,1,86,193,1392,91),(10595,1,0,14,1,86,193,1394,91),(10596,1,0,12,1,86,193,1396,91),(10597,1,0,10.5,1,86,193,1208,91),(10598,1,0,13,1,86,193,1398,91),(10599,1,0,14.75,1,86,193,1402,91),(10600,1,0,13,1,86,193,1410,91),(10601,1,0,10.5,1,86,193,1412,91),(10602,1,0,9.5,1,86,193,1414,91),(10603,1,0,14.75,1,86,193,1418,91),(10604,1,0,14.5,1,86,193,1422,91),(10605,1,0,10.75,1,86,193,1428,91),(10606,1,0,10.5,1,86,193,1430,91),(10607,1,0,15.75,1,86,193,1434,91),(10608,1,0,10.5,1,86,193,1438,91),(10609,1,0,10.5,1,86,193,1440,91),(10610,1,0,7.75,1,86,193,1444,91),(10611,1,0,10.5,1,86,193,1149,91),(10612,1,0,6.5,1,86,193,1157,91),(10613,1,0,5,1,86,193,1206,91),(10614,1,0,6.5,1,86,193,4491,91),(10615,1,0,8.5,1,86,193,1167,91),(10616,1,0,8.5,1,86,193,1169,91),(10617,1,0,6.5,1,86,193,4559,91),(10618,1,0,6.75,1,86,193,1225,91),(10619,1,0,7.75,1,86,193,1230,91),(10620,1,0,9.5,1,86,193,1342,93),(10621,1,0,12.5,1,86,193,1344,93),(10622,1,0,12,1,86,193,1348,93),(10623,1,0,18,1,86,193,1350,93),(10624,1,0,12,1,86,193,1354,93),(10625,1,0,9.5,1,86,193,1360,93),(10626,1,0,12,1,86,193,1362,93),(10627,1,0,11.5,1,86,193,1364,93),(10628,1,0,14.5,1,86,193,1366,93),(10629,1,0,11.5,1,86,193,1368,93),(10630,1,0,14.5,1,86,193,1370,93),(10631,1,0,12.5,1,86,193,1378,93),(10632,1,0,9.5,1,86,193,1380,93),(10633,1,0,18,1,86,193,1382,93),(10634,1,0,12.5,1,86,193,1388,93),(10635,1,0,14.5,1,86,193,1390,93),(10636,1,0,12.5,1,86,193,1392,93),(10637,1,0,12.5,1,86,193,1394,93),(10638,1,0,12,1,86,193,1396,93),(10639,1,0,18,1,86,193,1208,93),(10640,1,0,14.5,1,86,193,1398,93),(10641,1,0,12.5,1,86,193,1402,93),(10642,1,0,11.5,1,86,193,1410,93),(10643,1,0,12,1,86,193,1412,93),(10644,1,0,12.5,1,86,193,1414,93),(10645,1,0,11.5,1,86,193,1418,93),(10646,1,0,12,1,86,193,1422,93),(10647,1,0,12.5,1,86,193,1428,93),(10648,1,0,12,1,86,193,1430,93),(10649,1,0,18,1,86,193,1434,93),(10650,1,0,9.5,1,86,193,1438,93),(10651,1,0,12.5,1,86,193,1440,93),(10652,1,0,12,1,86,193,1444,93),(10653,1,0,17.5,1,86,193,1149,93),(10654,1,0,17.5,1,86,193,1157,93),(10655,1,0,17.5,1,86,193,1206,93),(10656,1,0,11,1,86,193,4491,93),(10657,1,0,12,1,86,193,1167,93),(10658,1,0,12,1,86,193,1169,93),(10659,1,0,11,1,86,193,4559,93),(10660,1,0,12,1,86,193,1225,93),(10661,1,0,12,1,86,193,1230,93),(10662,1,0,9.5,1,86,193,1342,94),(10663,1,0,8.75,1,86,193,1348,94),(10664,1,0,9.75,1,86,193,1350,94),(10665,1,0,4.5,1,86,193,1354,94),(10666,1,0,8.25,1,86,193,1360,94),(10667,1,0,9.5,1,86,193,1362,94),(10668,1,0,8.75,1,86,193,1364,94),(10669,1,0,6,1,86,193,1366,94),(10670,1,0,6,1,86,193,1368,94),(10671,1,0,11.5,1,86,193,1378,94),(10672,1,0,7.25,1,86,193,1380,94),(10673,1,0,8.75,1,86,193,1382,94),(10674,1,0,6.75,1,86,193,1390,94),(10675,1,0,12,1,86,193,1392,94),(10676,1,0,8.75,1,86,193,1396,94),(10677,1,0,5.25,1,86,193,1208,94),(10678,1,0,8.25,1,86,193,1398,94),(10679,1,0,10.25,1,86,193,1402,94),(10680,1,0,10.75,1,86,193,1410,94),(10681,1,0,6.75,1,86,193,1414,94),(10682,1,0,9.5,1,86,193,1418,94),(10683,1,0,11.5,1,86,193,1422,94),(10684,1,0,9,1,86,193,1428,94),(10685,1,0,7.5,1,86,193,1430,94),(10686,1,0,11,1,86,193,1434,94),(10687,1,0,10.5,1,86,193,1438,94),(10688,1,0,12.5,1,86,193,1440,94),(10689,1,0,9.25,1,86,193,1444,94),(10690,1,0,9.25,1,86,193,1169,94),(10691,1,0,6.25,1,86,193,1225,94),(10692,1,1,11.75,1,86,193,1348,94),(10693,1,1,12,1,86,193,1354,94),(10694,1,1,11,1,86,193,1360,94),(10695,1,1,11,1,86,193,1364,94),(10696,1,1,5.25,1,86,193,1366,94),(10697,1,1,10.75,1,86,193,1368,94),(10698,1,1,12.25,1,86,193,1370,94),(10699,1,1,11,1,86,193,1380,94),(10700,1,1,9.75,1,86,193,1388,94),(10701,1,1,9,1,86,193,1390,94),(10702,1,1,10,1,86,193,1394,94),(10703,1,1,11.5,1,86,193,1396,94),(10704,1,1,6,1,86,193,1208,94),(10705,1,1,11,1,86,193,1412,94),(10706,1,1,14,1,86,193,1414,94),(10707,1,1,13.5,1,86,193,1430,94),(10708,1,1,12,1,86,193,1444,94),(10709,1,1,9.75,1,86,193,1149,94),(10710,1,1,9,1,86,193,1206,94),(10711,1,1,6.75,1,86,193,4491,94),(10712,1,1,8,1,86,193,1167,94),(10713,1,1,10,1,86,193,1169,94),(10714,1,1,5,1,86,193,4559,94),(10715,1,1,10.5,1,86,193,1225,94),(10716,1,1,8.25,1,86,193,1230,94),(10818,1,0,5,1,86,238,1145,91),(10819,1,0,4,1,86,238,1159,91),(10820,1,0,12,1,86,238,1163,91),(10821,1,0,14.5,1,86,238,1165,91),(10822,1,0,11,1,86,238,1193,91),(10823,1,0,12.5,1,86,238,1197,91),(10824,1,0,12,1,86,238,1204,91),(10825,1,0,12,1,86,238,1103,91),(10826,1,0,11,1,86,238,1234,91),(10827,1,0,13.5,1,86,238,1250,91),(10828,1,0,15,1,86,238,1053,91),(10829,1,0,6,1,86,238,1061,91),(10830,1,0,14,1,86,238,1145,93),(10831,1,0,8,1,86,238,1159,93),(10832,1,0,11,1,86,238,1163,93),(10833,1,0,8,1,86,238,1165,93),(10834,1,0,11,1,86,238,1193,93),(10835,1,0,8,1,86,238,1197,93),(10836,1,0,14,1,86,238,1204,93),(10837,1,0,12,1,86,238,1103,93),(10838,1,0,12,1,86,238,1234,93),(10839,1,0,8,1,86,238,1250,93),(10840,1,0,11,1,86,238,1053,93),(10841,1,0,9,1,86,238,1061,93),(10842,1,0,7,1,86,238,1159,94),(10843,1,0,10,1,86,238,1163,94),(10844,1,0,13,1,86,238,1165,94),(10845,1,0,12.5,1,86,238,1193,94),(10846,1,0,9.5,1,86,238,1197,94),(10847,1,0,11.5,1,86,238,1204,94),(10848,1,0,13,1,86,238,1103,94),(10849,1,0,15,1,86,238,1234,94),(10850,1,0,8.5,1,86,238,1250,94),(10912,1,1,15.25,1,86,241,1145,94),(10913,1,1,12.75,1,86,241,1061,94),(10914,1,0,11.45,1,86,241,1145,94),(10915,1,0,15.2,1,86,241,1159,94),(10916,1,0,14.58,1,86,241,1163,94),(10917,1,0,17.81,1,86,241,1165,94),(10918,1,0,13.95,1,86,241,1193,94),(10919,1,0,14.68,1,86,241,1197,94),(10920,1,0,15.52,1,86,241,1204,94),(10921,1,0,15.2,1,86,241,1103,94),(10922,1,0,15.1,1,86,241,1234,94),(10923,1,0,13.23,1,86,241,1250,94),(10924,1,0,12.81,1,86,241,1053,94),(10925,1,0,6.25,1,86,241,1061,94),(10926,1,0,7.67,1,86,241,1145,93),(10927,1,0,11.33,1,86,241,1159,93),(10928,1,0,12,1,86,241,1163,93),(10929,1,0,13,1,86,241,1165,93),(10930,1,0,11.67,1,86,241,1193,93),(10931,1,0,10.42,1,86,241,1197,93),(10932,1,0,13.33,1,86,241,1204,93),(10933,1,0,13,1,86,241,1103,93),(10934,1,0,9.83,1,86,241,1234,93),(10935,1,0,10.5,1,86,241,1250,93),(10936,1,0,9.42,1,86,241,1053,93),(10937,1,0,5.33,1,86,241,1061,93),(10938,1,0,7.67,1,86,241,1145,91),(10939,1,0,11.33,1,86,241,1159,91),(10940,1,0,12,1,86,241,1163,91),(10941,1,0,13,1,86,241,1165,91),(10942,1,0,11.67,1,86,241,1193,91),(10943,1,0,10.42,1,86,241,1197,91),(10944,1,0,13.33,1,86,241,1204,91),(10945,1,0,13,1,86,241,1103,91),(10946,1,0,9.83,1,86,241,1234,91),(10947,1,0,10.5,1,86,241,1250,91),(10948,1,0,9.42,1,86,241,1053,91),(10949,1,0,5.33,1,86,241,1061,91),(10950,1,0,7,1,86,206,1145,91),(10951,1,0,9,1,86,206,1159,91),(10952,1,0,10,1,86,206,1163,91),(10953,1,0,10,1,86,206,1165,91),(10954,1,0,10.5,1,86,206,1193,91),(10955,1,0,10.5,1,86,206,1197,91),(10956,1,0,12.75,1,86,206,1204,91),(10957,1,0,13,1,86,206,1103,91),(10958,1,0,12,1,86,206,1234,91),(10959,1,0,13,1,86,206,1250,91),(10960,1,0,9.5,1,86,206,1053,91),(10961,1,0,10,1,86,206,1061,91),(10962,1,0,12.5,1,86,206,1145,93),(10963,1,0,12,1,86,206,1159,93),(10964,1,0,13,1,86,206,1163,93),(10965,1,0,13,1,86,206,1165,93),(10966,1,0,13,1,86,206,1193,93),(10967,1,0,12.5,1,86,206,1197,93),(10968,1,0,14,1,86,206,1204,93),(10969,1,0,14,1,86,206,1103,93),(10970,1,0,14,1,86,206,1234,93),(10971,1,0,12.5,1,86,206,1250,93),(10972,1,0,10,1,86,206,1053,93),(10973,1,0,13,1,86,206,1061,93),(10974,1,0,12.25,1,86,206,1145,94),(10975,1,0,9,1,86,206,1159,94),(10976,1,0,11.5,1,86,206,1163,94),(10977,1,0,15,1,86,206,1165,94),(10978,1,0,14.75,1,86,206,1193,94),(10979,1,0,15.5,1,86,206,1197,94),(10980,1,0,10.25,1,86,206,1204,94),(10981,1,0,13.5,1,86,206,1103,94),(10982,1,0,6.5,1,86,206,1234,94),(10983,1,0,13.75,1,86,206,1250,94),(10984,1,0,3.5,1,86,206,1053,94),(10985,1,0,8.75,1,86,206,1061,94),(10986,1,0,14.75,1,86,235,1145,91),(10987,1,0,11,1,86,235,1159,91),(10988,1,0,10.25,1,86,235,1163,91),(10989,1,0,17.5,1,86,235,1165,91),(10990,1,0,11,1,86,235,1193,91),(10991,1,0,11,1,86,235,1197,91),(10992,1,0,14.25,1,86,235,1204,91),(10993,1,0,15.75,1,86,235,1103,91),(10994,1,0,14.25,1,86,235,1234,91),(10995,1,0,15.75,1,86,235,1250,91),(10996,1,0,19.5,1,86,235,1053,91),(10997,1,0,6.75,1,86,235,1061,91),(10998,1,0,18,1,86,235,1145,93),(10999,1,0,18,1,86,235,1159,93),(11000,1,0,11.5,1,86,235,1163,93),(11001,1,0,16.5,1,86,235,1165,93),(11002,1,0,11.5,1,86,235,1193,93),(11003,1,0,13.5,1,86,235,1197,93),(11004,1,0,17,1,86,235,1204,93),(11005,1,0,13.5,1,86,235,1103,93),(11006,1,0,17,1,86,235,1234,93),(11007,1,0,16.5,1,86,235,1250,93),(11008,1,0,12,1,86,235,1053,93),(11009,1,0,7.75,1,86,235,1145,94),(11010,1,0,8.5,1,86,235,1159,94),(11011,1,0,8.5,1,86,235,1163,94),(11012,1,0,12.5,1,86,235,1165,94),(11013,1,0,8.75,1,86,235,1193,94),(11014,1,0,9,1,86,235,1197,94),(11015,1,0,7,1,86,235,1204,94),(11016,1,0,11.5,1,86,235,1103,94),(11017,1,0,10,1,86,235,1234,94),(11018,1,0,7.75,1,86,235,1250,94),(11019,1,0,13.5,1,86,235,1053,94),(11020,1,0,4.5,1,86,235,1061,94),(11021,1,0,8,1,86,239,1145,91),(11022,1,0,11.75,1,86,239,1159,91),(11023,1,0,11.5,1,86,239,1163,91),(11024,1,0,11,1,86,239,1165,91),(11025,1,0,11.5,1,86,239,1193,91),(11026,1,0,11.75,1,86,239,1197,91),(11027,1,0,11.5,1,86,239,1204,91),(11028,1,0,11.5,1,86,239,1103,91),(11029,1,0,16,1,86,239,1234,91),(11030,1,0,11,1,86,239,1250,91),(11031,1,0,8,1,86,239,1061,91),(11032,1,0,11,1,86,239,1145,93),(11033,1,0,14,1,86,239,1159,93),(11034,1,0,13,1,86,239,1163,93),(11035,1,0,13,1,86,239,1165,93),(11036,1,0,14,1,86,239,1193,93),(11037,1,0,14,1,86,239,1197,93),(11038,1,0,13,1,86,239,1204,93),(11039,1,0,14,1,86,239,1103,93),(11040,1,0,17.5,1,86,239,1234,93),(11041,1,0,13,1,86,239,1250,93),(11042,1,0,11,1,86,239,1061,93),(11043,1,0,7.75,1,86,239,1145,94),(11044,1,0,6,1,86,239,1159,94),(11045,1,0,12,1,86,239,1163,94),(11046,1,0,13.75,1,86,239,1165,94),(11047,1,0,6,1,86,239,1193,94),(11048,1,0,12,1,86,239,1197,94),(11049,1,0,12.5,1,86,239,1204,94),(11050,1,0,14,1,86,239,1103,94),(11051,1,0,15,1,86,239,1234,94),(11052,1,0,12,1,86,239,1250,94),(11053,1,0,12.75,1,86,239,1053,94),(11054,1,0,5.5,1,86,239,1061,94),(11055,1,0,7,1,86,245,1145,91),(11056,1,0,5,1,86,245,1159,91),(11057,1,0,10,1,86,245,1163,91),(11058,1,0,13,1,86,245,1165,91),(11059,1,0,10,1,86,245,1193,91),(11060,1,0,7,1,86,245,1197,91),(11061,1,0,5,1,86,245,1204,91),(11062,1,0,11,1,86,245,1103,91),(11063,1,0,7,1,86,245,1234,91),(11064,1,0,13,1,86,245,1250,91),(11065,1,0,14.5,1,86,245,1053,91),(11066,1,0,7.5,1,86,245,1061,91),(11067,1,0,12.5,1,86,245,1145,93),(11068,1,0,13.5,1,86,245,1159,93),(11069,1,0,13,1,86,245,1163,93),(11070,1,0,13.5,1,86,245,1165,93),(11071,1,0,14,1,86,245,1193,93),(11072,1,0,13.5,1,86,245,1197,93),(11073,1,0,14.5,1,86,245,1204,93),(11074,1,0,15,1,86,245,1103,93),(11075,1,0,14,1,86,245,1234,93),(11076,1,0,13.5,1,86,245,1250,93),(11077,1,0,15,1,86,245,1053,93),(11078,1,0,13,1,86,245,1061,93),(11079,1,0,7,1,86,245,1145,94),(11080,1,0,17.25,1,86,245,1159,94),(11081,1,0,19.25,1,86,245,1163,94),(11082,1,0,11,1,86,245,1165,94),(11083,1,0,19.25,1,86,245,1193,94),(11084,1,0,15.75,1,86,245,1197,94),(11085,1,0,14.5,1,86,245,1204,94),(11086,1,0,19,1,86,245,1103,94),(11087,1,0,14.75,1,86,245,1234,94),(11088,1,0,7,1,86,245,1250,94),(11089,1,0,8.75,1,86,245,1053,94),(11090,1,0,9,1,86,245,1061,94),(11091,1,1,15,1,86,245,1145,94),(11092,1,1,16,1,86,245,1061,94),(11093,1,0,9,1,86,219,1145,91),(11094,1,0,11,1,86,219,1159,91),(11095,1,0,12.5,1,86,219,1163,91),(11096,1,0,13,1,86,219,1165,91),(11097,1,0,13,1,86,219,1193,91),(11098,1,0,12.5,1,86,219,1197,91),(11099,1,0,12.5,1,86,219,1204,91),(11100,1,0,13,1,86,219,1103,91),(11101,1,0,12,1,86,219,1234,91),(11102,1,0,13,1,86,219,1250,91),(11103,1,0,12.25,1,86,219,1053,91),(11104,1,0,8,1,86,219,1061,91),(11105,1,0,11,1,86,219,1145,93),(11106,1,0,12,1,86,219,1159,93),(11107,1,0,13,1,86,219,1163,93),(11108,1,0,12.75,1,86,219,1165,93),(11109,1,0,12.5,1,86,219,1193,93),(11110,1,0,12.25,1,86,219,1197,93),(11111,1,0,12.25,1,86,219,1204,93),(11112,1,0,13,1,86,219,1103,93),(11113,1,0,14,1,86,219,1234,93),(11114,1,0,12.5,1,86,219,1250,93),(11115,1,0,12,1,86,219,1053,93),(11116,1,0,11,1,86,219,1061,93),(11117,1,0,12.25,1,86,219,1145,94),(11118,1,0,7,1,86,219,1159,94),(11119,1,0,6,1,86,219,1163,94),(11120,1,0,12.75,1,86,219,1165,94),(11121,1,0,15.5,1,86,219,1193,94),(11122,1,0,14,1,86,219,1197,94),(11123,1,0,12,1,86,219,1204,94),(11124,1,0,14,1,86,219,1103,94),(11125,1,0,17.5,1,86,219,1234,94),(11126,1,0,12.25,1,86,219,1250,94),(11127,1,0,11.75,1,86,219,1053,94),(11128,1,0,6,1,86,219,1061,94),(11129,1,0,13.5,1,86,242,1159,91),(11130,1,0,13.75,1,86,242,1163,91),(11131,1,0,15.25,1,86,242,1165,91),(11132,1,0,10,1,86,242,1193,91),(11133,1,0,8,1,86,242,1197,91),(11134,1,0,11,1,86,242,1204,91),(11135,1,0,12,1,86,242,1103,91),(11136,1,0,14.25,1,86,242,1234,91),(11137,1,0,13,1,86,242,1250,91),(11138,1,0,13,1,86,242,1053,91),(11139,1,0,12.25,1,86,242,1061,91),(11140,1,0,8.5,1,86,242,1089,91),(11141,1,0,13.5,1,86,242,1159,93),(11142,1,0,12.5,1,86,242,1163,93),(11143,1,0,14,1,86,242,1165,93),(11144,1,0,12,1,86,242,1193,93),(11145,1,0,13.5,1,86,242,1197,93),(11146,1,0,14,1,86,242,1204,93),(11147,1,0,13,1,86,242,1103,93),(11148,1,0,15,1,86,242,1234,93),(11149,1,0,14.5,1,86,242,1250,93),(11150,1,0,14.5,1,86,242,1053,93),(11151,1,0,14,1,86,242,1061,93),(11152,1,0,14.5,1,86,242,1145,94),(11153,1,0,16.5,1,86,242,1159,94),(11154,1,0,17,1,86,242,1163,94),(11155,1,0,18.5,1,86,242,1165,94),(11156,1,0,9,1,86,242,1193,94),(11157,1,0,12.5,1,86,242,1197,94),(11158,1,0,16.5,1,86,242,1204,94),(11159,1,0,15.5,1,86,242,1103,94),(11160,1,0,17.5,1,86,242,1234,94),(11161,1,0,12.5,1,86,242,1250,94),(11162,1,0,10.5,1,86,242,1053,94),(11163,1,0,11.5,1,86,242,1061,94),(11164,1,0,7,1,86,242,1089,94),(11165,1,1,14.5,1,86,242,1193,94),(11166,1,1,1,1,86,242,4557,94),(11201,1,0,11,1,86,210,1145,91),(11202,1,0,6,1,86,210,1159,91),(11203,1,0,10.5,1,86,210,1163,91),(11204,1,0,9.5,1,86,210,1165,91),(11205,1,0,11.5,1,86,210,1197,91),(11206,1,0,11.5,1,86,210,1204,91),(11207,1,0,10.5,1,86,210,1234,91),(11208,1,0,10,1,86,210,1250,91),(11209,1,0,3,1,86,210,1061,91),(11210,1,0,14.5,1,86,210,1145,93),(11211,1,0,12,1,86,210,1159,93),(11212,1,0,13.5,1,86,210,1163,93),(11213,1,0,12,1,86,210,1165,93),(11214,1,0,13.5,1,86,210,1197,93),(11215,1,0,12.5,1,86,210,1204,93),(11216,1,0,14.5,1,86,210,1234,93),(11217,1,0,14.5,1,86,210,1250,93),(11218,1,0,13.5,1,86,210,1061,93),(11219,1,0,9,1,86,210,1145,92),(11220,1,0,12,1,86,210,1159,92),(11221,1,0,9,1,86,210,1163,92),(11222,1,0,12.5,1,86,210,1165,92),(11223,1,0,15.5,1,86,210,1197,92),(11224,1,0,10,1,86,210,1204,92),(11225,1,0,14.25,1,86,210,1234,92),(11226,1,0,12.5,1,86,210,1250,92),(11227,1,0,9,1,86,210,1061,92),(11228,1,0,4.25,1,86,210,1145,94),(11229,1,0,6.25,1,86,210,1159,94),(11230,1,0,10,1,86,210,1163,94),(11231,1,0,8.25,1,86,210,1165,94),(11232,1,0,7.5,1,86,210,1193,94),(11233,1,0,8.5,1,86,210,1197,94),(11234,1,0,5.5,1,86,210,1204,94),(11235,1,0,10,1,86,210,1103,94),(11236,1,0,4.5,1,86,210,1234,94),(11237,1,0,6.75,1,86,210,1250,94),(11238,1,0,10.25,1,86,211,1145,91),(11239,1,0,11.25,1,86,211,1159,91),(11240,1,0,10.25,1,86,211,1163,91),(11241,1,0,10.5,1,86,211,1165,91),(11242,1,0,9.75,1,86,211,1193,91),(11243,1,0,10.75,1,86,211,1197,91),(11244,1,0,11,1,86,211,1204,91),(11245,1,0,11.25,1,86,211,1103,91),(11246,1,0,8.75,1,86,211,1234,91),(11247,1,0,8,1,86,211,1250,91),(11248,1,0,10,1,86,211,1053,91),(11249,1,0,10,1,86,211,1061,91),(11250,1,0,14,1,86,211,1145,93),(11251,1,0,13.5,1,86,211,1159,93),(11252,1,0,12.5,1,86,211,1163,93),(11253,1,0,14,1,86,211,1165,93),(11254,1,0,14,1,86,211,1193,93),(11255,1,0,12.5,1,86,211,1197,93),(11256,1,0,13.5,1,86,211,1204,93),(11257,1,0,13.5,1,86,211,1103,93),(11258,1,0,16,1,86,211,1234,93),(11259,1,0,14,1,86,211,1250,93),(11260,1,0,16,1,86,211,1053,93),(11261,1,0,13.5,1,86,211,1061,93),(11262,1,0,13.5,1,86,211,1145,92),(11263,1,0,13.5,1,86,211,1159,92),(11264,1,0,11,1,86,211,1163,92),(11265,1,0,15,1,86,211,1165,92),(11266,1,0,15,1,86,211,1193,92),(11267,1,0,11,1,86,211,1197,92),(11268,1,0,13.5,1,86,211,1204,92),(11269,1,0,14,1,86,211,1103,92),(11270,1,0,15,1,86,211,1234,92),(11271,1,0,13.5,1,86,211,1250,92),(11272,1,0,15,1,86,211,1053,92),(11273,1,0,14,1,86,211,1061,92),(11274,1,0,9.5,1,86,211,1145,94),(11275,1,0,8.5,1,86,211,1159,94),(11276,1,0,10,1,86,211,1163,94),(11277,1,0,11.75,1,86,211,1165,94),(11278,1,0,9.75,1,86,211,1193,94),(11279,1,0,9.25,1,86,211,1197,94),(11280,1,0,9.75,1,86,211,1204,94),(11281,1,0,9.25,1,86,211,1103,94),(11282,1,0,12.5,1,86,211,1234,94),(11283,1,0,12.5,1,86,211,1250,94),(11284,1,0,10.5,1,86,211,1053,94),(11285,1,0,3.5,1,86,211,1061,94),(11286,1,0,12.5,1,86,247,1145,91),(11287,1,0,10,1,86,247,1159,91),(11288,1,0,14,1,86,247,1163,91),(11289,1,0,13,1,86,247,1165,91),(11290,1,0,10.75,1,86,247,1193,91),(11291,1,0,13.75,1,86,247,1197,91),(11292,1,0,13,1,86,247,1204,91),(11293,1,0,9.75,1,86,247,1103,91),(11294,1,0,13.5,1,86,247,1234,91),(11295,1,0,12.75,1,86,247,1250,91),(11296,1,0,10,1,86,247,1053,91),(11297,1,0,8.75,1,86,247,1061,91),(11298,1,0,15,1,86,247,1145,93),(11299,1,0,16,1,86,247,1159,93),(11300,1,0,14.5,1,86,247,1163,93),(11301,1,0,14.5,1,86,247,1165,93),(11302,1,0,15,1,86,247,1193,93),(11303,1,0,15,1,86,247,1197,93),(11304,1,0,15,1,86,247,1204,93),(11305,1,0,14.5,1,86,247,1103,93),(11306,1,0,14.5,1,86,247,1234,93),(11307,1,0,16,1,86,247,1250,93),(11308,1,0,16,1,86,247,1053,93),(11309,1,0,16,1,86,247,1061,93),(11310,1,0,7.25,1,86,247,1145,94),(11311,1,0,11.5,1,86,247,1159,94),(11312,1,0,10.5,1,86,247,1163,94),(11313,1,0,8.75,1,86,247,1165,94),(11314,1,0,7.75,1,86,247,1193,94),(11315,1,0,9.5,1,86,247,1197,94),(11316,1,0,9.5,1,86,247,1204,94),(11317,1,0,11,1,86,247,1103,94),(11318,1,0,8.5,1,86,247,1234,94),(11319,1,0,8.5,1,86,247,1250,94),(11320,1,0,6.25,1,86,248,1145,91),(11321,1,0,6.5,1,86,248,1159,91),(11322,1,0,11,1,86,248,1163,91),(11323,1,0,9.75,1,86,248,1165,91),(11324,1,0,8,1,86,248,1193,91),(11325,1,0,10,1,86,248,1197,91),(11326,1,0,8.25,1,86,248,1204,91),(11327,1,0,10.75,1,86,248,1103,91),(11328,1,0,8.5,1,86,248,1234,91),(11329,1,0,9,1,86,248,1250,91),(11330,1,0,9.25,1,86,248,1053,91),(11331,1,0,7.25,1,86,248,1061,91),(11332,1,0,15.5,1,86,248,1145,93),(11333,1,0,12.5,1,86,248,1159,93),(11334,1,0,14.5,1,86,248,1163,93),(11335,1,0,14.5,1,86,248,1165,93),(11336,1,0,15.5,1,86,248,1193,93),(11337,1,0,15.5,1,86,248,1197,93),(11338,1,0,15.5,1,86,248,1204,93),(11339,1,0,14.5,1,86,248,1103,93),(11340,1,0,14.5,1,86,248,1234,93),(11341,1,0,12.5,1,86,248,1250,93),(11342,1,0,12.5,1,86,248,1053,93),(11343,1,0,12.5,1,86,248,1061,93),(11344,1,0,6.25,1,86,248,1145,94),(11345,1,0,8.75,1,86,248,1159,94),(11346,1,0,9,1,86,248,1163,94),(11347,1,0,11.25,1,86,248,1165,94),(11348,1,0,11,1,86,248,1193,94),(11349,1,0,7.75,1,86,248,1197,94),(11350,1,0,12.5,1,86,248,1204,94),(11351,1,0,9.5,1,86,248,1103,94),(11352,1,0,10.75,1,86,248,1234,94),(11353,1,0,9.75,1,86,248,1250,94),(11354,1,0,8.25,1,86,248,1053,94),(11355,1,0,7.25,1,86,248,1061,94),(11356,1,0,15.5,1,86,249,1145,91),(11357,1,0,15.5,1,86,249,1159,91),(11358,1,0,13.5,1,86,249,1163,91),(11359,1,0,13.5,1,86,249,1165,91),(11360,1,0,14.5,1,86,249,1193,91),(11361,1,0,13.5,1,86,249,1197,91),(11362,1,0,15.5,1,86,249,1204,91),(11363,1,0,14.5,1,86,249,1103,91),(11364,1,0,14.5,1,86,249,1234,91),(11365,1,0,13.5,1,86,249,1250,91),(11366,1,0,14.5,1,86,249,1053,91),(11367,1,0,15.5,1,86,249,1061,91),(11368,1,0,18.5,1,86,249,1145,93),(11369,1,0,18.5,1,86,249,1159,93),(11370,1,0,17,1,86,249,1163,93),(11371,1,0,17,1,86,249,1165,93),(11372,1,0,17,1,86,249,1193,93),(11373,1,0,17,1,86,249,1197,93),(11374,1,0,18.5,1,86,249,1204,93),(11375,1,0,17,1,86,249,1103,93),(11376,1,0,17,1,86,249,1234,93),(11377,1,0,17,1,86,249,1250,93),(11378,1,0,17,1,86,249,1053,93),(11379,1,0,18.5,1,86,249,1061,93),(11380,1,0,18.5,1,86,249,1145,94),(11381,1,0,18.5,1,86,249,1159,94),(11382,1,0,17,1,86,249,1163,94),(11383,1,0,17,1,86,249,1165,94),(11384,1,0,17,1,86,249,1193,94),(11385,1,0,17,1,86,249,1197,94),(11386,1,0,18.5,1,86,249,1204,94),(11387,1,0,17,1,86,249,1103,94),(11388,1,0,17,1,86,249,1234,94),(11389,1,0,17,1,86,249,1250,94),(11390,1,0,17,1,86,249,1053,94),(11391,1,0,18.5,1,86,249,1061,94),(11428,1,0,8,1,86,243,1145,94),(11429,1,0,7.75,1,86,243,1159,94),(11430,1,0,14,1,86,243,1163,94),(11431,1,0,13.5,1,86,243,1165,94),(11432,1,0,14,1,86,243,1193,94),(11433,1,0,7.75,1,86,243,1197,94),(11434,1,0,8.5,1,86,243,1204,94),(11435,1,0,15,1,86,243,1103,94),(11436,1,0,16.75,1,86,243,1234,94),(11437,1,0,12,1,86,243,1250,94),(11438,1,0,15.75,1,86,243,1053,94),(11439,1,0,6.5,1,86,243,1061,94),(11440,1,0,10,1,86,243,1145,93),(11441,1,0,13,1,86,243,1159,93),(11442,1,0,12.5,1,86,243,1163,93),(11443,1,0,11.5,1,86,243,1165,93),(11444,1,0,13,1,86,243,1193,93),(11445,1,0,13,1,86,243,1197,93),(11446,1,0,12.5,1,86,243,1204,93),(11447,1,0,13,1,86,243,1103,93),(11448,1,0,15.5,1,86,243,1234,93),(11449,1,0,11.5,1,86,243,1250,93),(11450,1,0,10,1,86,243,1061,93),(11451,1,0,10,1,86,243,1145,91),(11452,1,0,11,1,86,243,1159,91),(11453,1,0,14,1,86,243,1163,91),(11454,1,0,13.5,1,86,243,1165,91),(11455,1,0,13.5,1,86,243,1193,91),(11456,1,0,12.5,1,86,243,1197,91),(11457,1,0,12.5,1,86,243,1204,91),(11458,1,0,13.75,1,86,243,1103,91),(11459,1,0,15.75,1,86,243,1234,91),(11460,1,0,12.5,1,86,243,1250,91),(11461,1,0,14.25,1,86,243,1053,91),(11462,1,0,10.5,1,86,243,1061,91),(11463,1,0,10,1,86,246,1145,91),(11464,1,0,10.5,1,86,246,1159,91),(11465,1,0,15,1,86,246,1163,91),(11466,1,0,17,1,86,246,1165,91),(11467,1,0,10.5,1,86,246,1193,91),(11468,1,0,11,1,86,246,1197,91),(11469,1,0,18,1,86,246,1204,91),(11470,1,0,16,1,86,246,1103,91),(11471,1,0,11.5,1,86,246,1234,91),(11472,1,0,13,1,86,246,1250,91),(11473,1,0,12,1,86,246,1053,91),(11474,1,0,11,1,86,246,1061,91),(11475,1,0,5,1,86,246,1145,93),(11476,1,0,5,1,86,246,1159,93),(11477,1,0,14,1,86,246,1163,93),(11478,1,0,15,1,86,246,1165,93),(11479,1,0,15,1,86,246,1193,93),(11480,1,0,14,1,86,246,1197,93),(11481,1,0,14,1,86,246,1204,93),(11482,1,0,5,1,86,246,1103,93),(11483,1,0,12.5,1,86,246,1234,93),(11484,1,0,15,1,86,246,1250,93),(11485,1,0,12.5,1,86,246,1053,93),(11486,1,0,12.5,1,86,246,1061,93),(11487,1,0,10,1,86,246,1145,94),(11488,1,0,7,1,86,246,1159,94),(11489,1,0,12.5,1,86,246,1163,94),(11490,1,0,12,1,86,246,1165,94),(11491,1,0,13.5,1,86,246,1193,94),(11492,1,0,13,1,86,246,1197,94),(11493,1,0,16.5,1,86,246,1204,94),(11494,1,0,16,1,86,246,1103,94),(11495,1,0,15.5,1,86,246,1234,94),(11496,1,0,11,1,86,246,1250,94),(11497,1,0,13.5,1,86,246,1053,94),(11498,1,0,7.5,1,86,246,1061,94),(11499,1,1,13.5,1,86,246,1145,94),(11500,1,1,11,1,86,246,1159,94),(11501,1,1,8.5,1,86,246,1061,94),(11551,1,0,11.25,1,86,316,1145,91),(11552,1,0,10.25,1,86,316,1159,91),(11553,1,0,10.75,1,86,316,1163,91),(11554,1,0,15.5,1,86,316,1165,91),(11555,1,0,7.5,1,86,316,1193,91),(11556,1,0,11.25,1,86,316,1197,91),(11557,1,0,14.5,1,86,316,1204,91),(11558,1,0,11,1,86,316,1103,91),(11559,1,0,11.25,1,86,316,1234,91),(11560,1,0,13,1,86,316,1250,91),(11561,1,0,4.75,1,86,316,1061,91),(11562,1,0,10.5,1,86,316,1089,91),(11563,1,0,8,1,86,316,1145,93),(11564,1,0,16,1,86,316,1159,93),(11565,1,0,12.5,1,86,316,1163,93),(11566,1,0,16.5,1,86,316,1165,93),(11567,1,0,16,1,86,316,1193,93),(11568,1,0,16,1,86,316,1197,93),(11569,1,0,16,1,86,316,1204,93),(11570,1,0,12.5,1,86,316,1103,93),(11571,1,0,15,1,86,316,1234,93),(11572,1,0,16.5,1,86,316,1250,93),(11573,1,0,8.5,1,86,316,1061,93),(11574,1,0,8,1,86,316,1089,93),(11575,1,0,7,1,86,316,1145,94),(11576,1,0,5.5,1,86,316,1159,94),(11577,1,0,7,1,86,316,1163,94),(11578,1,0,14.5,1,86,316,1165,94),(11579,1,0,8.5,1,86,316,1193,94),(11580,1,0,12,1,86,316,1197,94),(11581,1,0,7,1,86,316,1204,94),(11582,1,0,8.5,1,86,316,1103,94),(11583,1,0,6,1,86,316,1234,94),(11584,1,0,7,1,86,316,1250,94),(11585,1,0,5.5,1,86,316,1061,94),(11586,1,0,3.5,1,86,316,1089,94),(11587,1,1,7,1,86,316,1145,94),(11588,1,1,12.5,1,86,316,1159,94),(11589,1,1,13,1,86,316,1163,94),(11590,1,1,13,1,86,316,1193,94),(11591,1,1,12,1,86,316,1234,94),(11592,1,1,6.25,1,86,316,1061,94),(11593,1,1,6.5,1,86,316,1089,94),(11596,1,0,13,1,86,206,1143,91),(11597,1,0,11.5,1,86,206,1147,91),(11598,1,0,14.5,1,86,206,1151,91),(11599,1,0,7.5,1,86,206,1161,91),(11600,1,0,7.5,1,86,206,1167,91),(11601,1,0,11,1,86,206,1169,91),(11602,1,0,13.5,1,86,206,1171,91),(11603,1,0,14.5,1,86,206,1175,91),(11604,1,0,12,1,86,206,1179,91),(11605,1,0,9.5,1,86,206,1187,91),(11606,1,0,5,1,86,206,1189,91),(11607,1,0,12.5,1,86,206,1191,91),(11608,1,0,11,1,86,206,1095,91),(11609,1,0,8,1,86,206,1211,91),(11610,1,0,10,1,86,206,1213,91),(11611,1,0,9,1,86,206,1219,91),(11612,1,0,8,1,86,206,1223,91),(11613,1,0,8.5,1,86,206,1225,91),(11614,1,0,6,1,86,206,1227,91),(11615,1,0,12.5,1,86,206,1230,91),(11616,1,0,10,1,86,206,1240,91),(11617,1,0,7,1,86,206,1242,91),(11618,1,0,10,1,86,206,1244,91),(11619,1,0,15.5,1,86,206,1248,91),(11620,1,0,14,1,86,206,1143,93),(11621,1,0,13,1,86,206,1147,93),(11622,1,0,15,1,86,206,1151,93),(11623,1,0,12.5,1,86,206,1161,93),(11624,1,0,12,1,86,206,1167,93),(11625,1,0,12.5,1,86,206,1169,93),(11626,1,0,14.5,1,86,206,1171,93),(11627,1,0,12.5,1,86,206,1175,93),(11628,1,0,13,1,86,206,1179,93),(11629,1,0,12.5,1,86,206,1187,93),(11630,1,0,13.5,1,86,206,1189,93),(11631,1,0,13,1,86,206,1191,93),(11632,1,0,13.5,1,86,206,1095,93),(11633,1,0,14,1,86,206,1211,93),(11634,1,0,12.5,1,86,206,1213,93),(11635,1,0,13.5,1,86,206,1219,93),(11636,1,0,12.5,1,86,206,1223,93),(11637,1,0,13.5,1,86,206,1225,93),(11638,1,0,12.5,1,86,206,1227,93),(11639,1,0,14.5,1,86,206,1230,93),(11640,1,0,13.5,1,86,206,1240,93),(11641,1,0,12,1,86,206,1242,93),(11642,1,0,12.5,1,86,206,1244,93),(11643,1,0,15,1,86,206,1248,93),(11644,1,0,8,1,86,206,1143,94),(11645,1,0,13.5,1,86,206,1147,94),(11646,1,0,8.5,1,86,206,1151,94),(11647,1,0,13,1,86,206,1161,94),(11648,1,0,8.5,1,86,206,1167,94),(11649,1,0,11.5,1,86,206,1169,94),(11650,1,0,12.5,1,86,206,1171,94),(11651,1,0,13,1,86,206,1175,94),(11652,1,0,14.5,1,86,206,1179,94),(11653,1,0,8,1,86,206,1187,94),(11654,1,0,10.5,1,86,206,1189,94),(11655,1,0,14.75,1,86,206,1191,94),(11656,1,0,6.5,1,86,206,1095,94),(11657,1,0,7.5,1,86,206,1211,94),(11658,1,0,12.5,1,86,206,1213,94),(11659,1,0,15,1,86,206,1219,94),(11660,1,0,14.5,1,86,206,1223,94),(11661,1,0,12.5,1,86,206,1225,94),(11662,1,0,12.5,1,86,206,1227,94),(11663,1,0,12,1,86,206,1230,94),(11664,1,0,11.75,1,86,206,1240,94),(11665,1,0,10,1,86,206,1242,94),(11666,1,0,13,1,86,206,1244,94),(11667,1,0,13.5,1,86,206,1248,94),(11668,1,0,5,1,86,214,1143,91),(11669,1,0,11,1,86,214,1147,91),(11670,1,0,10,1,86,214,1151,91),(11671,1,0,10,1,86,214,1161,91),(11672,1,0,9,1,86,214,1167,91),(11673,1,0,9,1,86,214,1169,91),(11674,1,0,11,1,86,214,1171,91),(11675,1,0,10,1,86,214,1175,91),(11676,1,0,11,1,86,214,1179,91),(11677,1,0,12,1,86,214,1187,91),(11678,1,0,7,1,86,214,1189,91),(11679,1,0,10,1,86,214,1191,91),(11680,1,0,7,1,86,214,1095,91),(11681,1,0,3,1,86,214,1211,91),(11682,1,0,9,1,86,214,1213,91),(11683,1,0,7,1,86,214,1219,91),(11684,1,0,10,1,86,214,1223,91),(11685,1,0,7,1,86,214,1225,91),(11686,1,0,8,1,86,214,1227,91),(11687,1,0,9,1,86,214,1230,91),(11688,1,0,11,1,86,214,1240,91),(11689,1,0,7,1,86,214,1242,91),(11690,1,0,9,1,86,214,1244,91),(11691,1,0,9,1,86,214,1248,91),(11692,1,0,7,1,86,214,1055,91),(11693,1,0,5,1,86,214,1123,91),(11694,1,0,2,1,86,214,1125,91),(11695,1,0,19,1,86,214,1143,93),(11696,1,0,17.5,1,86,214,1147,93),(11697,1,0,19,1,86,214,1151,93),(11698,1,0,19,1,86,214,1161,93),(11699,1,0,17,1,86,214,1167,93),(11700,1,0,17.5,1,86,214,1169,93),(11701,1,0,18.5,1,86,214,1171,93),(11702,1,0,17,1,86,214,1175,93),(11703,1,0,18.5,1,86,214,1179,93),(11704,1,0,18,1,86,214,1187,93),(11705,1,0,18.5,1,86,214,1189,93),(11706,1,0,17,1,86,214,1191,93),(11707,1,0,17,1,86,214,1095,93),(11708,1,0,17,1,86,214,1211,93),(11709,1,0,18,1,86,214,1213,93),(11710,1,0,19,1,86,214,1219,93),(11711,1,0,18,1,86,214,1223,93),(11712,1,0,18.5,1,86,214,1225,93),(11713,1,0,18.5,1,86,214,1227,93),(11714,1,0,17,1,86,214,1230,93),(11715,1,0,18.5,1,86,214,1240,93),(11716,1,0,18.5,1,86,214,1242,93),(11717,1,0,19,1,86,214,1244,93),(11718,1,0,18,1,86,214,1248,93),(11719,1,0,17.5,1,86,214,1055,93),(11720,1,0,18,1,86,214,1123,93),(11721,1,0,17,1,86,214,1125,93),(11722,1,0,11.5,1,86,214,1143,94),(11723,1,0,9.5,1,86,214,1147,94),(11724,1,0,9.5,1,86,214,1151,94),(11725,1,0,11.5,1,86,214,1161,94),(11726,1,0,5.5,1,86,214,1167,94),(11727,1,0,9,1,86,214,1169,94),(11728,1,0,8.5,1,86,214,1171,94),(11729,1,0,6.5,1,86,214,1175,94),(11730,1,0,11.5,1,86,214,1179,94),(11731,1,0,6.5,1,86,214,1187,94),(11732,1,0,1.5,1,86,214,1189,94),(11733,1,0,9.5,1,86,214,1191,94),(11734,1,0,5,1,86,214,1095,94),(11735,1,0,11,1,86,214,1211,94),(11736,1,0,5,1,86,214,1213,94),(11737,1,0,4.5,1,86,214,1219,94),(11738,1,0,6,1,86,214,1223,94),(11739,1,0,12,1,86,214,1225,94),(11740,1,0,6.5,1,86,214,1227,94),(11741,1,0,6,1,86,214,1230,94),(11742,1,0,9.5,1,86,214,1240,94),(11743,1,0,7,1,86,214,1242,94),(11744,1,0,7.5,1,86,214,1244,94),(11745,1,0,2,1,86,214,1055,94),(11746,1,0,5,1,86,214,1123,94),(11747,1,0,4,1,86,214,1125,94),(11748,1,1,10,1,86,214,1167,94),(11749,1,1,14.5,1,86,214,1175,94),(11750,1,1,10,1,86,214,1189,94),(11751,1,1,7,1,86,214,1095,94),(11752,1,1,7,1,86,214,1211,94),(11753,1,1,10,1,86,214,1213,94),(11754,1,1,6.5,1,86,214,1219,94),(11755,1,1,17.5,1,86,214,1223,94),(11756,1,1,7,1,86,214,1227,94),(11757,1,1,10.5,1,86,214,1230,94),(11758,1,1,11,1,86,214,1242,94),(11759,1,1,6.5,1,86,214,1248,94),(11760,1,1,3,1,86,214,1055,94),(11761,1,1,9.5,1,86,214,1123,94),(11762,1,1,6.5,1,86,214,1125,94),(11763,1,0,5,1,86,207,1143,91),(11764,1,0,10.5,1,86,207,1147,91),(11765,1,0,10,1,86,207,1151,91),(11766,1,0,14,1,86,207,1161,91),(11767,1,0,9,1,86,207,1167,91),(11768,1,0,5.5,1,86,207,1169,91),(11769,1,0,5,1,86,207,1171,91),(11770,1,0,8.5,1,86,207,1175,91),(11771,1,0,11,1,86,207,1179,91),(11772,1,0,9,1,86,207,1187,91),(11773,1,0,9.5,1,86,207,1189,91),(11774,1,0,9,1,86,207,1191,91),(11775,1,0,8.5,1,86,207,1095,91),(11776,1,0,6,1,86,207,1211,91),(11777,1,0,6.5,1,86,207,1213,91),(11778,1,0,8.5,1,86,207,1219,91),(11779,1,0,10.5,1,86,207,1223,91),(11780,1,0,12,1,86,207,1225,91),(11781,1,0,6,1,86,207,1227,91),(11782,1,0,10,1,86,207,1230,91),(11783,1,0,6.5,1,86,207,1240,91),(11784,1,0,10,1,86,207,1242,91),(11785,1,0,6.5,1,86,207,1244,91),(11786,1,0,11,1,86,207,1248,91),(11787,1,0,16,1,86,207,1143,93),(11788,1,0,14.5,1,86,207,1147,93),(11789,1,0,16.5,1,86,207,1151,93),(11790,1,0,17,1,86,207,1161,93),(11791,1,0,13,1,86,207,1167,93),(11792,1,0,15,1,86,207,1169,93),(11793,1,0,14.5,1,86,207,1171,93),(11794,1,0,15.5,1,86,207,1175,93),(11795,1,0,14,1,86,207,1179,93),(11796,1,0,14.5,1,86,207,1187,93),(11797,1,0,16.5,1,86,207,1189,93),(11798,1,0,15,1,86,207,1191,93),(11799,1,0,14.5,1,86,207,1095,93),(11800,1,0,14,1,86,207,1211,93),(11801,1,0,15,1,86,207,1213,93),(11802,1,0,15,1,86,207,1219,93),(11803,1,0,15,1,86,207,1223,93),(11804,1,0,14.5,1,86,207,1225,93),(11805,1,0,14.5,1,86,207,1227,93),(11806,1,0,16,1,86,207,1230,93),(11807,1,0,15,1,86,207,1240,93),(11808,1,0,15,1,86,207,1242,93),(11809,1,0,16,1,86,207,1244,93),(11810,1,0,16,1,86,207,1248,93),(11811,1,0,3,1,86,207,1143,94),(11812,1,0,10.5,1,86,207,1147,94),(11813,1,0,12,1,86,207,1151,94),(11814,1,0,8,1,86,207,1161,94),(11815,1,0,6.5,1,86,207,1167,94),(11816,1,0,6,1,86,207,1169,94),(11817,1,0,6,1,86,207,1171,94),(11818,1,0,7,1,86,207,1175,94),(11819,1,0,8,1,86,207,1179,94),(11820,1,0,8.5,1,86,207,1187,94),(11821,1,0,8,1,86,207,1189,94),(11822,1,0,11,1,86,207,1191,94),(11823,1,0,2,1,86,207,1095,94),(11824,1,0,5,1,86,207,1211,94),(11825,1,0,10,1,86,207,1213,94),(11826,1,0,4.5,1,86,207,1219,94),(11827,1,0,15.5,1,86,207,1223,94),(11828,1,0,12,1,86,207,1225,94),(11829,1,0,2.5,1,86,207,1227,94),(11830,1,0,10.5,1,86,207,1230,94),(11831,1,0,16,1,86,207,1240,94),(11832,1,0,8,1,86,207,1242,94),(11833,1,0,6.5,1,86,207,1244,94),(11834,1,0,10.5,1,86,207,1248,94),(11835,1,1,17,1,86,207,1143,94),(11836,1,1,13.5,1,86,207,1161,94),(11837,1,1,10,1,86,207,1167,94),(11838,1,1,10.5,1,86,207,1169,94),(11839,1,1,15,1,86,207,1171,94),(11840,1,1,15,1,86,207,1175,94),(11841,1,1,17.5,1,86,207,1187,94),(11842,1,1,13.5,1,86,207,1095,94),(11843,1,1,4,1,86,207,1211,94),(11844,1,1,13,1,86,207,1213,94),(11845,1,1,17,1,86,207,1219,94),(11846,1,1,9.5,1,86,207,1227,94),(11847,1,1,15,1,86,207,1244,94),(11872,1,0,10.5,1,86,215,1143,91),(11873,1,0,17,1,86,215,1147,91),(11874,1,0,14.5,1,86,215,1151,91),(11875,1,0,10,1,86,215,1161,91),(11876,1,0,12.5,1,86,215,1167,91),(11877,1,0,18,1,86,215,1169,91),(11878,1,0,11,1,86,215,1171,91),(11879,1,0,12.5,1,86,215,1175,91),(11880,1,0,17,1,86,215,1179,91),(11881,1,0,17,1,86,215,1187,91),(11882,1,0,8.5,1,86,215,1189,91),(11883,1,0,10,1,86,215,1191,91),(11884,1,0,6,1,86,215,1095,91),(11885,1,0,6,1,86,215,1211,91),(11886,1,0,15.5,1,86,215,1213,91),(11887,1,0,12.5,1,86,215,1219,91),(11888,1,0,12.5,1,86,215,1223,91),(11889,1,0,12,1,86,215,1225,91),(11890,1,0,10.5,1,86,215,1227,91),(11891,1,0,14,1,86,215,1230,91),(11892,1,0,14.5,1,86,215,1240,91),(11893,1,0,15.5,1,86,215,1242,91),(11894,1,0,18,1,86,215,1244,91),(11895,1,0,17,1,86,215,1248,91),(11896,1,0,10.5,1,86,215,1143,93),(11897,1,0,17,1,86,215,1147,93),(11898,1,0,14.5,1,86,215,1151,93),(11899,1,0,10,1,86,215,1161,93),(11900,1,0,12.5,1,86,215,1167,93),(11901,1,0,18,1,86,215,1169,93),(11902,1,0,11,1,86,215,1171,93),(11903,1,0,12.5,1,86,215,1175,93),(11904,1,0,17,1,86,215,1179,93),(11905,1,0,17,1,86,215,1187,93),(11906,1,0,8.5,1,86,215,1189,93),(11907,1,0,10,1,86,215,1191,93),(11908,1,0,14,1,86,215,1095,93),(11909,1,0,6,1,86,215,1211,93),(11910,1,0,15.5,1,86,215,1213,93),(11911,1,0,12.5,1,86,215,1219,93),(11912,1,0,12.5,1,86,215,1223,93),(11913,1,0,12,1,86,215,1225,93),(11914,1,0,10.5,1,86,215,1227,93),(11915,1,0,14,1,86,215,1230,93),(11916,1,0,14.5,1,86,215,1240,93),(11917,1,0,15.5,1,86,215,1242,93),(11918,1,0,18,1,86,215,1244,93),(11919,1,0,17,1,86,215,1248,93),(11920,1,0,12,1,86,215,1147,94),(11921,1,0,2,1,86,215,1161,94),(11922,1,0,5.5,1,86,215,1167,94),(11923,1,0,10,1,86,215,1169,94),(11924,1,0,13,1,86,215,1171,94),(11925,1,0,9,1,86,215,1175,94),(11926,1,0,9,1,86,215,1179,94),(11927,1,0,3,1,86,215,1187,94),(11928,1,0,4.5,1,86,215,1189,94),(11929,1,0,11,1,86,215,1191,94),(11930,1,0,6,1,86,215,1095,94),(11931,1,0,1.5,1,86,215,1213,94),(11932,1,0,2,1,86,215,1219,94),(11933,1,0,13.5,1,86,215,1223,94),(11934,1,0,13.5,1,86,215,1225,94),(11935,1,0,4.5,1,86,215,1230,94),(11936,1,0,11,1,86,215,1240,94),(11937,1,0,9,1,86,215,1242,94),(11938,1,0,5,1,86,215,1244,94),(11939,1,0,4,1,86,215,1248,94),(11940,1,1,14,1,86,215,1161,94),(11941,1,1,13,1,86,215,1167,94),(11942,1,1,14,1,86,215,1213,94),(11943,1,1,15,1,86,215,1219,94),(11944,1,1,7,1,86,215,1230,94),(11945,1,0,9.5,1,86,211,1143,91),(11946,1,0,11.25,1,86,211,1147,91),(11947,1,0,10.75,1,86,211,1151,91),(11948,1,0,9.75,1,86,211,1161,91),(11949,1,0,9.25,1,86,211,1167,91),(11950,1,0,12.25,1,86,211,1169,91),(11951,1,0,6.75,1,86,211,1171,91),(11952,1,0,11.5,1,86,211,1175,91),(11953,1,0,8,1,86,211,1179,91),(11954,1,0,7.5,1,86,211,1187,91),(11955,1,0,8.5,1,86,211,1189,91),(11956,1,0,10.5,1,86,211,1191,91),(11957,1,0,10,1,86,211,1095,91),(11958,1,0,9.75,1,86,211,1211,91),(11959,1,0,9.75,1,86,211,1213,91),(11960,1,0,9,1,86,211,1219,91),(11961,1,0,8.25,1,86,211,1223,91),(11962,1,0,9.75,1,86,211,1225,91),(11963,1,0,10.25,1,86,211,1227,91),(11964,1,0,10.5,1,86,211,1230,91),(11965,1,0,10.25,1,86,211,1240,91),(11966,1,0,8.75,1,86,211,1242,91),(11967,1,0,9.25,1,86,211,1244,91),(11968,1,0,9,1,86,211,1248,91),(11969,1,0,14,1,86,211,1143,93),(11970,1,0,16,1,86,211,1147,93),(11971,1,0,13.5,1,86,211,1151,93),(11972,1,0,12.5,1,86,211,1161,93),(11973,1,0,14,1,86,211,1167,93),(11974,1,0,14,1,86,211,1169,93),(11975,1,0,16,1,86,211,1171,93),(11976,1,0,13.5,1,86,211,1175,93),(11977,1,0,13.5,1,86,211,1179,93),(11978,1,0,12.5,1,86,211,1187,93),(11979,1,0,14,1,86,211,1189,93),(11980,1,0,14,1,86,211,1191,93),(11981,1,0,16,1,86,211,1095,93),(11982,1,0,12.5,1,86,211,1211,93),(11983,1,0,14,1,86,211,1213,93),(11984,1,0,14,1,86,211,1219,93),(11985,1,0,16,1,86,211,1223,93),(11986,1,0,13.5,1,86,211,1225,93),(11987,1,0,13.5,1,86,211,1227,93),(11988,1,0,14,1,86,211,1230,93),(11989,1,0,16,1,86,211,1240,93),(11990,1,0,13.5,1,86,211,1242,93),(11991,1,0,12.5,1,86,211,1244,93),(11992,1,0,14,1,86,211,1248,93),(11993,1,0,13.5,1,86,211,1143,92),(11994,1,0,15,1,86,211,1147,92),(11995,1,0,13.5,1,86,211,1151,92),(11996,1,0,11,1,86,211,1161,92),(11997,1,0,15,1,86,211,1167,92),(11998,1,0,13.5,1,86,211,1169,92),(11999,1,0,15,1,86,211,1171,92),(12000,1,0,14,1,86,211,1175,92),(12001,1,0,13.5,1,86,211,1179,92),(12002,1,0,11,1,86,211,1187,92),(12003,1,0,15,1,86,211,1189,92),(12004,1,0,13.5,1,86,211,1191,92),(12005,1,0,15,1,86,211,1095,92),(12006,1,0,11,1,86,211,1211,92),(12007,1,0,15,1,86,211,1213,92),(12008,1,0,13.5,1,86,211,1219,92),(12009,1,0,15,1,86,211,1223,92),(12010,1,0,14,1,86,211,1225,92),(12011,1,0,13.5,1,86,211,1227,92),(12012,1,0,13.5,1,86,211,1230,92),(12013,1,0,15,1,86,211,1240,92),(12014,1,0,13.5,1,86,211,1242,92),(12015,1,0,11,1,86,211,1244,92),(12016,1,0,15,1,86,211,1248,92),(12017,1,0,8.75,1,86,211,1143,94),(12018,1,0,11.75,1,86,211,1147,94),(12019,1,0,14.75,1,86,211,1151,94),(12020,1,0,11.75,1,86,211,1167,94),(12021,1,0,11.25,1,86,211,1169,94),(12022,1,0,13.5,1,86,211,1171,94),(12023,1,0,11.25,1,86,211,1175,94),(12024,1,0,12,1,86,211,1179,94),(12025,1,0,5.75,1,86,211,1187,94),(12026,1,0,7.5,1,86,211,1189,94),(12027,1,0,14,1,86,211,1191,94),(12028,1,0,12,1,86,211,1095,94),(12029,1,0,7,1,86,211,1211,94),(12030,1,0,13.25,1,86,211,1213,94),(12031,1,0,8.75,1,86,211,1219,94),(12032,1,0,13.5,1,86,211,1223,94),(12033,1,0,8,1,86,211,1225,94),(12034,1,0,12,1,86,211,1227,94),(12035,1,0,13.5,1,86,211,1230,94),(12036,1,0,11.75,1,86,211,1240,94),(12037,1,0,5.5,1,86,211,1242,94),(12038,1,0,10.5,1,86,211,1244,94),(12039,1,0,14.5,1,86,211,1248,94),(12040,1,0,11.25,1,86,209,1143,91),(12041,1,0,10.75,1,86,209,1147,91),(12042,1,0,6.75,1,86,209,1151,91),(12043,1,0,9.5,1,86,209,1161,91),(12044,1,0,8.75,1,86,209,1167,91),(12045,1,0,11.5,1,86,209,1169,91),(12046,1,0,10.5,1,86,209,1171,91),(12047,1,0,9,1,86,209,1175,91),(12048,1,0,11.75,1,86,209,1179,91),(12049,1,0,6,1,86,209,1187,91),(12050,1,0,9.25,1,86,209,1189,91),(12051,1,0,5,1,86,209,1191,91),(12052,1,0,8,1,86,209,1095,91),(12053,1,0,5.5,1,86,209,1211,91),(12054,1,0,6,1,86,209,1213,91),(12055,1,0,8.25,1,86,209,1219,91),(12056,1,0,11.25,1,86,209,1223,91),(12057,1,0,12,1,86,209,1225,91),(12058,1,0,4.5,1,86,209,1227,91),(12059,1,0,8.25,1,86,209,1230,91),(12060,1,0,9.25,1,86,209,1240,91),(12061,1,0,7,1,86,209,1242,91),(12062,1,0,7.75,1,86,209,1244,91),(12063,1,0,7.5,1,86,209,1248,91),(12064,1,0,14,1,86,209,1143,93),(12065,1,0,13.5,1,86,209,1147,93),(12066,1,0,13,1,86,209,1151,93),(12067,1,0,14,1,86,209,1161,93),(12068,1,0,14,1,86,209,1167,93),(12069,1,0,14,1,86,209,1169,93),(12070,1,0,14,1,86,209,1171,93),(12071,1,0,14,1,86,209,1175,93),(12072,1,0,14.5,1,86,209,1179,93),(12073,1,0,14,1,86,209,1187,93),(12074,1,0,13.5,1,86,209,1189,93),(12075,1,0,12.5,1,86,209,1191,93),(12076,1,0,13.5,1,86,209,1095,93),(12077,1,0,13,1,86,209,1211,93),(12078,1,0,13.5,1,86,209,1213,93),(12079,1,0,13,1,86,209,1219,93),(12080,1,0,17,1,86,209,1223,93),(12081,1,0,16.5,1,86,209,1225,93),(12082,1,0,16,1,86,209,1227,93),(12083,1,0,15.5,1,86,209,1230,93),(12084,1,0,15.5,1,86,209,1240,93),(12085,1,0,15.5,1,86,209,1242,93),(12086,1,0,15.5,1,86,209,1244,93),(12087,1,0,15.5,1,86,209,1248,93),(12088,1,0,14,1,86,209,1143,92),(12089,1,0,15,1,86,209,1147,92),(12090,1,0,12.75,1,86,209,1151,92),(12091,1,0,13.5,1,86,209,1161,92),(12092,1,0,14,1,86,209,1167,92),(12093,1,0,14.75,1,86,209,1169,92),(12094,1,0,15,1,86,209,1171,92),(12095,1,0,13.75,1,86,209,1175,92),(12096,1,0,14.75,1,86,209,1179,92),(12097,1,0,12.75,1,86,209,1187,92),(12098,1,0,12.75,1,86,209,1189,92),(12099,1,0,16,1,86,209,1191,92),(12100,1,0,14.5,1,86,209,1095,92),(12101,1,0,12.75,1,86,209,1211,92),(12102,1,0,13.75,1,86,209,1213,92),(12103,1,0,13.5,1,86,209,1219,92),(12104,1,0,16,1,86,209,1223,92),(12105,1,0,13.5,1,86,209,1225,92),(12106,1,0,12.75,1,86,209,1227,92),(12107,1,0,12.75,1,86,209,1230,92),(12108,1,0,15,1,86,209,1240,92),(12109,1,0,13.75,1,86,209,1242,92),(12110,1,0,15,1,86,209,1244,92),(12111,1,0,14.75,1,86,209,1248,92),(12112,1,0,12.25,1,86,209,1143,94),(12113,1,0,13,1,86,209,1147,94),(12114,1,0,9,1,86,209,1151,94),(12115,1,0,13.25,1,86,209,1161,94),(12116,1,0,12.5,1,86,209,1167,94),(12117,1,0,10.5,1,86,209,1169,94),(12118,1,0,13,1,86,209,1171,94),(12119,1,0,16.5,1,86,209,1175,94),(12120,1,0,10,1,86,209,1179,94),(12121,1,0,10,1,86,209,1187,94),(12122,1,0,5,1,86,209,1189,94),(12123,1,0,14.75,1,86,209,1191,94),(12124,1,0,13.5,1,86,209,1095,94),(12125,1,0,15,1,86,209,1211,94),(12126,1,0,12.5,1,86,209,1213,94),(12127,1,0,11.25,1,86,209,1219,94),(12128,1,0,14,1,86,209,1223,94),(12129,1,0,13.5,1,86,209,1225,94),(12130,1,0,12,1,86,209,1227,94),(12131,1,0,8,1,86,209,1230,94),(12132,1,0,13.5,1,86,209,1240,94),(12133,1,0,12,1,86,209,1242,94),(12134,1,0,12.5,1,86,209,1244,94),(12135,1,0,11.5,1,86,209,1248,94),(12136,1,1,8.75,1,86,209,1189,94),(12137,1,0,10,1,86,212,1143,91),(12138,1,0,13,1,86,212,1147,91),(12139,1,0,15,1,86,212,1151,91),(12140,1,0,11,1,86,212,1161,91),(12141,1,0,11,1,86,212,1167,91),(12142,1,0,10,1,86,212,1169,91),(12143,1,0,13,1,86,212,1171,91),(12144,1,0,13.5,1,86,212,1175,91),(12145,1,0,10,1,86,212,1179,91),(12146,1,0,12.5,1,86,212,1187,91),(12147,1,0,16,1,86,212,1189,91),(12148,1,0,12,1,86,212,1191,91),(12149,1,0,10,1,86,212,1095,91),(12150,1,0,7,1,86,212,1211,91),(12151,1,0,10,1,86,212,1213,91),(12152,1,0,8,1,86,212,1219,91),(12153,1,0,13,1,86,212,1223,91),(12154,1,0,12,1,86,212,1225,91),(12155,1,0,8,1,86,212,1227,91),(12156,1,0,14,1,86,212,1230,91),(12157,1,0,15,1,86,212,1240,91),(12158,1,0,13,1,86,212,1242,91),(12159,1,0,9,1,86,212,1244,91),(12160,1,0,9,1,86,212,1248,91),(12161,1,0,14.5,1,86,212,1143,93),(12162,1,0,14.5,1,86,212,1147,93),(12163,1,0,15,1,86,212,1151,93),(12164,1,0,15,1,86,212,1161,93),(12165,1,0,15.5,1,86,212,1167,93),(12166,1,0,14.5,1,86,212,1169,93),(12167,1,0,15,1,86,212,1171,93),(12168,1,0,15,1,86,212,1175,93),(12169,1,0,14.5,1,86,212,1179,93),(12170,1,0,15.5,1,86,212,1187,93),(12171,1,0,15,1,86,212,1189,93),(12172,1,0,15,1,86,212,1191,93),(12173,1,0,15.5,1,86,212,1095,93),(12174,1,0,13.5,1,86,212,1211,93),(12175,1,0,15,1,86,212,1213,93),(12176,1,0,15,1,86,212,1219,93),(12177,1,0,16,1,86,212,1223,93),(12178,1,0,14,1,86,212,1225,93),(12179,1,0,13.5,1,86,212,1227,93),(12180,1,0,15.5,1,86,212,1230,93),(12181,1,0,15,1,86,212,1240,93),(12182,1,0,13.5,1,86,212,1242,93),(12183,1,0,13.5,1,86,212,1244,93),(12184,1,0,13.5,1,86,212,1248,93),(12185,1,0,9,1,86,212,1143,94),(12186,1,0,6,1,86,212,1147,94),(12187,1,0,14,1,86,212,1151,94),(12188,1,0,8,1,86,212,1161,94),(12189,1,0,9,1,86,212,1167,94),(12190,1,0,9.5,1,86,212,1169,94),(12191,1,0,8,1,86,212,1171,94),(12192,1,0,11.5,1,86,212,1175,94),(12193,1,0,9,1,86,212,1179,94),(12194,1,0,4.5,1,86,212,1187,94),(12195,1,0,8,1,86,212,1189,94),(12196,1,0,10,1,86,212,1191,94),(12197,1,0,11,1,86,212,1095,94),(12198,1,0,5.5,1,86,212,1211,94),(12199,1,0,10,1,86,212,1213,94),(12200,1,0,8,1,86,212,1219,94),(12201,1,0,10,1,86,212,1223,94),(12202,1,0,8,1,86,212,1225,94),(12203,1,0,8,1,86,212,1227,94),(12204,1,0,7,1,86,212,1230,94),(12205,1,0,11.5,1,86,212,1240,94),(12206,1,0,9.5,1,86,212,1242,94),(12207,1,0,6,1,86,212,1244,94),(12208,1,0,6,1,86,212,1248,94),(12209,1,1,9,1,86,212,1147,94),(12210,1,1,8,1,86,212,1211,94),(12211,1,1,10,1,86,212,1219,94),(12212,1,1,9,1,86,212,1227,94),(12213,1,1,10,1,86,212,1244,94),(12214,1,1,9,1,86,212,1248,94),(12215,1,0,13,1,86,210,1143,91),(12216,1,0,12,1,86,210,1147,91),(12217,1,0,6.5,1,86,210,1151,91),(12218,1,0,10,1,86,210,1161,91),(12219,1,0,9.5,1,86,210,1167,91),(12220,1,0,7.5,1,86,210,1169,91),(12221,1,0,7.5,1,86,210,1171,91),(12222,1,0,8.5,1,86,210,1175,91),(12223,1,0,12.5,1,86,210,1179,91),(12224,1,0,11,1,86,210,1187,91),(12225,1,0,8.5,1,86,210,1189,91),(12226,1,0,13.5,1,86,210,1191,91),(12227,1,0,14.5,1,86,210,1095,91),(12228,1,0,10,1,86,210,1211,91),(12229,1,0,9.5,1,86,210,1213,91),(12230,1,0,6.5,1,86,210,1219,91),(12231,1,0,9,1,86,210,1223,91),(12232,1,0,11.5,1,86,210,1225,91),(12233,1,0,6.25,1,86,210,1227,91),(12234,1,0,11.5,1,86,210,1230,91),(12235,1,0,12,1,86,210,1240,91),(12236,1,0,8.5,1,86,210,1242,91),(12237,1,0,11.5,1,86,210,1244,91),(12238,1,0,9.5,1,86,210,1248,91),(12239,1,0,13.5,1,86,210,1143,93),(12240,1,0,12.5,1,86,210,1147,93),(12241,1,0,12.5,1,86,210,1151,93),(12242,1,0,12.5,1,86,210,1161,93),(12243,1,0,12.5,1,86,210,1167,93),(12244,1,0,10.5,1,86,210,1169,93),(12245,1,0,13.5,1,86,210,1171,93),(12246,1,0,13.5,1,86,210,1175,93),(12247,1,0,13.5,1,86,210,1179,93),(12248,1,0,13.5,1,86,210,1187,93),(12249,1,0,13.5,1,86,210,1189,93),(12250,1,0,13.5,1,86,210,1191,93),(12251,1,0,14.5,1,86,210,1095,93),(12252,1,0,14.5,1,86,210,1211,93),(12253,1,0,14.5,1,86,210,1213,93),(12254,1,0,14.5,1,86,210,1219,93),(12255,1,0,14.5,1,86,210,1223,93),(12256,1,0,14.5,1,86,210,1225,93),(12257,1,0,12,1,86,210,1227,93),(12258,1,0,12,1,86,210,1230,93),(12259,1,0,12,1,86,210,1240,93),(12260,1,0,12,1,86,210,1242,93),(12261,1,0,12,1,86,210,1244,93),(12262,1,0,12,1,86,210,1248,93),(12263,1,0,15,1,86,210,1143,92),(12264,1,0,11,1,86,210,1147,92),(12265,1,0,9,1,86,210,1151,92),(12266,1,0,15,1,86,210,1161,92),(12267,1,0,15.5,1,86,210,1167,92),(12268,1,0,16.5,1,86,210,1171,92),(12269,1,0,15,1,86,210,1175,92),(12270,1,0,11,1,86,210,1179,92),(12271,1,0,9,1,86,210,1187,92),(12272,1,0,9,1,86,210,1189,92),(12273,1,0,15,1,86,210,1191,92),(12274,1,0,11,1,86,210,1095,92),(12275,1,0,8.5,1,86,210,1211,92),(12276,1,0,10,1,86,210,1213,92),(12277,1,0,16.5,1,86,210,1219,92),(12278,1,0,15.5,1,86,210,1223,92),(12279,1,0,14.25,1,86,210,1225,92),(12280,1,0,8.5,1,86,210,1227,92),(12281,1,0,10,1,86,210,1230,92),(12282,1,0,15,1,86,210,1240,92),(12283,1,0,10,1,86,210,1242,92),(12284,1,0,12,1,86,210,1244,92),(12285,1,0,10,1,86,210,1248,92),(12287,1,0,8,1,86,210,1143,94),(12288,1,0,7.5,1,86,210,1147,94),(12289,1,0,10.5,1,86,210,1151,94),(12290,1,0,8.5,1,86,210,1161,94),(12291,1,0,4,1,86,210,1167,94),(12292,1,0,6.5,1,86,210,1169,94),(12293,1,0,10.5,1,86,210,1171,94),(12294,1,0,8.25,1,86,210,1175,94),(12295,1,0,7.75,1,86,210,1179,94),(12296,1,0,6.5,1,86,210,1187,94),(12297,1,0,5.75,1,86,210,1189,94),(12298,1,0,10.5,1,86,210,1191,94),(12299,1,0,6,1,86,210,1095,94),(12300,1,0,5.5,1,86,210,1211,94),(12301,1,0,8.75,1,86,210,1213,94),(12302,1,0,6.5,1,86,210,1219,94),(12303,1,0,10.5,1,86,210,1223,94),(12304,1,0,8,1,86,210,1225,94),(12305,1,0,6,1,86,210,1227,94),(12306,1,0,10.25,1,86,210,1230,94),(12307,1,0,9.75,1,86,210,1240,94),(12308,1,0,8.5,1,86,210,1242,94),(12309,1,0,5.25,1,86,210,1244,94),(12310,1,0,6,1,86,210,1248,94),(12311,1,0,11,1,86,219,1143,91),(12312,1,0,11,1,86,219,1147,91),(12313,1,0,9.5,1,86,219,1151,91),(12314,1,0,10.75,1,86,219,1161,91),(12315,1,0,9,1,86,219,1167,91),(12316,1,0,13.5,1,86,219,1169,91),(12317,1,0,13,1,86,219,1171,91),(12318,1,0,9.5,1,86,219,1175,91),(12319,1,0,12,1,86,219,1179,91),(12320,1,0,12.5,1,86,219,1187,91),(12321,1,0,8,1,86,219,1189,91),(12322,1,0,10.5,1,86,219,1191,91),(12323,1,0,13,1,86,219,1095,91),(12324,1,0,11,1,86,219,1211,91),(12325,1,0,10,1,86,219,1213,91),(12326,1,0,7,1,86,219,1219,91),(12327,1,0,12.25,1,86,219,1223,91),(12328,1,0,12,1,86,219,1225,91),(12329,1,0,11,1,86,219,1227,91),(12330,1,0,13,1,86,219,1230,91),(12331,1,0,13,1,86,219,1240,91),(12332,1,0,10,1,86,219,1242,91),(12333,1,0,11,1,86,219,1244,91),(12334,1,0,9,1,86,219,1248,91),(12335,1,0,11.5,1,86,219,1143,93),(12336,1,0,11.5,1,86,219,1147,93),(12337,1,0,10.75,1,86,219,1151,93),(12338,1,0,11,1,86,219,1161,93),(12339,1,0,10.5,1,86,219,1167,93),(12340,1,0,12.75,1,86,219,1169,93),(12341,1,0,12.5,1,86,219,1171,93),(12342,1,0,10.75,1,86,219,1175,93),(12343,1,0,12,1,86,219,1179,93),(12344,1,0,12.25,1,86,219,1187,93),(12345,1,0,10,1,86,219,1189,93),(12346,1,0,11.25,1,86,219,1191,93),(12347,1,0,12.5,1,86,219,1095,93),(12348,1,0,11.5,1,86,219,1211,93),(12349,1,0,11,1,86,219,1213,93),(12350,1,0,9.5,1,86,219,1219,93),(12351,1,0,12.25,1,86,219,1223,93),(12352,1,0,12,1,86,219,1225,93),(12353,1,0,11.5,1,86,219,1227,93),(12354,1,0,12.5,1,86,219,1230,93),(12355,1,0,12.5,1,86,219,1240,93),(12356,1,0,11,1,86,219,1242,93),(12357,1,0,11.5,1,86,219,1244,93),(12358,1,0,10.5,1,86,219,1248,93),(12359,1,0,11.25,1,86,219,1143,94),(12360,1,0,11.25,1,86,219,1147,94),(12361,1,0,12.5,1,86,219,1151,94),(12362,1,0,11.75,1,86,219,1161,94),(12363,1,0,12.5,1,86,219,1167,94),(12364,1,0,13,1,86,219,1169,94),(12365,1,0,12,1,86,219,1171,94),(12366,1,0,11.25,1,86,219,1175,94),(12367,1,0,13.5,1,86,219,1179,94),(12368,1,0,7.75,1,86,219,1187,94),(12369,1,0,7.25,1,86,219,1189,94),(12370,1,0,10,1,86,219,1191,94),(12371,1,0,14,1,86,219,1095,94),(12372,1,0,7,1,86,219,1211,94),(12373,1,0,7,1,86,219,1213,94),(12374,1,0,8.25,1,86,219,1219,94),(12375,1,0,12,1,86,219,1223,94),(12376,1,0,8,1,86,219,1225,94),(12377,1,0,6,1,86,219,1227,94),(12378,1,0,8.75,1,86,219,1230,94),(12379,1,0,11.5,1,86,219,1240,94),(12380,1,0,6.75,1,86,219,1242,94),(12381,1,0,8,1,86,219,1244,94),(12382,1,0,9,1,86,219,1248,94),(12384,1,0,16,1,86,228,1143,91),(12385,1,0,13,1,86,228,1147,91),(12386,1,0,12,1,86,228,1151,91),(12387,1,0,9,1,86,228,1161,91),(12388,1,0,8,1,86,228,1167,91),(12389,1,0,12,1,86,228,1169,91),(12390,1,0,9.5,1,86,228,1171,91),(12391,1,0,8,1,86,228,1175,91),(12392,1,0,8,1,86,228,1179,91),(12393,1,0,8,1,86,228,1187,91),(12394,1,0,9.5,1,86,228,1189,91),(12395,1,0,11,1,86,228,1191,91),(12396,1,0,9,1,86,228,1095,91),(12397,1,0,8,1,86,228,1211,91),(12398,1,0,7,1,86,228,1213,91),(12399,1,0,15,1,86,228,1219,91),(12400,1,0,20,1,86,228,1223,91),(12401,1,0,10,1,86,228,1225,91),(12402,1,0,9.5,1,86,228,1227,91),(12403,1,0,9.5,1,86,228,1230,91),(12404,1,0,12,1,86,228,1240,91),(12405,1,0,9.5,1,86,228,1242,91),(12406,1,0,8.5,1,86,228,1244,91),(12407,1,0,12,1,86,228,1248,91),(12408,1,0,7,1,86,228,1125,91),(12409,1,0,15,1,86,228,1143,93),(12410,1,0,15,1,86,228,1147,93),(12411,1,0,15,1,86,228,1151,93),(12412,1,0,15,1,86,228,1161,93),(12413,1,0,15,1,86,228,1167,93),(12414,1,0,15,1,86,228,1169,93),(12415,1,0,15,1,86,228,1171,93),(12416,1,0,15,1,86,228,1175,93),(12417,1,0,15,1,86,228,1179,93),(12418,1,0,15,1,86,228,1187,93),(12419,1,0,15,1,86,228,1189,93),(12420,1,0,15,1,86,228,1191,93),(12421,1,0,15,1,86,228,1095,93),(12422,1,0,15,1,86,228,1211,93),(12423,1,0,15,1,86,228,1213,93),(12424,1,0,15,1,86,228,1219,93),(12425,1,0,15,1,86,228,1223,93),(12426,1,0,15,1,86,228,1225,93),(12427,1,0,15,1,86,228,1227,93),(12428,1,0,15,1,86,228,1230,93),(12429,1,0,15,1,86,228,1240,93),(12430,1,0,15,1,86,228,1242,93),(12431,1,0,15,1,86,228,1244,93),(12432,1,0,15,1,86,228,1248,93),(12433,1,0,15,1,86,228,1125,93),(12434,1,0,0.5,1,86,228,1143,94),(12435,1,0,2,1,86,228,1147,94),(12436,1,0,8,1,86,228,1151,94),(12437,1,0,4,1,86,228,1161,94),(12438,1,0,7,1,86,228,1167,94),(12439,1,0,1,1,86,228,1169,94),(12440,1,0,0.5,1,86,228,1171,94),(12441,1,0,1,1,86,228,1175,94),(12442,1,0,2,1,86,228,1179,94),(12443,1,0,7.5,1,86,228,1187,94),(12444,1,0,2.5,1,86,228,1189,94),(12445,1,0,1,1,86,228,1191,94),(12446,1,0,3.5,1,86,228,1095,94),(12447,1,0,10,1,86,228,1211,94),(12448,1,0,2.5,1,86,228,1213,94),(12449,1,0,3.5,1,86,228,1219,94),(12450,1,0,7,1,86,228,1223,94),(12451,1,0,6,1,86,228,1225,94),(12452,1,0,11.5,1,86,228,1227,94),(12453,1,0,4.5,1,86,228,1230,94),(12454,1,0,7.5,1,86,228,1240,94),(12455,1,0,6.5,1,86,228,1242,94),(12456,1,0,0.5,1,86,228,1244,94),(12457,1,0,2,1,86,228,1248,94),(12458,1,0,0.5,1,86,228,1125,94),(12459,1,1,7.5,1,86,228,1143,94),(12460,1,1,5,1,86,228,1147,94),(12461,1,1,8,1,86,228,1161,94),(12462,1,1,9,1,86,228,1167,94),(12463,1,1,5,1,86,228,1169,94),(12464,1,1,4.5,1,86,228,1171,94),(12465,1,1,16,1,86,228,1175,94),(12466,1,1,6,1,86,228,1179,94),(12467,1,1,11.5,1,86,228,1187,94),(12468,1,1,6,1,86,228,1189,94),(12469,1,1,14,1,86,228,1191,94),(12470,1,1,8,1,86,228,1095,94),(12471,1,1,15,1,86,228,1213,94),(12472,1,1,6.25,1,86,228,1219,94),(12473,1,1,13,1,86,228,1225,94),(12474,1,1,10,1,86,228,1230,94),(12475,1,1,15,1,86,228,1242,94),(12476,1,1,11.5,1,86,228,1244,94),(12477,1,1,11,1,86,228,1248,94),(12478,1,1,12,1,86,228,1125,94),(12480,1,0,7.5,1,86,213,1143,91),(12481,1,0,5,1,86,213,1147,91),(12482,1,0,8,1,86,213,1161,91),(12483,1,0,9,1,86,213,1167,91),(12484,1,0,5,1,86,213,1169,91),(12485,1,0,4.5,1,86,213,1171,91),(12486,1,0,16,1,86,213,1175,91),(12487,1,0,6,1,86,213,1179,91),(12488,1,0,11.5,1,86,213,1187,91),(12489,1,0,6,1,86,213,1189,91),(12490,1,0,14,1,86,213,1191,91),(12491,1,0,8,1,86,213,1095,91),(12492,1,0,15,1,86,213,1213,91),(12493,1,0,6.25,1,86,213,1219,91),(12494,1,0,13,1,86,213,1225,91),(12495,1,0,10,1,86,213,1230,91),(12496,1,0,15,1,86,213,1242,91),(12497,1,0,11.5,1,86,213,1244,91),(12498,1,0,11,1,86,213,1248,91),(12499,1,0,12,1,86,213,1125,91),(12500,1,0,7.5,1,86,213,1143,93),(12501,1,0,5,1,86,213,1147,93),(12502,1,0,8,1,86,213,1161,93),(12503,1,0,9,1,86,213,1167,93),(12504,1,0,5,1,86,213,1169,93),(12505,1,0,4.5,1,86,213,1171,93),(12506,1,0,16,1,86,213,1175,93),(12507,1,0,6,1,86,213,1179,93),(12508,1,0,11.5,1,86,213,1187,93),(12509,1,0,6,1,86,213,1189,93),(12510,1,0,14,1,86,213,1191,93),(12511,1,0,8,1,86,213,1095,93),(12512,1,0,15,1,86,213,1213,93),(12513,1,0,6.25,1,86,213,1219,93),(12514,1,0,13,1,86,213,1225,93),(12515,1,0,10,1,86,213,1230,93),(12516,1,0,15,1,86,213,1242,93),(12517,1,0,11.5,1,86,213,1244,93),(12518,1,0,11,1,86,213,1248,93),(12519,1,0,12,1,86,213,1125,93),(12520,1,0,7.5,1,86,213,1143,94),(12521,1,0,5,1,86,213,1147,94),(12522,1,0,8,1,86,213,1161,94),(12523,1,0,9,1,86,213,1167,94),(12524,1,0,5,1,86,213,1169,94),(12525,1,0,4.5,1,86,213,1171,94),(12526,1,0,16,1,86,213,1175,94),(12527,1,0,6,1,86,213,1179,94),(12528,1,0,11.5,1,86,213,1187,94),(12529,1,0,6,1,86,213,1189,94),(12530,1,0,14,1,86,213,1191,94),(12531,1,0,8,1,86,213,1095,94),(12532,1,0,15,1,86,213,1213,94),(12533,1,0,6.25,1,86,213,1219,94),(12534,1,0,13,1,86,213,1225,94),(12535,1,0,10,1,86,213,1230,94),(12536,1,0,15,1,86,213,1242,94),(12537,1,0,11.5,1,86,213,1244,94),(12538,1,0,11,1,86,213,1248,94),(12539,1,0,12,1,86,213,1125,94),(12540,1,1,7.5,1,86,213,1143,94),(12541,1,1,5,1,86,213,1147,94),(12542,1,1,8,1,86,213,1161,94),(12543,1,1,9,1,86,213,1167,94),(12544,1,1,5,1,86,213,1169,94),(12545,1,1,4.5,1,86,213,1171,94),(12546,1,1,16,1,86,213,1175,94),(12547,1,1,6,1,86,213,1179,94),(12548,1,1,11.5,1,86,213,1187,94),(12549,1,1,6,1,86,213,1189,94),(12550,1,1,14,1,86,213,1191,94),(12551,1,1,8,1,86,213,1095,94),(12552,1,1,15,1,86,213,1213,94),(12553,1,1,6.25,1,86,213,1219,94),(12554,1,1,13,1,86,213,1225,94),(12555,1,1,10,1,86,213,1230,94),(12556,1,1,15,1,86,213,1242,94),(12557,1,1,11.5,1,86,213,1244,94),(12558,1,1,11,1,86,213,1248,94),(12559,1,1,12,1,86,213,1125,94),(12601,1,0,4.5,1,85,155,1342,91),(12602,1,0,8,1,85,155,1344,91),(12603,1,0,2.5,1,85,155,1346,91),(12604,1,0,10.5,1,85,155,1348,91),(12605,1,0,6.75,1,85,155,1350,91),(12606,1,0,6,1,85,155,1352,91),(12607,1,0,5.5,1,85,155,1354,91),(12608,1,0,3,1,85,155,1356,91),(12609,1,0,7.5,1,85,155,1358,91),(12610,1,0,1,1,85,155,1360,91),(12611,1,0,9,1,85,155,1362,91),(12612,1,0,6,1,85,155,1364,91),(12613,1,0,6,1,85,155,1366,91),(12614,1,0,4.5,1,85,155,1368,91),(12615,1,0,8,1,85,155,1370,91),(12616,1,0,3.5,1,85,155,1374,91),(12617,1,0,5,1,85,155,1376,91),(12618,1,0,5.5,1,85,155,1378,91),(12619,1,0,9.5,1,85,155,1380,91),(12620,1,0,7.5,1,85,155,1382,91),(12621,1,0,3.5,1,85,155,1386,91),(12622,1,0,11.5,1,85,155,1388,91),(12623,1,0,3.5,1,85,155,1390,91),(12624,1,0,15,1,85,155,1392,91),(12625,1,0,10,1,85,155,1394,91),(12626,1,0,5,1,85,155,1396,91),(12627,1,0,6,1,85,155,1398,91),(12628,1,0,3.5,1,85,155,1400,91),(12629,1,0,2,1,85,155,1402,91),(12630,1,0,3,1,85,155,1406,91),(12631,1,0,5,1,85,155,1410,91),(12632,1,0,8,1,85,155,1412,91),(12633,1,0,5.5,1,85,155,1414,91),(12634,1,0,11,1,85,155,1418,91),(12635,1,0,10.5,1,85,155,1420,91),(12636,1,0,6.5,1,85,155,1422,91),(12637,1,0,7,1,85,155,1424,91),(12638,1,0,7.5,1,85,155,1426,91),(12639,1,0,9.5,1,85,155,1428,91),(12640,1,0,12,1,85,155,1430,91),(12641,1,0,2.5,1,85,155,1432,91),(12642,1,0,7,1,85,155,1434,91),(12643,1,0,15.5,1,85,155,1438,91),(12644,1,0,8,1,85,155,1440,91),(12645,1,0,8,1,85,155,1442,91),(12646,1,0,11.5,1,85,155,1444,91),(12647,1,0,6.5,1,85,155,1446,91),(12648,1,0,15,1,85,155,1342,93),(12649,1,0,16,1,85,155,1344,93),(12650,1,0,16.5,1,85,155,1346,93),(12651,1,0,15.5,1,85,155,1348,93),(12652,1,0,15,1,85,155,1350,93),(12653,1,0,15.5,1,85,155,1352,93),(12654,1,0,16,1,85,155,1354,93),(12655,1,0,14.5,1,85,155,1356,93),(12656,1,0,14,1,85,155,1358,93),(12657,1,0,15,1,85,155,1360,93),(12658,1,0,14.5,1,85,155,1362,93),(12659,1,0,17,1,85,155,1364,93),(12660,1,0,17,1,85,155,1366,93),(12661,1,0,15,1,85,155,1368,93),(12662,1,0,16.5,1,85,155,1370,93),(12663,1,0,15,1,85,155,1374,93),(12664,1,0,16,1,85,155,1378,93),(12665,1,0,16.5,1,85,155,1380,93),(12666,1,0,13,1,85,155,1382,93),(12667,1,0,16,1,85,155,1386,93),(12668,1,0,15,1,85,155,1388,93),(12669,1,0,16,1,85,155,1390,93),(12670,1,0,14.5,1,85,155,1392,93),(12671,1,0,15,1,85,155,1394,93),(12672,1,0,15,1,85,155,1396,93),(12673,1,0,16,1,85,155,1398,93),(12674,1,0,16.5,1,85,155,1400,93),(12675,1,0,15.5,1,85,155,1402,93),(12676,1,0,14.5,1,85,155,1406,93),(12677,1,0,16.5,1,85,155,1410,93),(12678,1,0,15,1,85,155,1412,93),(12679,1,0,15.5,1,85,155,1414,93),(12680,1,0,15.5,1,85,155,1418,93),(12681,1,0,17.5,1,85,155,1420,93),(12682,1,0,17,1,85,155,1422,93),(12683,1,0,15.5,1,85,155,1424,93),(12684,1,0,14.5,1,85,155,1426,93),(12685,1,0,15,1,85,155,1428,93),(12686,1,0,15.5,1,85,155,1430,93),(12687,1,0,14.5,1,85,155,1432,93),(12688,1,0,15,1,85,155,1434,93),(12689,1,0,16.5,1,85,155,1438,93),(12690,1,0,16.5,1,85,155,1440,93),(12691,1,0,16.5,1,85,155,1442,93),(12692,1,0,14.5,1,85,155,1444,93),(12693,1,0,11,1,85,155,1342,94),(12694,1,0,12,1,85,155,1344,94),(12695,1,0,5.5,1,85,155,1346,94),(12696,1,0,17,1,85,155,1348,94),(12697,1,0,6,1,85,155,1350,94),(12698,1,0,2.5,1,85,155,1352,94),(12699,1,0,9,1,85,155,1354,94),(12700,1,0,11,1,85,155,1356,94),(12701,1,0,5,1,85,155,1358,94),(12702,1,0,4.5,1,85,155,1360,94),(12703,1,0,14,1,85,155,1362,94),(12704,1,0,15,1,85,155,1364,94),(12705,1,0,5,1,85,155,1366,94),(12706,1,0,13.5,1,85,155,1368,94),(12707,1,0,8.5,1,85,155,1370,94),(12708,1,0,4.5,1,85,155,1374,94),(12709,1,0,14,1,85,155,1378,94),(12710,1,0,12.5,1,85,155,1380,94),(12711,1,0,11,1,85,155,1382,94),(12712,1,0,6.5,1,85,155,1386,94),(12713,1,0,10,1,85,155,1388,94),(12714,1,0,7,1,85,155,1390,94),(12715,1,0,13,1,85,155,1392,94),(12716,1,0,17,1,85,155,1394,94),(12717,1,0,11.5,1,85,155,1396,94),(12718,1,0,8.5,1,85,155,1398,94),(12719,1,0,4.5,1,85,155,1400,94),(12720,1,0,9,1,85,155,1402,94),(12721,1,0,0,1,85,155,1406,94),(12722,1,0,12.5,1,85,155,1410,94),(12723,1,0,11,1,85,155,1412,94),(12724,1,0,4,1,85,155,1414,94),(12725,1,0,12.5,1,85,155,1418,94),(12726,1,0,13,1,85,155,1420,94),(12727,1,0,8,1,85,155,1422,94),(12728,1,0,9.5,1,85,155,1424,94),(12729,1,0,12.25,1,85,155,1426,94),(12730,1,0,14,1,85,155,1428,94),(12731,1,0,17.5,1,85,155,1430,94),(12732,1,0,5.5,1,85,155,1432,94),(12733,1,0,14.5,1,85,155,1434,94),(12734,1,0,13,1,85,155,1438,94),(12735,1,0,8.5,1,85,155,1440,94),(12736,1,0,8.5,1,85,155,1442,94),(12737,1,0,13,1,85,155,1444,94),(12738,1,0,13.5,1,85,155,1446,94),(12739,1,1,12,1,85,155,1346,94),(12740,1,1,13,1,85,155,1350,94),(12741,1,1,7,1,85,155,1352,94),(12742,1,1,12,1,85,155,1358,94),(12743,1,1,9.5,1,85,155,1360,94),(12744,1,1,11,1,85,155,1366,94),(12745,1,1,9,1,85,155,1370,94),(12746,1,1,7.5,1,85,155,1374,94),(12747,1,1,4,1,85,155,1386,94),(12748,1,1,8,1,85,155,1390,94),(12749,1,1,14,1,85,155,1398,94),(12750,1,1,8.5,1,85,155,1400,94),(12751,1,1,7,1,85,155,1402,94),(12752,1,1,8,1,85,155,1406,94),(12753,1,1,6,1,85,155,1414,94),(12754,1,1,9.5,1,85,155,1422,94),(12755,1,1,7,1,85,155,1432,94),(12756,1,1,10.5,1,85,155,1440,94),(12757,1,1,5,1,85,155,1442,94),(12834,1,0,13,1,85,163,1342,91),(12835,1,0,7.5,1,85,163,1344,91),(12836,1,0,12,1,85,163,1346,91),(12837,1,0,7.5,1,85,163,1348,91),(12838,1,0,7.75,1,85,163,1350,91),(12839,1,0,5,1,85,163,1352,91),(12840,1,0,4.5,1,85,163,1354,91),(12841,1,0,9,1,85,163,1358,91),(12842,1,0,7.25,1,85,163,1360,91),(12843,1,0,4.75,1,85,163,1362,91),(12844,1,0,5,1,85,163,1364,91),(12845,1,0,7,1,85,163,1366,91),(12846,1,0,5,1,85,163,1368,91),(12847,1,0,7,1,85,163,1370,91),(12848,1,0,8.5,1,85,163,1374,91),(12849,1,0,11.5,1,85,163,1378,91),(12850,1,0,8.5,1,85,163,1380,91),(12851,1,0,3.5,1,85,163,1382,91),(12852,1,0,3.5,1,85,163,1386,91),(12853,1,0,5.5,1,85,163,1388,91),(12854,1,0,8,1,85,163,1390,91),(12855,1,0,5.5,1,85,163,1392,91),(12856,1,0,3.5,1,85,163,1394,91),(12857,1,0,14,1,85,163,1396,91),(12858,1,0,5.75,1,85,163,1398,91),(12859,1,0,9,1,85,163,1400,91),(12860,1,0,19.5,1,85,163,1402,91),(12861,1,0,2,1,85,163,1406,91),(12862,1,0,7.5,1,85,163,1410,91),(12863,1,0,8,1,85,163,1412,91),(12864,1,0,4.25,1,85,163,1414,91),(12865,1,0,9.5,1,85,163,1418,91),(12866,1,0,19.5,1,85,163,1420,91),(12867,1,0,13,1,85,163,1422,91),(12868,1,0,16.5,1,85,163,1424,91),(12869,1,0,8.5,1,85,163,1426,91),(12870,1,0,6.75,1,85,163,1428,91),(12871,1,0,4.5,1,85,163,1430,91),(12872,1,0,2.5,1,85,163,1432,91),(12873,1,0,10,1,85,163,1434,91),(12874,1,0,10.5,1,85,163,1438,91),(12875,1,0,6,1,85,163,1440,91),(12876,1,0,4.5,1,85,163,1442,91),(12877,1,0,4,1,85,163,1444,91),(12878,1,0,14.5,1,85,163,1342,93),(12879,1,0,14.5,1,85,163,1344,93),(12880,1,0,14.5,1,85,163,1346,93),(12881,1,0,14.5,1,85,163,1348,93),(12882,1,0,15,1,85,163,1350,93),(12883,1,0,15,1,85,163,1352,93),(12884,1,0,15,1,85,163,1354,93),(12885,1,0,15,1,85,163,1356,93),(12886,1,0,15,1,85,163,1358,93),(12887,1,0,15,1,85,163,1360,93),(12888,1,0,15.5,1,85,163,1362,93),(12889,1,0,15.5,1,85,163,1364,93),(12890,1,0,15.5,1,85,163,1366,93),(12891,1,0,15.5,1,85,163,1368,93),(12892,1,0,15.5,1,85,163,1370,93),(12893,1,0,14,1,85,163,1374,93),(12894,1,0,14,1,85,163,1378,93),(12895,1,0,14,1,85,163,1380,93),(12896,1,0,14,1,85,163,1382,93),(12897,1,0,12.5,1,85,163,1388,93),(12898,1,0,18.5,1,85,163,1390,93),(12899,1,0,18.5,1,85,163,1392,93),(12900,1,0,12.5,1,85,163,1394,93),(12901,1,0,17.5,1,85,163,1396,93),(12902,1,0,16,1,85,163,1398,93),(12903,1,0,15.5,1,85,163,1400,93),(12904,1,0,16.5,1,85,163,1402,93),(12905,1,0,16,1,85,163,1410,93),(12906,1,0,16,1,85,163,1412,93),(12907,1,0,16,1,85,163,1414,93),(12908,1,0,16,1,85,163,1418,93),(12909,1,0,17,1,85,163,1420,93),(12910,1,0,15,1,85,163,1422,93),(12911,1,0,15.5,1,85,163,1424,93),(12912,1,0,15,1,85,163,1426,93),(12913,1,0,15,1,85,163,1428,93),(12914,1,0,16,1,85,163,1430,93),(12915,1,0,16,1,85,163,1432,93),(12916,1,0,16,1,85,163,1434,93),(12917,1,0,16.5,1,85,163,1438,93),(12918,1,0,14.5,1,85,163,1440,93),(12919,1,0,14.5,1,85,163,1442,93),(12920,1,0,14.5,1,85,163,1444,93),(12921,1,0,14.5,1,85,163,1446,93),(12922,1,0,9,1,85,163,1342,94),(12923,1,0,9.25,1,85,163,1344,94),(12924,1,0,9,1,85,163,1346,94),(12925,1,0,11.5,1,85,163,1348,94),(12926,1,0,12.5,1,85,163,1350,94),(12927,1,0,4,1,85,163,1352,94),(12928,1,0,2,1,85,163,1356,94),(12929,1,0,7.5,1,85,163,1358,94),(12930,1,0,10,1,85,163,1360,94),(12931,1,0,9.5,1,85,163,1362,94),(12932,1,0,6.5,1,85,163,1364,94),(12933,1,0,4,1,85,163,1366,94),(12934,1,0,7.5,1,85,163,1368,94),(12935,1,0,15,1,85,163,1370,94),(12936,1,0,10,1,85,163,1374,94),(12937,1,0,11,1,85,163,1378,94),(12938,1,0,8,1,85,163,1380,94),(12939,1,0,2.5,1,85,163,1382,94),(12940,1,0,3.5,1,85,163,1386,94),(12941,1,0,8,1,85,163,1388,94),(12942,1,0,7.5,1,85,163,1390,94),(12943,1,0,2.25,1,85,163,1392,94),(12944,1,0,1,1,85,163,1394,94),(12945,1,0,15,1,85,163,1396,94),(12946,1,0,9,1,85,163,1398,94),(12947,1,0,11.5,1,85,163,1400,94),(12948,1,0,13.5,1,85,163,1402,94),(12949,1,0,1.5,1,85,163,1406,94),(12950,1,0,8.5,1,85,163,1410,94),(12951,1,0,7,1,85,163,1412,94),(12952,1,0,3,1,85,163,1414,94),(12953,1,0,8.5,1,85,163,1418,94),(12954,1,0,19.5,1,85,163,1420,94),(12955,1,0,17.5,1,85,163,1422,94),(12956,1,0,17,1,85,163,1424,94),(12957,1,0,6,1,85,163,1426,94),(12958,1,0,11,1,85,163,1428,94),(12959,1,0,4.5,1,85,163,1430,94),(12960,1,0,5,1,85,163,1432,94),(12961,1,0,9.5,1,85,163,1434,94),(12962,1,0,12,1,85,163,1438,94),(12963,1,0,6,1,85,163,1440,94),(12964,1,0,5.5,1,85,163,1442,94),(12965,1,0,7,1,85,163,1444,94),(12966,1,0,2,1,85,163,1446,94),(12967,1,1,12.5,1,85,163,1344,94),(12968,1,1,4.25,1,85,163,1354,94),(12969,1,1,16.5,1,85,163,1358,94),(12970,1,1,7.75,1,85,163,1362,94),(12971,1,1,14,1,85,163,1366,94),(12972,1,1,13.5,1,85,163,1368,94),(12973,1,1,13.5,1,85,163,1380,94),(12974,1,1,9,1,85,163,1386,94),(12975,1,1,11.5,1,85,163,1388,94),(12976,1,1,12,1,85,163,1390,94),(12977,1,1,10,1,85,163,1398,94),(12978,1,1,11,1,85,163,1410,94),(12979,1,1,14.5,1,85,163,1412,94),(12980,1,1,11.5,1,85,163,1414,94),(12981,1,1,14.5,1,85,163,1426,94),(12982,1,1,10.75,1,85,163,1432,94),(12983,1,1,16.5,1,85,163,1438,94),(12984,1,1,10.5,1,85,163,1446,94),(12985,1,0,5,1,85,159,1342,91),(12986,1,0,10,1,85,159,1344,91),(12987,1,0,2,1,85,159,1346,91),(12988,1,0,8.5,1,85,159,1348,91),(12989,1,0,8.5,1,85,159,1350,91),(12990,1,0,3,1,85,159,1352,91),(12991,1,0,3,1,85,159,1354,91),(12992,1,0,11,1,85,159,1358,91),(12993,1,0,6.5,1,85,159,1360,91),(12994,1,0,13.5,1,85,159,1362,91),(12995,1,0,15.75,1,85,159,1364,91),(12996,1,0,11,1,85,159,1366,91),(12997,1,0,2.5,1,85,159,1368,91),(12998,1,0,7.5,1,85,159,1370,91),(12999,1,0,6,1,85,159,1372,91),(13000,1,0,0.5,1,85,159,1374,91),(13001,1,0,2,1,85,159,1376,91),(13002,1,0,13,1,85,159,1378,91),(13003,1,0,13,1,85,159,1380,91),(13004,1,0,16,1,85,159,1382,91),(13005,1,0,10,1,85,159,1384,91),(13006,1,0,2,1,85,159,1386,91),(13007,1,0,12,1,85,159,1388,91),(13008,1,0,12,1,85,159,1390,91),(13009,1,0,3.5,1,85,159,1392,91),(13010,1,0,16,1,85,159,1394,91),(13011,1,0,4.5,1,85,159,1396,91),(13012,1,0,5.5,1,85,159,1398,91),(13013,1,0,7.5,1,85,159,1400,91),(13014,1,0,7,1,85,159,1402,91),(13015,1,0,2.5,1,85,159,1404,91),(13016,1,0,6.5,1,85,159,1406,91),(13017,1,0,6.5,1,85,159,1408,91),(13018,1,0,13.5,1,85,159,1410,91),(13019,1,0,7,1,85,159,1412,91),(13020,1,0,7.5,1,85,159,1414,91),(13021,1,0,18,1,85,159,1418,91),(13022,1,0,4.5,1,85,159,1420,91),(13023,1,0,14.5,1,85,159,1422,91),(13024,1,0,6,1,85,159,1426,91),(13025,1,0,10.5,1,85,159,1428,91),(13026,1,0,15,1,85,159,1430,91),(13027,1,0,11.5,1,85,159,1432,91),(13028,1,0,9,1,85,159,1434,91),(13029,1,0,12.5,1,85,159,1438,91),(13030,1,0,17.75,1,85,159,1440,91),(13031,1,0,4,1,85,159,1442,91),(13032,1,0,14,1,85,159,1444,91),(13033,1,0,0.5,1,85,159,1105,91),(13034,1,0,15,1,85,159,1342,93),(13035,1,0,15,1,85,159,1344,93),(13036,1,0,15,1,85,159,1346,93),(13037,1,0,15,1,85,159,1348,93),(13038,1,0,15,1,85,159,1350,93),(13039,1,0,15,1,85,159,1352,93),(13040,1,0,15,1,85,159,1354,93),(13041,1,0,15,1,85,159,1358,93),(13042,1,0,15,1,85,159,1360,93),(13043,1,0,14.5,1,85,159,1362,93),(13044,1,0,14.5,1,85,159,1364,93),(13045,1,0,14.5,1,85,159,1366,93),(13046,1,0,14.5,1,85,159,1370,93),(13047,1,0,12.5,1,85,159,1372,93),(13048,1,0,13.5,1,85,159,1376,93),(13049,1,0,12.5,1,85,159,1378,93),(13050,1,0,14.5,1,85,159,1380,93),(13051,1,0,14.5,1,85,159,1382,93),(13052,1,0,14.75,1,85,159,1384,93),(13053,1,0,14.75,1,85,159,1386,93),(13054,1,0,14.75,1,85,159,1388,93),(13055,1,0,14.75,1,85,159,1390,93),(13056,1,0,14.75,1,85,159,1392,93),(13057,1,0,14.75,1,85,159,1394,93),(13058,1,0,14.75,1,85,159,1396,93),(13059,1,0,14.75,1,85,159,1398,93),(13060,1,0,14.75,1,85,159,1400,93),(13061,1,0,14.75,1,85,159,1402,93),(13062,1,0,12,1,85,159,1404,93),(13063,1,0,13,1,85,159,1406,93),(13064,1,0,12,1,85,159,1408,93),(13065,1,0,14,1,85,159,1410,93),(13066,1,0,13,1,85,159,1414,93),(13067,1,0,14,1,85,159,1418,93),(13068,1,0,14,1,85,159,1420,93),(13069,1,0,14,1,85,159,1422,93),(13070,1,0,13,1,85,159,1426,93),(13071,1,0,13,1,85,159,1428,93),(13072,1,0,13,1,85,159,1430,93),(13073,1,0,13,1,85,159,1432,93),(13074,1,0,13,1,85,159,1434,93),(13075,1,0,13,1,85,159,1438,93),(13076,1,0,13,1,85,159,1440,93),(13077,1,0,13,1,85,159,1444,93),(13078,1,0,10.5,1,85,159,1342,94),(13079,1,0,9,1,85,159,1344,94),(13080,1,0,10.75,1,85,159,1346,94),(13081,1,0,10,1,85,159,1348,94),(13082,1,0,12.5,1,85,159,1350,94),(13083,1,0,4,1,85,159,1352,94),(13084,1,0,5.5,1,85,159,1354,94),(13085,1,0,7,1,85,159,1358,94),(13086,1,0,9,1,85,159,1360,94),(13087,1,0,12.5,1,85,159,1362,94),(13088,1,0,18,1,85,159,1364,94),(13089,1,0,7.5,1,85,159,1366,94),(13090,1,0,5.5,1,85,159,1368,94),(13091,1,0,12.75,1,85,159,1370,94),(13092,1,0,11,1,85,159,1372,94),(13093,1,0,4,1,85,159,1374,94),(13094,1,0,11,1,85,159,1376,94),(13095,1,0,11.5,1,85,159,1378,94),(13096,1,0,7.5,1,85,159,1380,94),(13097,1,0,8.5,1,85,159,1382,94),(13098,1,0,10.5,1,85,159,1384,94),(13099,1,0,2.5,1,85,159,1386,94),(13100,1,0,11.5,1,85,159,1388,94),(13101,1,0,7.5,1,85,159,1390,94),(13102,1,0,3,1,85,159,1392,94),(13103,1,0,14,1,85,159,1394,94),(13104,1,0,5.5,1,85,159,1396,94),(13105,1,0,6.5,1,85,159,1398,94),(13106,1,0,12,1,85,159,1400,94),(13107,1,0,5.5,1,85,159,1402,94),(13108,1,0,1.5,1,85,159,1404,94),(13109,1,0,12.5,1,85,159,1406,94),(13110,1,0,8.5,1,85,159,1408,94),(13111,1,0,13,1,85,159,1410,94),(13112,1,0,17,1,85,159,1412,94),(13113,1,0,4,1,85,159,1414,94),(13114,1,0,15,1,85,159,1418,94),(13115,1,0,7.5,1,85,159,1420,94),(13116,1,0,16,1,85,159,1422,94),(13117,1,0,8.5,1,85,159,1426,94),(13118,1,0,8,1,85,159,1428,94),(13119,1,0,10.5,1,85,159,1430,94),(13120,1,0,13,1,85,159,1432,94),(13121,1,0,14,1,85,159,1434,94),(13122,1,0,11.5,1,85,159,1438,94),(13123,1,0,14,1,85,159,1440,94),(13124,1,0,8,1,85,159,1442,94),(13125,1,0,14.5,1,85,159,1444,94),(13126,1,0,2.5,1,85,159,1446,94),(13127,1,0,1.5,1,85,159,1105,94),(13128,1,1,16,1,85,159,1342,94),(13129,1,1,15,1,85,159,1346,94),(13130,1,1,15,1,85,159,1354,94),(13131,1,1,10,1,85,159,1356,94),(13132,1,1,10,1,85,159,1358,94),(13133,1,1,8.75,1,85,159,1360,94),(13134,1,1,10,1,85,159,1366,94),(13135,1,1,13,1,85,159,1368,94),(13136,1,1,14,1,85,159,1374,94),(13137,1,1,11,1,85,159,1392,94),(13138,1,1,13,1,85,159,1396,94),(13139,1,1,13,1,85,159,1398,94),(13140,1,1,10,1,85,159,1402,94),(13141,1,1,10.5,1,85,159,1414,94),(13142,1,1,8.5,1,85,159,1420,94),(13143,1,1,13,1,85,159,1424,94),(13144,1,1,13,1,85,159,1426,94),(13145,1,1,9,1,85,159,1428,94),(13146,1,1,8,1,85,159,1442,94),(13147,1,0,17.5,1,85,162,1342,91),(13148,1,0,7.5,1,85,162,1344,91),(13149,1,0,7.5,1,85,162,1346,91),(13150,1,0,8.5,1,85,162,1348,91),(13151,1,0,15.5,1,85,162,1350,91),(13152,1,0,2.75,1,85,162,1352,91),(13153,1,0,18,1,85,162,1354,91),(13154,1,0,10.75,1,85,162,1356,91),(13155,1,0,6,1,85,162,1358,91),(13156,1,0,12.5,1,85,162,1360,91),(13157,1,0,13,1,85,162,1362,91),(13158,1,0,13,1,85,162,1364,91),(13159,1,0,9.5,1,85,162,1366,91),(13160,1,0,17.5,1,85,162,1368,91),(13161,1,0,17.5,1,85,162,1370,91),(13162,1,0,15,1,85,162,1372,91),(13163,1,0,10,1,85,162,1374,91),(13164,1,0,16,1,85,162,1378,91),(13165,1,0,12,1,85,162,1380,91),(13166,1,0,18,1,85,162,1382,91),(13167,1,0,14,1,85,162,1384,91),(13168,1,0,3,1,85,162,1386,91),(13169,1,0,14,1,85,162,1388,91),(13170,1,0,10,1,85,162,1390,91),(13171,1,0,11.5,1,85,162,1392,91),(13172,1,0,9.5,1,85,162,1394,91),(13173,1,0,17.5,1,85,162,1396,91),(13174,1,0,14.5,1,85,162,1398,91),(13175,1,0,12.5,1,85,162,1400,91),(13176,1,0,5,1,85,162,1402,91),(13177,1,0,8,1,85,162,1406,91),(13178,1,0,15.5,1,85,162,1408,91),(13179,1,0,16,1,85,162,1410,91),(13180,1,0,9,1,85,162,1412,91),(13181,1,0,3.75,1,85,162,1414,91),(13182,1,0,18,1,85,162,1416,91),(13183,1,0,14.5,1,85,162,1418,91),(13184,1,0,4.5,1,85,162,1420,91),(13185,1,0,19,1,85,162,1422,91),(13186,1,0,11,1,85,162,1424,91),(13187,1,0,9.5,1,85,162,1426,91),(13188,1,0,13.5,1,85,162,1428,91),(13189,1,0,19,1,85,162,1430,91),(13190,1,0,12.25,1,85,162,1432,91),(13191,1,0,14.5,1,85,162,1434,91),(13192,1,0,14,1,85,162,1436,91),(13193,1,0,14,1,85,162,1438,91),(13194,1,0,11,1,85,162,1440,91),(13195,1,0,16.5,1,85,162,1442,91),(13196,1,0,19,1,85,162,1444,91),(13197,1,0,15,1,85,162,1342,93),(13198,1,0,16,1,85,162,1344,93),(13199,1,0,15,1,85,162,1346,93),(13200,1,0,17,1,85,162,1348,93),(13201,1,0,17,1,85,162,1350,93),(13202,1,0,15,1,85,162,1352,93),(13203,1,0,15,1,85,162,1354,93),(13204,1,0,14,1,85,162,1356,93),(13205,1,0,15,1,85,162,1358,93),(13206,1,0,16,1,85,162,1360,93),(13207,1,0,14,1,85,162,1362,93),(13208,1,0,14,1,85,162,1364,93),(13209,1,0,14,1,85,162,1366,93),(13210,1,0,17,1,85,162,1368,93),(13211,1,0,14,1,85,162,1370,93),(13212,1,0,15,1,85,162,1372,93),(13213,1,0,10,1,85,162,1374,93),(13214,1,0,14,1,85,162,1378,93),(13215,1,0,17,1,85,162,1380,93),(13216,1,0,16,1,85,162,1382,93),(13217,1,0,13,1,85,162,1384,93),(13218,1,0,15,1,85,162,1386,93),(13219,1,0,16,1,85,162,1388,93),(13220,1,0,14,1,85,162,1390,93),(13221,1,0,15,1,85,162,1392,93),(13222,1,0,13,1,85,162,1394,93),(13223,1,0,16,1,85,162,1396,93),(13224,1,0,16,1,85,162,1398,93),(13225,1,0,16,1,85,162,1400,93),(13226,1,0,13,1,85,162,1402,93),(13227,1,0,16,1,85,162,1404,93),(13228,1,0,13,1,85,162,1406,93),(13229,1,0,10,1,85,162,1408,93),(13230,1,0,16,1,85,162,1410,93),(13231,1,0,13,1,85,162,1412,93),(13232,1,0,16,1,85,162,1414,93),(13233,1,0,14,1,85,162,1416,93),(13234,1,0,17,1,85,162,1418,93),(13235,1,0,13,1,85,162,1420,93),(13236,1,0,16,1,85,162,1422,93),(13237,1,0,13,1,85,162,1424,93),(13238,1,0,16,1,85,162,1426,93),(13239,1,0,16,1,85,162,1428,93),(13240,1,0,15,1,85,162,1430,93),(13241,1,0,17,1,85,162,1432,93),(13242,1,0,17,1,85,162,1434,93),(13243,1,0,13,1,85,162,1436,93),(13244,1,0,16,1,85,162,1438,93),(13245,1,0,14,1,85,162,1440,93),(13246,1,0,16,1,85,162,1442,93),(13247,1,0,16,1,85,162,1444,93),(13248,1,0,13,1,85,162,1446,93),(13249,1,0,8,1,85,162,1342,94),(13250,1,0,5,1,85,162,1344,94),(13251,1,0,1.5,1,85,162,1346,94),(13252,1,0,17.5,1,85,162,1348,94),(13253,1,0,4,1,85,162,1350,94),(13254,1,0,8,1,85,162,1354,94),(13255,1,0,8,1,85,162,1356,94),(13256,1,0,4,1,85,162,1358,94),(13257,1,0,5,1,85,162,1360,94),(13258,1,0,5,1,85,162,1362,94),(13259,1,0,9,1,85,162,1364,94),(13260,1,0,4,1,85,162,1366,94),(13261,1,0,5,1,85,162,1368,94),(13262,1,0,5,1,85,162,1370,94),(13263,1,0,6,1,85,162,1374,94),(13264,1,0,4,1,85,162,1378,94),(13265,1,0,8,1,85,162,1380,94),(13266,1,0,13,1,85,162,1382,94),(13267,1,0,1,1,85,162,1386,94),(13268,1,0,12,1,85,162,1388,94),(13269,1,0,3,1,85,162,1390,94),(13270,1,0,8,1,85,162,1392,94),(13271,1,0,6.5,1,85,162,1394,94),(13272,1,0,6,1,85,162,1396,94),(13273,1,0,9,1,85,162,1398,94),(13274,1,0,7,1,85,162,1400,94),(13275,1,0,5,1,85,162,1402,94),(13276,1,0,7,1,85,162,1406,94),(13277,1,0,8,1,85,162,1410,94),(13278,1,0,9,1,85,162,1412,94),(13279,1,0,4,1,85,162,1414,94),(13280,1,0,11,1,85,162,1416,94),(13281,1,0,6,1,85,162,1418,94),(13282,1,0,4.5,1,85,162,1420,94),(13283,1,0,11.5,1,85,162,1422,94),(13284,1,0,6,1,85,162,1424,94),(13285,1,0,7.5,1,85,162,1426,94),(13286,1,0,5,1,85,162,1428,94),(13287,1,0,13,1,85,162,1430,94),(13288,1,0,2,1,85,162,1432,94),(13289,1,0,9.5,1,85,162,1434,94),(13290,1,0,6.5,1,85,162,1436,94),(13291,1,0,7,1,85,162,1438,94),(13292,1,0,8,1,85,162,1440,94),(13293,1,0,7,1,85,162,1442,94),(13294,1,0,17,1,85,162,1444,94),(13295,1,0,1.5,1,85,162,1446,94),(13296,1,1,9,1,85,162,1360,94),(13297,1,1,15,1,85,162,1362,94),(13298,1,1,13.5,1,85,162,1394,94),(13299,1,1,17,1,85,162,1406,94),(13300,1,1,2,1,85,162,1432,94),(13301,1,0,13,1,85,161,1342,91),(13302,1,0,15,1,85,161,1344,91),(13303,1,0,12,1,85,161,1346,91),(13304,1,0,12,1,85,161,1348,91),(13305,1,0,16.5,1,85,161,1350,91),(13306,1,0,17,1,85,161,1352,91),(13307,1,0,11,1,85,161,1354,91),(13308,1,0,15,1,85,161,1356,91),(13309,1,0,17,1,85,161,1358,91),(13310,1,0,11,1,85,161,1360,91),(13311,1,0,15,1,85,161,1362,91),(13312,1,0,14,1,85,161,1364,91),(13313,1,0,14,1,85,161,1366,91),(13314,1,0,11,1,85,161,1368,91),(13315,1,0,17,1,85,161,1370,91),(13316,1,0,13,1,85,161,1372,91),(13317,1,0,14,1,85,161,1374,91),(13318,1,0,14,1,85,161,1376,91),(13319,1,0,15,1,85,161,1378,91),(13320,1,0,14,1,85,161,1380,91),(13321,1,0,14,1,85,161,1382,91),(13322,1,0,9,1,85,161,1384,91),(13323,1,0,18,1,85,161,1386,91),(13324,1,0,18,1,85,161,1388,91),(13325,1,0,12,1,85,161,1390,91),(13326,1,0,17.5,1,85,161,1392,91),(13327,1,0,11,1,85,161,1394,91),(13328,1,0,12,1,85,161,1396,91),(13329,1,0,11,1,85,161,1398,91),(13330,1,0,8,1,85,161,1400,91),(13331,1,0,13,1,85,161,1402,91),(13332,1,0,10,1,85,161,1406,91),(13333,1,0,8,1,85,161,1410,91),(13334,1,0,13,1,85,161,1412,91),(13335,1,0,14,1,85,161,1414,91),(13336,1,0,12,1,85,161,1416,91),(13337,1,0,12,1,85,161,1418,91),(13338,1,0,8,1,85,161,1420,91),(13339,1,0,14,1,85,161,1422,91),(13340,1,0,7,1,85,161,1424,91),(13341,1,0,10,1,85,161,1426,91),(13342,1,0,11,1,85,161,1428,91),(13343,1,0,17,1,85,161,1430,91),(13344,1,0,15.5,1,85,161,1432,91),(13345,1,0,18,1,85,161,1434,91),(13346,1,0,12,1,85,161,1436,91),(13347,1,0,17,1,85,161,1438,91),(13348,1,0,10,1,85,161,1440,91),(13349,1,0,8,1,85,161,1442,91),(13350,1,0,14,1,85,161,1444,91),(13351,1,0,12,1,85,161,1446,91),(13352,1,0,12,1,85,161,1342,93),(13353,1,0,11,1,85,161,1344,93),(13354,1,0,10,1,85,161,1346,93),(13355,1,0,12,1,85,161,1348,93),(13356,1,0,13,1,85,161,1350,93),(13357,1,0,14,1,85,161,1352,93),(13358,1,0,12,1,85,161,1354,93),(13359,1,0,10,1,85,161,1356,93),(13360,1,0,12,1,85,161,1358,93),(13361,1,0,10,1,85,161,1360,93),(13362,1,0,12,1,85,161,1362,93),(13363,1,0,11.5,1,85,161,1364,93),(13364,1,0,12.5,1,85,161,1366,93),(13365,1,0,11,1,85,161,1368,93),(13366,1,0,10,1,85,161,1370,93),(13367,1,0,12,1,85,161,1372,93),(13368,1,0,11,1,85,161,1374,93),(13369,1,0,15,1,85,161,1376,93),(13370,1,0,12,1,85,161,1378,93),(13371,1,0,11,1,85,161,1380,93),(13372,1,0,10,1,85,161,1382,93),(13373,1,0,11,1,85,161,1384,93),(13374,1,0,14,1,85,161,1386,93),(13375,1,0,11.5,1,85,161,1388,93),(13376,1,0,10.5,1,85,161,1390,93),(13377,1,0,12,1,85,161,1392,93),(13378,1,0,11.5,1,85,161,1394,93),(13379,1,0,10,1,85,161,1396,93),(13380,1,0,12,1,85,161,1398,93),(13381,1,0,13,1,85,161,1400,93),(13382,1,0,11,1,85,161,1402,93),(13383,1,0,12,1,85,161,1406,93),(13384,1,0,11.5,1,85,161,1410,93),(13385,1,0,14,1,85,161,1412,93),(13386,1,0,10,1,85,161,1414,93),(13387,1,0,11,1,85,161,1416,93),(13388,1,0,14,1,85,161,1418,93),(13389,1,0,16,1,85,161,1420,93),(13390,1,0,13,1,85,161,1422,93),(13391,1,0,13,1,85,161,1424,93),(13392,1,0,14,1,85,161,1426,93),(13393,1,0,13,1,85,161,1428,93),(13394,1,0,11,1,85,161,1430,93),(13395,1,0,12,1,85,161,1432,93),(13396,1,0,10,1,85,161,1434,93),(13397,1,0,13,1,85,161,1436,93),(13398,1,0,12,1,85,161,1438,93),(13399,1,0,12,1,85,161,1440,93),(13400,1,0,11.5,1,85,161,1442,93),(13401,1,0,14,1,85,161,1444,93),(13402,1,0,12,1,85,161,1446,93),(13403,1,0,17,1,85,161,1342,94),(13404,1,0,15,1,85,161,1344,94),(13405,1,0,16,1,85,161,1346,94),(13406,1,0,15.5,1,85,161,1348,94),(13407,1,0,15.5,1,85,161,1350,94),(13408,1,0,15.5,1,85,161,1352,94),(13409,1,0,17,1,85,161,1354,94),(13410,1,0,16,1,85,161,1356,94),(13411,1,0,14.5,1,85,161,1358,94),(13412,1,0,12,1,85,161,1360,94),(13413,1,0,15,1,85,161,1362,94),(13414,1,0,14.5,1,85,161,1364,94),(13415,1,0,16.5,1,85,161,1366,94),(13416,1,0,14.5,1,85,161,1368,94),(13417,1,0,14,1,85,161,1370,94),(13418,1,0,15,1,85,161,1374,94),(13419,1,0,16,1,85,161,1378,94),(13420,1,0,15,1,85,161,1380,94),(13421,1,0,14,1,85,161,1382,94),(13422,1,0,13.5,1,85,161,1386,94),(13423,1,0,15,1,85,161,1388,94),(13424,1,0,15,1,85,161,1390,94),(13425,1,0,16,1,85,161,1392,94),(13426,1,0,15.5,1,85,161,1394,94),(13427,1,0,16,1,85,161,1396,94),(13428,1,0,17.5,1,85,161,1398,94),(13429,1,0,15.5,1,85,161,1400,94),(13430,1,0,12,1,85,161,1402,94),(13431,1,0,13,1,85,161,1406,94),(13432,1,0,15.5,1,85,161,1410,94),(13433,1,0,15.5,1,85,161,1412,94),(13434,1,0,15.5,1,85,161,1414,94),(13435,1,0,15.5,1,85,161,1418,94),(13436,1,0,13,1,85,161,1420,94),(13437,1,0,18,1,85,161,1422,94),(13438,1,0,14.5,1,85,161,1424,94),(13439,1,0,16.5,1,85,161,1426,94),(13440,1,0,17.5,1,85,161,1428,94),(13441,1,0,16,1,85,161,1430,94),(13442,1,0,14.5,1,85,161,1432,94),(13443,1,0,16,1,85,161,1434,94),(13444,1,0,16,1,85,161,1438,94),(13445,1,0,16.5,1,85,161,1440,94),(13446,1,0,14,1,85,161,1442,94),(13447,1,0,16,1,85,161,1444,94),(13448,1,0,11.5,1,85,161,1446,94),(13449,1,0,4.5,1,85,156,1342,91),(13450,1,0,8,1,85,156,1344,91),(13451,1,0,2.5,1,85,156,1346,91),(13452,1,0,10.5,1,85,156,1348,91),(13453,1,0,6.75,1,85,156,1350,91),(13454,1,0,6,1,85,156,1352,91),(13455,1,0,5.5,1,85,156,1354,91),(13456,1,0,3,1,85,156,1356,91),(13457,1,0,7.5,1,85,156,1358,91),(13458,1,0,1,1,85,156,1360,91),(13459,1,0,9,1,85,156,1362,91),(13460,1,0,6,1,85,156,1364,91),(13461,1,0,6,1,85,156,1366,91),(13462,1,0,4.5,1,85,156,1368,91),(13463,1,0,8,1,85,156,1370,91),(13464,1,0,3.5,1,85,156,1374,91),(13465,1,0,5,1,85,156,1376,91),(13466,1,0,5.5,1,85,156,1378,91),(13467,1,0,9.5,1,85,156,1380,91),(13468,1,0,7.5,1,85,156,1382,91),(13469,1,0,3.5,1,85,156,1386,91),(13470,1,0,11.5,1,85,156,1388,91),(13471,1,0,3.5,1,85,156,1390,91),(13472,1,0,15,1,85,156,1392,91),(13473,1,0,10,1,85,156,1394,91),(13474,1,0,5,1,85,156,1396,91),(13475,1,0,6,1,85,156,1398,91),(13476,1,0,3.5,1,85,156,1400,91),(13477,1,0,2,1,85,156,1402,91),(13478,1,0,3,1,85,156,1406,91),(13479,1,0,5,1,85,156,1410,91),(13480,1,0,8,1,85,156,1412,91),(13481,1,0,5.5,1,85,156,1414,91),(13482,1,0,11,1,85,156,1418,91),(13483,1,0,10.5,1,85,156,1420,91),(13484,1,0,6.5,1,85,156,1422,91),(13485,1,0,7,1,85,156,1424,91),(13486,1,0,7.5,1,85,156,1426,91),(13487,1,0,9.5,1,85,156,1428,91),(13488,1,0,12,1,85,156,1430,91),(13489,1,0,2.5,1,85,156,1432,91),(13490,1,0,7,1,85,156,1434,91),(13491,1,0,15.5,1,85,156,1438,91),(13492,1,0,8,1,85,156,1440,91),(13493,1,0,8,1,85,156,1442,91),(13494,1,0,11.5,1,85,156,1444,91),(13495,1,0,6.5,1,85,156,1446,91),(13496,1,0,15,1,85,156,1342,93),(13497,1,0,16,1,85,156,1344,93),(13498,1,0,16.5,1,85,156,1346,93),(13499,1,0,15.5,1,85,156,1348,93),(13500,1,0,15,1,85,156,1350,93),(13501,1,0,15.5,1,85,156,1352,93),(13502,1,0,16,1,85,156,1354,93),(13503,1,0,14.5,1,85,156,1356,93),(13504,1,0,14,1,85,156,1358,93),(13505,1,0,15,1,85,156,1360,93),(13506,1,0,14.5,1,85,156,1362,93),(13507,1,0,17,1,85,156,1364,93),(13508,1,0,17,1,85,156,1366,93),(13509,1,0,15,1,85,156,1368,93),(13510,1,0,16.5,1,85,156,1370,93),(13511,1,0,15,1,85,156,1374,93),(13512,1,0,16,1,85,156,1378,93),(13513,1,0,16.5,1,85,156,1380,93),(13514,1,0,13,1,85,156,1382,93),(13515,1,0,16,1,85,156,1386,93),(13516,1,0,15,1,85,156,1388,93),(13517,1,0,16,1,85,156,1390,93),(13518,1,0,14.5,1,85,156,1392,93),(13519,1,0,15,1,85,156,1394,93),(13520,1,0,15,1,85,156,1396,93),(13521,1,0,16,1,85,156,1398,93),(13522,1,0,16.5,1,85,156,1400,93),(13523,1,0,15.5,1,85,156,1402,93),(13524,1,0,14.5,1,85,156,1406,93),(13525,1,0,16.5,1,85,156,1410,93),(13526,1,0,15,1,85,156,1412,93),(13527,1,0,15.5,1,85,156,1414,93),(13528,1,0,15.5,1,85,156,1418,93),(13529,1,0,17.5,1,85,156,1420,93),(13530,1,0,17,1,85,156,1422,93),(13531,1,0,15.5,1,85,156,1424,93),(13532,1,0,14.5,1,85,156,1426,93),(13533,1,0,15,1,85,156,1428,93),(13534,1,0,15.5,1,85,156,1430,93),(13535,1,0,14.5,1,85,156,1432,93),(13536,1,0,15,1,85,156,1434,93),(13537,1,0,16.5,1,85,156,1438,93),(13538,1,0,16.5,1,85,156,1440,93),(13539,1,0,16.5,1,85,156,1442,93),(13540,1,0,14.5,1,85,156,1444,93),(13541,1,0,11,1,85,156,1342,94),(13542,1,0,12,1,85,156,1344,94),(13543,1,0,5.5,1,85,156,1346,94),(13544,1,0,17,1,85,156,1348,94),(13545,1,0,6,1,85,156,1350,94),(13546,1,0,2.5,1,85,156,1352,94),(13547,1,0,9,1,85,156,1354,94),(13548,1,0,11,1,85,156,1356,94),(13549,1,0,5,1,85,156,1358,94),(13550,1,0,4.5,1,85,156,1360,94),(13551,1,0,14,1,85,156,1362,94),(13552,1,0,15,1,85,156,1364,94),(13553,1,0,5,1,85,156,1366,94),(13554,1,0,13.5,1,85,156,1368,94),(13555,1,0,8.5,1,85,156,1370,94),(13556,1,0,4.5,1,85,156,1374,94),(13557,1,0,14,1,85,156,1378,94),(13558,1,0,12.5,1,85,156,1380,94),(13559,1,0,11,1,85,156,1382,94),(13560,1,0,6.5,1,85,156,1386,94),(13561,1,0,10,1,85,156,1388,94),(13562,1,0,7,1,85,156,1390,94),(13563,1,0,13,1,85,156,1392,94),(13564,1,0,17,1,85,156,1394,94),(13565,1,0,11.5,1,85,156,1396,94),(13566,1,0,8.5,1,85,156,1398,94),(13567,1,0,4.5,1,85,156,1400,94),(13568,1,0,9,1,85,156,1402,94),(13569,1,0,0,1,85,156,1406,94),(13570,1,0,12.5,1,85,156,1410,94),(13571,1,0,11,1,85,156,1412,94),(13572,1,0,4,1,85,156,1414,94),(13573,1,0,12.5,1,85,156,1418,94),(13574,1,0,13,1,85,156,1420,94),(13575,1,0,8,1,85,156,1422,94),(13576,1,0,9.5,1,85,156,1424,94),(13577,1,0,12.25,1,85,156,1426,94),(13578,1,0,14,1,85,156,1428,94),(13579,1,0,17.5,1,85,156,1430,94),(13580,1,0,5.5,1,85,156,1432,94),(13581,1,0,14.5,1,85,156,1434,94),(13582,1,0,13,1,85,156,1438,94),(13583,1,0,8.5,1,85,156,1440,94),(13584,1,0,8.5,1,85,156,1442,94),(13585,1,0,13,1,85,156,1444,94),(13586,1,0,13.5,1,85,156,1446,94),(13587,1,1,12,1,85,156,1346,94),(13588,1,1,13,1,85,156,1350,94),(13589,1,1,7,1,85,156,1352,94),(13590,1,1,12,1,85,156,1358,94),(13591,1,1,9.5,1,85,156,1360,94),(13592,1,1,11,1,85,156,1366,94),(13593,1,1,9,1,85,156,1370,94),(13594,1,1,7.5,1,85,156,1374,94),(13595,1,1,4,1,85,156,1386,94),(13596,1,1,8,1,85,156,1390,94),(13597,1,1,14,1,85,156,1398,94),(13598,1,1,8.5,1,85,156,1400,94),(13599,1,1,7,1,85,156,1402,94),(13600,1,1,8,1,85,156,1406,94),(13601,1,1,6,1,85,156,1414,94),(13602,1,1,9.5,1,85,156,1422,94),(13603,1,1,7,1,85,156,1432,94),(13604,1,1,10.5,1,85,156,1440,94),(13605,1,1,5,1,85,156,1442,94),(13606,1,0,10,1,85,158,1342,91),(13607,1,0,11,1,85,158,1344,91),(13608,1,0,8,1,85,158,1346,91),(13609,1,0,12,1,85,158,1348,91),(13610,1,0,7,1,85,158,1350,91),(13611,1,0,5,1,85,158,1352,91),(13612,1,0,6,1,85,158,1354,91),(13613,1,0,8,1,85,158,1356,91),(13614,1,0,11,1,85,158,1358,91),(13615,1,0,11,1,85,158,1360,91),(13616,1,0,9,1,85,158,1362,91),(13617,1,0,9,1,85,158,1364,91),(13618,1,0,11,1,85,158,1366,91),(13619,1,0,8,1,85,158,1368,91),(13620,1,0,13,1,85,158,1370,91),(13621,1,0,9,1,85,158,1374,91),(13622,1,0,9,1,85,158,1378,91),(13623,1,0,12,1,85,158,1380,91),(13624,1,0,11,1,85,158,1382,91),(13625,1,0,7,1,85,158,1386,91),(13626,1,0,8,1,85,158,1388,91),(13627,1,0,11,1,85,158,1390,91),(13628,1,0,12,1,85,158,1392,91),(13629,1,0,13,1,85,158,1394,91),(13630,1,0,9,1,85,158,1396,91),(13631,1,0,12,1,85,158,1398,91),(13632,1,0,12,1,85,158,1400,91),(13633,1,0,10,1,85,158,1402,91),(13634,1,0,9,1,85,158,1406,91),(13635,1,0,6,1,85,158,1410,91),(13636,1,0,12,1,85,158,1412,91),(13637,1,0,8,1,85,158,1414,91),(13638,1,0,4,1,85,158,1418,91),(13639,1,0,6,1,85,158,1420,91),(13640,1,0,11,1,85,158,1422,91),(13641,1,0,8,1,85,158,1424,91),(13642,1,0,14,1,85,158,1426,91),(13643,1,0,12,1,85,158,1428,91),(13644,1,0,10,1,85,158,1430,91),(13645,1,0,11,1,85,158,1432,91),(13646,1,0,12,1,85,158,1434,91),(13647,1,0,10,1,85,158,1438,91),(13648,1,0,12,1,85,158,1440,91),(13649,1,0,11,1,85,158,1442,91),(13650,1,0,11,1,85,158,1444,91),(13651,1,0,16,1,85,158,1342,93),(13652,1,0,16,1,85,158,1344,93),(13653,1,0,16,1,85,158,1346,93),(13654,1,0,16,1,85,158,1348,93),(13655,1,0,16,1,85,158,1350,93),(13656,1,0,16,1,85,158,1352,93),(13657,1,0,16,1,85,158,1354,93),(13658,1,0,16,1,85,158,1356,93),(13659,1,0,12,1,85,158,1358,93),(13660,1,0,12,1,85,158,1360,93),(13661,1,0,12,1,85,158,1362,93),(13662,1,0,12,1,85,158,1364,93),(13663,1,0,12,1,85,158,1366,93),(13664,1,0,12,1,85,158,1368,93),(13665,1,0,12,1,85,158,1370,93),(13666,1,0,12,1,85,158,1374,93),(13667,1,0,12,1,85,158,1378,93),(13668,1,0,15,1,85,158,1380,93),(13669,1,0,15,1,85,158,1382,93),(13670,1,0,15,1,85,158,1386,93),(13671,1,0,15,1,85,158,1388,93),(13672,1,0,15,1,85,158,1390,93),(13673,1,0,15,1,85,158,1392,93),(13674,1,0,15,1,85,158,1394,93),(13675,1,0,14,1,85,158,1396,93),(13676,1,0,14,1,85,158,1398,93),(13677,1,0,14,1,85,158,1400,93),(13678,1,0,14,1,85,158,1402,93),(13679,1,0,14,1,85,158,1406,93),(13680,1,0,14,1,85,158,1410,93),(13681,1,0,14,1,85,158,1412,93),(13682,1,0,14,1,85,158,1414,93),(13683,1,0,17,1,85,158,1418,93),(13684,1,0,17,1,85,158,1420,93),(13685,1,0,17,1,85,158,1422,93),(13686,1,0,17,1,85,158,1424,93),(13687,1,0,17,1,85,158,1426,93),(13688,1,0,17,1,85,158,1428,93),(13689,1,0,17,1,85,158,1430,93),(13690,1,0,17,1,85,158,1432,93),(13691,1,0,17,1,85,158,1434,93),(13692,1,0,17,1,85,158,1438,93),(13693,1,0,17,1,85,158,1440,93),(13694,1,0,17,1,85,158,1442,93),(13695,1,0,17,1,85,158,1444,93),(13696,1,0,12,1,85,158,1342,94),(13697,1,0,13.5,1,85,158,1344,94),(13698,1,0,7,1,85,158,1346,94),(13699,1,0,15.5,1,85,158,1348,94),(13700,1,0,10,1,85,158,1350,94),(13701,1,0,8,1,85,158,1352,94),(13702,1,0,8,1,85,158,1354,94),(13703,1,0,8,1,85,158,1356,94),(13704,1,0,11,1,85,158,1358,94),(13705,1,0,10,1,85,158,1360,94),(13706,1,0,9,1,85,158,1362,94),(13707,1,0,11,1,85,158,1364,94),(13708,1,0,7,1,85,158,1366,94),(13709,1,0,7.5,1,85,158,1368,94),(13710,1,0,13,1,85,158,1370,94),(13711,1,0,12,1,85,158,1374,94),(13712,1,0,12,1,85,158,1378,94),(13713,1,0,7,1,85,158,1380,94),(13714,1,0,9.5,1,85,158,1382,94),(13715,1,0,6,1,85,158,1386,94),(13716,1,0,15,1,85,158,1388,94),(13717,1,0,11,1,85,158,1390,94),(13718,1,0,15,1,85,158,1392,94),(13719,1,0,13,1,85,158,1394,94),(13720,1,0,11.5,1,85,158,1396,94),(13721,1,0,9.5,1,85,158,1398,94),(13722,1,0,10,1,85,158,1400,94),(13723,1,0,9.5,1,85,158,1402,94),(13724,1,0,11,1,85,158,1406,94),(13725,1,0,7.5,1,85,158,1410,94),(13726,1,0,17,1,85,158,1412,94),(13727,1,0,9.5,1,85,158,1414,94),(13728,1,0,6,1,85,158,1418,94),(13729,1,0,8,1,85,158,1420,94),(13730,1,0,11,1,85,158,1422,94),(13731,1,0,13,1,85,158,1424,94),(13732,1,0,11,1,85,158,1426,94),(13733,1,0,8,1,85,158,1428,94),(13734,1,0,7,1,85,158,1430,94),(13735,1,0,7,1,85,158,1432,94),(13736,1,0,12,1,85,158,1434,94),(13737,1,0,7,1,85,158,1438,94),(13738,1,0,9,1,85,158,1440,94),(13739,1,0,9.5,1,85,158,1442,94),(13740,1,0,13.5,1,85,158,1444,94),(13741,1,1,13,1,85,158,1346,94),(13742,1,1,14,1,85,158,1354,94),(13743,1,1,13,1,85,158,1356,94),(13744,1,1,14,1,85,158,1366,94),(13745,1,1,13,1,85,158,1368,94),(13746,1,1,13,1,85,158,1386,94),(13747,1,1,13,1,85,158,1420,94),(13748,1,1,14,1,85,158,1438,94),(13749,1,0,8,1,85,153,1342,91),(13750,1,0,11,1,85,153,1344,91),(13751,1,0,6.5,1,85,153,1346,91),(13752,1,0,12,1,85,153,1348,91),(13753,1,0,15,1,85,153,1350,91),(13754,1,0,1.5,1,85,153,1352,91),(13755,1,0,8.5,1,85,153,1354,91),(13756,1,0,7.5,1,85,153,1356,91),(13757,1,0,8,1,85,153,1358,91),(13758,1,0,4,1,85,153,1360,91),(13759,1,0,8,1,85,153,1362,91),(13760,1,0,10.5,1,85,153,1364,91),(13761,1,0,6.5,1,85,153,1366,91),(13762,1,0,8.5,1,85,153,1368,91),(13763,1,0,11.5,1,85,153,1370,91),(13764,1,0,10,1,85,153,1374,91),(13765,1,0,9,1,85,153,1378,91),(13766,1,0,9.5,1,85,153,1380,91),(13767,1,0,8,1,85,153,1382,91),(13768,1,0,2,1,85,153,1386,91),(13769,1,0,14,1,85,153,1388,91),(13770,1,0,7,1,85,153,1390,91),(13771,1,0,13,1,85,153,1392,91),(13772,1,0,9.5,1,85,153,1394,91),(13773,1,0,10.5,1,85,153,1396,91),(13774,1,0,8.5,1,85,153,1398,91),(13775,1,0,9.5,1,85,153,1400,91),(13776,1,0,14,1,85,153,1402,91),(13777,1,0,6,1,85,153,1406,91),(13778,1,0,13,1,85,153,1410,91),(13779,1,0,11.5,1,85,153,1412,91),(13780,1,0,9,1,85,153,1414,91),(13781,1,0,7.5,1,85,153,1418,91),(13782,1,0,10,1,85,153,1420,91),(13783,1,0,5,1,85,153,1422,91),(13784,1,0,13.5,1,85,153,1424,91),(13785,1,0,11,1,85,153,1426,91),(13786,1,0,12,1,85,153,1428,91),(13787,1,0,13.5,1,85,153,1430,91),(13788,1,0,9,1,85,153,1432,91),(13789,1,0,11.5,1,85,153,1434,91),(13790,1,0,11.5,1,85,153,1438,91),(13791,1,0,8.5,1,85,153,1440,91),(13792,1,0,1,1,85,153,1442,91),(13793,1,0,10.5,1,85,153,1444,91),(13794,1,0,5,1,85,153,1446,91),(13795,1,0,5,1,85,153,1208,91),(13796,1,0,11,1,85,153,1171,91),(13797,1,0,11,1,85,153,1219,91),(13798,1,0,15,1,85,153,1342,93),(13799,1,0,17,1,85,153,1344,93),(13800,1,0,15,1,85,153,1346,93),(13801,1,0,17,1,85,153,1348,93),(13802,1,0,16.5,1,85,153,1350,93),(13803,1,0,15,1,85,153,1352,93),(13804,1,0,15,1,85,153,1354,93),(13805,1,0,15,1,85,153,1356,93),(13806,1,0,15,1,85,153,1358,93),(13807,1,0,15,1,85,153,1360,93),(13808,1,0,15,1,85,153,1362,93),(13809,1,0,17,1,85,153,1364,93),(13810,1,0,15,1,85,153,1366,93),(13811,1,0,15,1,85,153,1368,93),(13812,1,0,17,1,85,153,1370,93),(13813,1,0,17,1,85,153,1374,93),(13814,1,0,15,1,85,153,1378,93),(13815,1,0,15,1,85,153,1380,93),(13816,1,0,15,1,85,153,1382,93),(13817,1,0,15,1,85,153,1386,93),(13818,1,0,16.5,1,85,153,1388,93),(13819,1,0,15,1,85,153,1390,93),(13820,1,0,17,1,85,153,1392,93),(13821,1,0,15,1,85,153,1394,93),(13822,1,0,17,1,85,153,1396,93),(13823,1,0,15,1,85,153,1398,93),(13824,1,0,15,1,85,153,1400,93),(13825,1,0,17,1,85,153,1402,93),(13826,1,0,15,1,85,153,1406,93),(13827,1,0,17,1,85,153,1410,93),(13828,1,0,17,1,85,153,1412,93),(13829,1,0,15,1,85,153,1414,93),(13830,1,0,15,1,85,153,1418,93),(13831,1,0,15,1,85,153,1420,93),(13832,1,0,15,1,85,153,1422,93),(13833,1,0,17,1,85,153,1424,93),(13834,1,0,17,1,85,153,1426,93),(13835,1,0,17,1,85,153,1428,93),(13836,1,0,16.5,1,85,153,1430,93),(13837,1,0,15,1,85,153,1432,93),(13838,1,0,17,1,85,153,1434,93),(13839,1,0,17,1,85,153,1438,93),(13840,1,0,15,1,85,153,1440,93),(13841,1,0,15,1,85,153,1442,93),(13842,1,0,17,1,85,153,1444,93),(13843,1,0,15,1,85,153,1446,93),(13844,1,0,15,1,85,153,1208,93),(13845,1,0,17,1,85,153,1171,93),(13846,1,0,16,1,85,153,1219,93),(13847,1,0,13.5,1,85,153,1342,94),(13848,1,0,10.5,1,85,153,1344,94),(13849,1,0,8.5,1,85,153,1346,94),(13850,1,0,11,1,85,153,1348,94),(13851,1,0,8.5,1,85,153,1350,94),(13852,1,0,3.5,1,85,153,1352,94),(13853,1,0,15,1,85,153,1354,94),(13854,1,0,6,1,85,153,1356,94),(13855,1,0,5,1,85,153,1358,94),(13856,1,0,11,1,85,153,1360,94),(13857,1,0,8.5,1,85,153,1362,94),(13858,1,0,10,1,85,153,1364,94),(13859,1,0,9.5,1,85,153,1366,94),(13860,1,0,12,1,85,153,1368,94),(13861,1,0,7.5,1,85,153,1370,94),(13862,1,0,16,1,85,153,1374,94),(13863,1,0,11,1,85,153,1378,94),(13864,1,0,13.5,1,85,153,1380,94),(13865,1,0,17,1,85,153,1382,94),(13866,1,0,8,1,85,153,1386,94),(13867,1,0,11,1,85,153,1388,94),(13868,1,0,7.5,1,85,153,1390,94),(13869,1,0,17,1,85,153,1392,94),(13870,1,0,13,1,85,153,1394,94),(13871,1,0,14.5,1,85,153,1396,94),(13872,1,0,8,1,85,153,1398,94),(13873,1,0,12,1,85,153,1400,94),(13874,1,0,13,1,85,153,1402,94),(13875,1,0,5.5,1,85,153,1406,94),(13876,1,0,14,1,85,153,1410,94),(13877,1,0,13,1,85,153,1412,94),(13878,1,0,4,1,85,153,1414,94),(13879,1,0,11,1,85,153,1418,94),(13880,1,0,11.5,1,85,153,1420,94),(13881,1,0,12,1,85,153,1422,94),(13882,1,0,12.5,1,85,153,1424,94),(13883,1,0,10,1,85,153,1426,94),(13884,1,0,13,1,85,153,1428,94),(13885,1,0,11,1,85,153,1430,94),(13886,1,0,6,1,85,153,1432,94),(13887,1,0,13,1,85,153,1434,94),(13888,1,0,15,1,85,153,1438,94),(13889,1,0,12,1,85,153,1440,94),(13890,1,0,9.5,1,85,153,1442,94),(13891,1,0,11,1,85,153,1444,94),(13892,1,0,12,1,85,153,1208,94),(13893,1,0,15,1,85,153,1171,94),(13894,1,0,11.5,1,85,153,1219,94),(13895,1,1,10.25,1,85,153,1346,94),(13896,1,1,3.5,1,85,153,1352,94),(13897,1,1,14,1,85,153,1356,94),(13898,1,1,13,1,85,153,1358,94),(13899,1,1,9.5,1,85,153,1360,94),(13900,1,1,14.5,1,85,153,1362,94),(13901,1,1,13.5,1,85,153,1366,94),(13902,1,1,6.5,1,85,153,1386,94),(13903,1,1,10,1,85,153,1390,94),(13904,1,1,9,1,85,153,1398,94),(13905,1,1,12,1,85,153,1406,94),(13906,1,1,13.5,1,85,153,1414,94),(13907,1,1,14,1,85,153,1432,94),(13908,1,1,13.5,1,85,153,1442,94),(13909,1,0,7,1,85,157,1342,91),(13910,1,0,10,1,85,157,1344,91),(13911,1,0,6,1,85,157,1346,91),(13912,1,0,12,1,85,157,1348,91),(13913,1,0,12,1,85,157,1350,91),(13914,1,0,3,1,85,157,1352,91),(13915,1,0,8,1,85,157,1354,91),(13916,1,0,8,1,85,157,1356,91),(13917,1,0,6,1,85,157,1358,91),(13918,1,0,10,1,85,157,1360,91),(13919,1,0,7,1,85,157,1362,91),(13920,1,0,15,1,85,157,1364,91),(13921,1,0,9.5,1,85,157,1366,91),(13922,1,0,8,1,85,157,1368,91),(13923,1,0,7,1,85,157,1370,91),(13924,1,0,11.5,1,85,157,1374,91),(13925,1,0,7,1,85,157,1378,91),(13926,1,0,11,1,85,157,1380,91),(13927,1,0,5,1,85,157,1382,91),(13928,1,0,2.5,1,85,157,1386,91),(13929,1,0,11.5,1,85,157,1388,91),(13930,1,0,9,1,85,157,1390,91),(13931,1,0,10.5,1,85,157,1392,91),(13932,1,0,7.5,1,85,157,1394,91),(13933,1,0,8,1,85,157,1396,91),(13934,1,0,7.5,1,85,157,1398,91),(13935,1,0,6,1,85,157,1400,91),(13936,1,0,8,1,85,157,1402,91),(13937,1,0,5,1,85,157,1406,91),(13938,1,0,10,1,85,157,1410,91),(13939,1,0,10.5,1,85,157,1412,91),(13940,1,0,6,1,85,157,1414,91),(13941,1,0,10.5,1,85,157,1418,91),(13942,1,0,8,1,85,157,1420,91),(13943,1,0,13,1,85,157,1422,91),(13944,1,0,10.5,1,85,157,1424,91),(13945,1,0,10,1,85,157,1426,91),(13946,1,0,8,1,85,157,1428,91),(13947,1,0,12.5,1,85,157,1430,91),(13948,1,0,5,1,85,157,1432,91),(13949,1,0,10.5,1,85,157,1434,91),(13950,1,0,12,1,85,157,1438,91),(13951,1,0,8.5,1,85,157,1440,91),(13952,1,0,10.5,1,85,157,1442,91),(13953,1,0,15.5,1,85,157,1444,91),(13954,1,0,3,1,85,157,1446,91),(13955,1,0,14.5,1,85,157,1342,93),(13956,1,0,12.5,1,85,157,1344,93),(13957,1,0,16,1,85,157,1346,93),(13958,1,0,14.5,1,85,157,1348,93),(13959,1,0,14.5,1,85,157,1350,93),(13960,1,0,14,1,85,157,1352,93),(13961,1,0,14.5,1,85,157,1354,93),(13962,1,0,14.5,1,85,157,1356,93),(13963,1,0,16,1,85,157,1358,93),(13964,1,0,14.5,1,85,157,1360,93),(13965,1,0,14,1,85,157,1362,93),(13966,1,0,15.5,1,85,157,1364,93),(13967,1,0,14,1,85,157,1366,93),(13968,1,0,14.5,1,85,157,1368,93),(13969,1,0,16,1,85,157,1370,93),(13970,1,0,15.5,1,85,157,1374,93),(13971,1,0,14.5,1,85,157,1378,93),(13972,1,0,14.5,1,85,157,1380,93),(13973,1,0,16,1,85,157,1382,93),(13974,1,0,15.5,1,85,157,1386,93),(13975,1,0,14,1,85,157,1388,93),(13976,1,0,15.5,1,85,157,1390,93),(13977,1,0,16,1,85,157,1392,93),(13978,1,0,14.5,1,85,157,1394,93),(13979,1,0,15.5,1,85,157,1396,93),(13980,1,0,14,1,85,157,1398,93),(13981,1,0,14,1,85,157,1400,93),(13982,1,0,14,1,85,157,1402,93),(13983,1,0,15.5,1,85,157,1406,93),(13984,1,0,15.5,1,85,157,1410,93),(13985,1,0,15,1,85,157,1412,93),(13986,1,0,15,1,85,157,1414,93),(13987,1,0,15,1,85,157,1418,93),(13988,1,0,15.5,1,85,157,1420,93),(13989,1,0,16,1,85,157,1422,93),(13990,1,0,14,1,85,157,1424,93),(13991,1,0,14.5,1,85,157,1426,93),(13992,1,0,15,1,85,157,1428,93),(13993,1,0,14.5,1,85,157,1430,93),(13994,1,0,15.5,1,85,157,1432,93),(13995,1,0,15.5,1,85,157,1434,93),(13996,1,0,13,1,85,157,1436,93),(13997,1,0,15.5,1,85,157,1438,93),(13998,1,0,14,1,85,157,1440,93),(13999,1,0,13.5,1,85,157,1442,93),(14000,1,0,15.5,1,85,157,1444,93),(14001,1,0,15,1,85,157,1446,93),(14002,1,0,10,1,85,157,1342,94),(14003,1,0,11,1,85,157,1344,94),(14004,1,0,8,1,85,157,1346,94),(14005,1,0,9,1,85,157,1348,94),(14006,1,0,8,1,85,157,1350,94),(14007,1,0,5,1,85,157,1352,94),(14008,1,0,10,1,85,157,1354,94),(14009,1,0,2,1,85,157,1356,94),(14010,1,0,6,1,85,157,1358,94),(14011,1,0,6,1,85,157,1360,94),(14012,1,0,10,1,85,157,1362,94),(14013,1,0,10,1,85,157,1364,94),(14014,1,0,8,1,85,157,1366,94),(14015,1,0,10,1,85,157,1368,94),(14016,1,0,9,1,85,157,1370,94),(14017,1,0,11,1,85,157,1374,94),(14018,1,0,10,1,85,157,1378,94),(14019,1,0,10,1,85,157,1380,94),(14020,1,0,10,1,85,157,1382,94),(14021,1,0,8,1,85,157,1386,94),(14022,1,0,10,1,85,157,1388,94),(14023,1,0,11,1,85,157,1390,94),(14024,1,0,10,1,85,157,1392,94),(14025,1,0,10,1,85,157,1394,94),(14026,1,0,7,1,85,157,1396,94),(14027,1,0,10,1,85,157,1398,94),(14028,1,0,10,1,85,157,1400,94),(14029,1,0,9,1,85,157,1402,94),(14030,1,0,11,1,85,157,1406,94),(14031,1,0,11,1,85,157,1410,94),(14032,1,0,10,1,85,157,1412,94),(14033,1,0,7,1,85,157,1414,94),(14034,1,0,8,1,85,157,1418,94),(14035,1,0,9,1,85,157,1420,94),(14036,1,0,9,1,85,157,1422,94),(14037,1,0,9,1,85,157,1424,94),(14038,1,0,11,1,85,157,1426,94),(14039,1,0,9,1,85,157,1428,94),(14040,1,0,11,1,85,157,1430,94),(14041,1,0,7,1,85,157,1432,94),(14042,1,0,10,1,85,157,1434,94),(14043,1,0,12,1,85,157,1438,94),(14044,1,0,10,1,85,157,1440,94),(14045,1,0,6,1,85,157,1442,94),(14046,1,0,12,1,85,157,1444,94),(14047,1,0,6,1,85,157,1446,94),(14048,1,1,11,1,85,157,1346,94),(14049,1,1,2.5,1,85,157,1352,94),(14050,1,1,7,1,85,157,1356,94),(14051,1,1,10,1,85,157,1358,94),(14052,1,1,11.5,1,85,157,1360,94),(14053,1,1,12,1,85,157,1362,94),(14054,1,1,10,1,85,157,1366,94),(14055,1,1,13,1,85,157,1370,94),(14056,1,1,8,1,85,157,1382,94),(14057,1,1,8,1,85,157,1386,94),(14058,1,1,10.5,1,85,157,1396,94),(14059,1,1,13,1,85,157,1400,94),(14060,1,1,10,1,85,157,1402,94),(14061,1,1,10.5,1,85,157,1414,94),(14062,1,1,12,1,85,157,1428,94),(14063,1,1,7,1,85,157,1432,94),(14064,1,1,9,1,85,157,1442,94),(14065,1,1,7,1,85,157,1446,94),(14066,1,0,7.5,1,85,152,1342,91),(14067,1,0,10.5,1,85,152,1344,91),(14068,1,0,7.5,1,85,152,1346,91),(14069,1,0,10.5,1,85,152,1348,91),(14070,1,0,15.5,1,85,152,1350,91),(14071,1,0,7,1,85,152,1352,91),(14072,1,0,11.5,1,85,152,1354,91),(14073,1,0,4,1,85,152,1356,91),(14074,1,0,6,1,85,152,1358,91),(14075,1,0,18,1,85,152,1360,91),(14076,1,0,10.25,1,85,152,1362,91),(14077,1,0,9.75,1,85,152,1364,91),(14078,1,0,9,1,85,152,1366,91),(14079,1,0,8.5,1,85,152,1368,91),(14080,1,0,9.25,1,85,152,1370,91),(14081,1,0,11.5,1,85,152,1372,91),(14082,1,0,6,1,85,152,1374,91),(14083,1,0,3.5,1,85,152,1376,91),(14084,1,0,6,1,85,152,1378,91),(14085,1,0,9.5,1,85,152,1380,91),(14086,1,0,9.5,1,85,152,1382,91),(14087,1,0,10.5,1,85,152,1384,91),(14088,1,0,6.5,1,85,152,1386,91),(14089,1,0,8.5,1,85,152,1388,91),(14090,1,0,13,1,85,152,1390,91),(14091,1,0,10.5,1,85,152,1392,91),(14092,1,0,8.5,1,85,152,1394,91),(14093,1,0,15,1,85,152,1396,91),(14094,1,0,7,1,85,152,1398,91),(14095,1,0,10.5,1,85,152,1400,91),(14096,1,0,8,1,85,152,1402,91),(14097,1,0,11,1,85,152,1406,91),(14098,1,0,12,1,85,152,1410,91),(14099,1,0,12.5,1,85,152,1412,91),(14100,1,0,8,1,85,152,1414,91),(14101,1,0,10.5,1,85,152,1416,91),(14102,1,0,10,1,85,152,1418,91),(14103,1,0,4,1,85,152,1420,91),(14104,1,0,11,1,85,152,1422,91),(14105,1,0,8,1,85,152,1424,91),(14106,1,0,8,1,85,152,1426,91),(14107,1,0,8.25,1,85,152,1428,91),(14108,1,0,11,1,85,152,1430,91),(14109,1,0,6,1,85,152,1432,91),(14110,1,0,12,1,85,152,1434,91),(14111,1,0,10,1,85,152,1436,91),(14112,1,0,10,1,85,152,1438,91),(14113,1,0,9.5,1,85,152,1440,91),(14114,1,0,8,1,85,152,1442,91),(14115,1,0,11.5,1,85,152,1444,91),(14116,1,0,5.5,1,85,152,1446,91),(14117,1,0,12,1,85,152,1208,91),(14118,1,0,5.5,1,85,152,1145,91),(14119,1,0,8.5,1,85,152,1167,91),(14120,1,0,7.75,1,85,152,1177,91),(14121,1,0,11,1,85,152,1181,91),(14122,1,0,8.5,1,85,152,1187,91),(14123,1,0,7,1,85,152,1193,91),(14124,1,0,7,1,85,152,1199,91),(14125,1,0,8,1,85,152,1201,91),(14126,1,0,5.5,1,85,152,1221,91),(14127,1,0,4.5,1,85,152,1225,91),(14128,1,0,5.5,1,85,152,1227,91),(14129,1,0,5,1,85,152,1129,91),(14130,1,0,6,1,85,152,1244,91),(14131,1,0,5,1,85,152,1246,91),(14132,1,0,12.75,1,85,152,1342,93),(14133,1,0,12.75,1,85,152,1344,93),(14134,1,0,12.75,1,85,152,1346,93),(14135,1,0,12.75,1,85,152,1348,93),(14136,1,0,12.75,1,85,152,1350,93),(14137,1,0,12.75,1,85,152,1352,93),(14138,1,0,12.75,1,85,152,1354,93),(14139,1,0,12.75,1,85,152,1356,93),(14140,1,0,12.75,1,85,152,1358,93),(14141,1,0,12.75,1,85,152,1360,93),(14142,1,0,13.5,1,85,152,1362,93),(14143,1,0,13.5,1,85,152,1364,93),(14144,1,0,13.5,1,85,152,1366,93),(14145,1,0,13.5,1,85,152,1368,93),(14146,1,0,13.5,1,85,152,1370,93),(14147,1,0,13.5,1,85,152,1372,93),(14148,1,0,13.5,1,85,152,1374,93),(14149,1,0,13.5,1,85,152,1376,93),(14150,1,0,13.5,1,85,152,1378,93),(14151,1,0,13.75,1,85,152,1380,93),(14152,1,0,13.75,1,85,152,1382,93),(14153,1,0,13.75,1,85,152,1384,93),(14154,1,0,13.75,1,85,152,1386,93),(14155,1,0,13.75,1,85,152,1388,93),(14156,1,0,13.75,1,85,152,1390,93),(14157,1,0,13.75,1,85,152,1392,93),(14158,1,0,11.5,1,85,152,1394,93),(14159,1,0,11.5,1,85,152,1396,93),(14160,1,0,11.5,1,85,152,1398,93),(14161,1,0,11.5,1,85,152,1400,93),(14162,1,0,11.5,1,85,152,1402,93),(14163,1,0,11.5,1,85,152,1404,93),(14164,1,0,11.5,1,85,152,1406,93),(14165,1,0,11.5,1,85,152,1408,93),(14166,1,0,11.5,1,85,152,1410,93),(14167,1,0,13,1,85,152,1412,93),(14168,1,0,13,1,85,152,1414,93),(14169,1,0,13,1,85,152,1416,93),(14170,1,0,13,1,85,152,1418,93),(14171,1,0,13,1,85,152,1420,93),(14172,1,0,13,1,85,152,1422,93),(14173,1,0,13,1,85,152,1424,93),(14174,1,0,13,1,85,152,1426,93),(14175,1,0,13,1,85,152,1428,93),(14176,1,0,13,1,85,152,1430,93),(14177,1,0,13,1,85,152,1432,93),(14178,1,0,13,1,85,152,1434,93),(14179,1,0,13,1,85,152,1436,93),(14180,1,0,13,1,85,152,1438,93),(14181,1,0,13,1,85,152,1440,93),(14182,1,0,13,1,85,152,1442,93),(14183,1,0,13,1,85,152,1444,93),(14184,1,0,13,1,85,152,1446,93),(14185,1,0,11.5,1,85,152,1208,93),(14186,1,0,13,1,85,152,1232,93),(14187,1,0,10.5,1,85,152,1145,93),(14188,1,0,12.75,1,85,152,1167,93),(14189,1,0,12.75,1,85,152,1177,93),(14190,1,0,13.5,1,85,152,1181,93),(14191,1,0,13.5,1,85,152,1187,93),(14192,1,0,12.5,1,85,152,1193,93),(14193,1,0,13.75,1,85,152,1199,93),(14194,1,0,13.75,1,85,152,1201,93),(14195,1,0,13,1,85,152,1221,93),(14196,1,0,11,1,85,152,1225,93),(14197,1,0,12.75,1,85,152,1227,93),(14198,1,0,12.75,1,85,152,1129,93),(14199,1,0,12.75,1,85,152,1244,93),(14200,1,0,12.75,1,85,152,1246,93),(14201,1,0,5.5,1,85,152,1342,94),(14202,1,0,4.5,1,85,152,1344,94),(14203,1,0,2.75,1,85,152,1346,94),(14204,1,0,10.5,1,85,152,1348,94),(14205,1,0,10.5,1,85,152,1350,94),(14206,1,0,3,1,85,152,1352,94),(14207,1,0,3.25,1,85,152,1354,94),(14208,1,0,1.25,1,85,152,1356,94),(14209,1,0,4.5,1,85,152,1358,94),(14210,1,0,6.75,1,85,152,1360,94),(14211,1,0,10,1,85,152,1362,94),(14212,1,0,6.5,1,85,152,1364,94),(14213,1,0,3.25,1,85,152,1366,94),(14214,1,0,11,1,85,152,1368,94),(14215,1,0,9,1,85,152,1370,94),(14216,1,0,2,1,85,152,1372,94),(14217,1,0,4,1,85,152,1374,94),(14218,1,0,5,1,85,152,1378,94),(14219,1,0,0.75,1,85,152,1380,94),(14220,1,0,8,1,85,152,1382,94),(14221,1,0,1.25,1,85,152,1386,94),(14222,1,0,5,1,85,152,1388,94),(14223,1,0,2.5,1,85,152,1390,94),(14224,1,0,5.25,1,85,152,1392,94),(14225,1,0,2.25,1,85,152,1394,94),(14226,1,0,4.5,1,85,152,1396,94),(14227,1,0,6.5,1,85,152,1398,94),(14228,1,0,5,1,85,152,1400,94),(14229,1,0,2.25,1,85,152,1402,94),(14230,1,0,10,1,85,152,1406,94),(14231,1,0,9,1,85,152,1410,94),(14232,1,0,5.75,1,85,152,1412,94),(14233,1,0,2.5,1,85,152,1414,94),(14234,1,0,6,1,85,152,1416,94),(14235,1,0,6,1,85,152,1418,94),(14236,1,0,0.25,1,85,152,1420,94),(14237,1,0,6.5,1,85,152,1422,94),(14238,1,0,2,1,85,152,1424,94),(14239,1,0,1.25,1,85,152,1426,94),(14240,1,0,4,1,85,152,1428,94),(14241,1,0,3.5,1,85,152,1430,94),(14242,1,0,5.25,1,85,152,1432,94),(14243,1,0,7.5,1,85,152,1434,94),(14244,1,0,6,1,85,152,1436,94),(14245,1,0,6.5,1,85,152,1438,94),(14246,1,0,1.5,1,85,152,1440,94),(14247,1,0,4,1,85,152,1442,94),(14248,1,0,7.5,1,85,152,1444,94),(14249,1,0,0.75,1,85,152,1446,94),(14250,1,0,4.5,1,85,152,1208,94),(14251,1,0,8,1,85,152,1145,94),(14252,1,0,1.25,1,85,152,1167,94),(14253,1,0,3,1,85,152,1177,94),(14254,1,0,0.25,1,85,152,1181,94),(14255,1,0,2.25,1,85,152,1187,94),(14256,1,0,4.5,1,85,152,1193,94),(14257,1,0,2.75,1,85,152,1199,94),(14258,1,0,4,1,85,152,1201,94),(14259,1,0,3.5,1,85,152,1221,94),(14260,1,0,3.25,1,85,152,1225,94),(14261,1,0,1.5,1,85,152,1227,94),(14262,1,0,0.25,1,85,152,1129,94),(14263,1,0,3,1,85,152,1244,94),(14264,1,0,1.25,1,85,152,1246,94),(14265,1,1,11,1,85,152,1342,94),(14266,1,1,9,1,85,152,1344,94),(14267,1,1,6.5,1,85,152,1346,94),(14268,1,1,5,1,85,152,1354,94),(14269,1,1,3.25,1,85,152,1356,94),(14270,1,1,7.75,1,85,152,1358,94),(14271,1,1,10,1,85,152,1364,94),(14272,1,1,10.5,1,85,152,1366,94),(14273,1,1,9.25,1,85,152,1370,94),(14274,1,1,10.25,1,85,152,1374,94),(14275,1,1,10.25,1,85,152,1378,94),(14276,1,1,10.25,1,85,152,1380,94),(14277,1,1,4,1,85,152,1386,94),(14278,1,1,10.5,1,85,152,1390,94),(14279,1,1,7.75,1,85,152,1392,94),(14280,1,1,5.25,1,85,152,1394,94),(14281,1,1,11.5,1,85,152,1396,94),(14282,1,1,11.5,1,85,152,1398,94),(14283,1,1,9.5,1,85,152,1400,94),(14284,1,1,11.75,1,85,152,1402,94),(14285,1,1,10.75,1,85,152,1412,94),(14286,1,1,10.5,1,85,152,1414,94),(14287,1,1,10.75,1,85,152,1418,94),(14288,1,1,1.75,1,85,152,1420,94),(14289,1,1,11,1,85,152,1422,94),(14290,1,1,6.75,1,85,152,1424,94),(14291,1,1,10.25,1,85,152,1428,94),(14292,1,1,13.75,1,85,152,1430,94),(14293,1,1,8.25,1,85,152,1432,94),(14294,1,1,10.75,1,85,152,1434,94),(14295,1,1,12,1,85,152,1438,94),(14296,1,1,10.25,1,85,152,1440,94),(14297,1,1,4.25,1,85,152,1442,94),(14298,1,1,9.5,1,85,152,1208,94),(14299,1,1,12.5,1,85,152,1145,94),(14300,1,1,10.25,1,85,152,1167,94),(14301,1,1,6.75,1,85,152,1181,94),(14302,1,1,10,1,85,152,1187,94),(14303,1,1,8.5,1,85,152,1193,94),(14304,1,1,4.25,1,85,152,1201,94),(14305,1,1,10.5,1,85,152,1221,94),(14306,1,1,7.75,1,85,152,1225,94),(14307,1,1,5,1,85,152,1227,94),(14308,1,1,2.25,1,85,152,1129,94),(14309,1,1,10.75,1,85,152,1244,94),(14310,1,1,1,1,85,152,1246,94),(14311,1,0,7,1,85,160,1342,91),(14312,1,0,7,1,85,160,1344,91),(14313,1,0,6.5,1,85,160,1346,91),(14314,1,0,8,1,85,160,1348,91),(14315,1,0,11.5,1,85,160,1350,91),(14316,1,0,3.5,1,85,160,1352,91),(14317,1,0,4,1,85,160,1354,91),(14318,1,0,4.5,1,85,160,1356,91),(14319,1,0,6.5,1,85,160,1358,91),(14320,1,0,3,1,85,160,1360,91),(14321,1,0,6.5,1,85,160,1362,91),(14322,1,0,6.5,1,85,160,1364,91),(14323,1,0,9,1,85,160,1366,91),(14324,1,0,5.5,1,85,160,1368,91),(14325,1,0,15.5,1,85,160,1370,91),(14326,1,0,3,1,85,160,1374,91),(14327,1,0,8.5,1,85,160,1378,91),(14328,1,0,7,1,85,160,1380,91),(14329,1,0,8.5,1,85,160,1382,91),(14330,1,0,5.5,1,85,160,1386,91),(14331,1,0,9.5,1,85,160,1388,91),(14332,1,0,6,1,85,160,1390,91),(14333,1,0,13,1,85,160,1392,91),(14334,1,0,10.5,1,85,160,1394,91),(14335,1,0,7,1,85,160,1396,91),(14336,1,0,9,1,85,160,1398,91),(14337,1,0,3,1,85,160,1400,91),(14338,1,0,9,1,85,160,1402,91),(14339,1,0,7.5,1,85,160,1406,91),(14340,1,0,14.5,1,85,160,1410,91),(14341,1,0,12.5,1,85,160,1412,91),(14342,1,0,6.5,1,85,160,1414,91),(14343,1,0,14,1,85,160,1418,91),(14344,1,0,6.5,1,85,160,1420,91),(14345,1,0,13,1,85,160,1422,91),(14346,1,0,4.5,1,85,160,1424,91),(14347,1,0,5.5,1,85,160,1426,91),(14348,1,0,8.5,1,85,160,1428,91),(14349,1,0,13,1,85,160,1430,91),(14350,1,0,7.5,1,85,160,1432,91),(14351,1,0,14.5,1,85,160,1434,91),(14352,1,0,11.5,1,85,160,1438,91),(14353,1,0,8.5,1,85,160,1440,91),(14354,1,0,4,1,85,160,1442,91),(14355,1,0,7.5,1,85,160,1444,91),(14356,1,0,11,1,85,160,1342,93),(14357,1,0,11,1,85,160,1344,93),(14358,1,0,10.5,1,85,160,1346,93),(14359,1,0,17,1,85,160,1348,93),(14360,1,0,19,1,85,160,1350,93),(14361,1,0,19,1,85,160,1352,93),(14362,1,0,11,1,85,160,1354,93),(14363,1,0,16.5,1,85,160,1356,93),(14364,1,0,10.5,1,85,160,1358,93),(14365,1,0,16.5,1,85,160,1360,93),(14366,1,0,11,1,85,160,1362,93),(14367,1,0,17.5,1,85,160,1364,93),(14368,1,0,11.5,1,85,160,1366,93),(14369,1,0,11.5,1,85,160,1368,93),(14370,1,0,18,1,85,160,1370,93),(14371,1,0,19,1,85,160,1374,93),(14372,1,0,17,1,85,160,1378,93),(14373,1,0,16.5,1,85,160,1380,93),(14374,1,0,17.5,1,85,160,1382,93),(14375,1,0,11,1,85,160,1386,93),(14376,1,0,11.5,1,85,160,1388,93),(14377,1,0,11,1,85,160,1390,93),(14378,1,0,17,1,85,160,1392,93),(14379,1,0,10.5,1,85,160,1394,93),(14380,1,0,11.5,1,85,160,1396,93),(14381,1,0,16.5,1,85,160,1398,93),(14382,1,0,16,1,85,160,1400,93),(14383,1,0,17.5,1,85,160,1402,93),(14384,1,0,11,1,85,160,1406,93),(14385,1,0,18,1,85,160,1410,93),(14386,1,0,19,1,85,160,1412,93),(14387,1,0,18,1,85,160,1414,93),(14388,1,0,16.5,1,85,160,1418,93),(14389,1,0,11,1,85,160,1420,93),(14390,1,0,16.5,1,85,160,1422,93),(14391,1,0,18,1,85,160,1424,93),(14392,1,0,16,1,85,160,1426,93),(14393,1,0,17.5,1,85,160,1428,93),(14394,1,0,11,1,85,160,1430,93),(14395,1,0,16.5,1,85,160,1432,93),(14396,1,0,17,1,85,160,1434,93),(14397,1,0,16.5,1,85,160,1438,93),(14398,1,0,17.5,1,85,160,1440,93),(14399,1,0,16,1,85,160,1442,93),(14400,1,0,16,1,85,160,1444,93),(14401,1,0,11,1,85,160,1446,93),(14402,1,0,11.5,1,85,160,1342,94),(14403,1,0,10.5,1,85,160,1344,94),(14404,1,0,8.5,1,85,160,1346,94),(14405,1,0,12,1,85,160,1348,94),(14406,1,0,14.5,1,85,160,1350,94),(14407,1,0,9,1,85,160,1352,94),(14408,1,0,9,1,85,160,1354,94),(14409,1,0,6,1,85,160,1356,94),(14410,1,0,8.5,1,85,160,1358,94),(14411,1,0,12.5,1,85,160,1360,94),(14412,1,0,7.5,1,85,160,1362,94),(14413,1,0,10.5,1,85,160,1364,94),(14414,1,0,8,1,85,160,1366,94),(14415,1,0,14,1,85,160,1368,94),(14416,1,0,16,1,85,160,1370,94),(14417,1,0,6,1,85,160,1374,94),(14418,1,0,13.5,1,85,160,1378,94),(14419,1,0,18,1,85,160,1380,94),(14420,1,0,12,1,85,160,1382,94),(14421,1,0,4,1,85,160,1386,94),(14422,1,0,14.5,1,85,160,1388,94),(14423,1,0,9,1,85,160,1390,94),(14424,1,0,16,1,85,160,1392,94),(14425,1,0,16,1,85,160,1394,94),(14426,1,0,15,1,85,160,1396,94),(14427,1,0,11.5,1,85,160,1398,94),(14428,1,0,6,1,85,160,1400,94),(14429,1,0,9,1,85,160,1402,94),(14430,1,0,3.5,1,85,160,1406,94),(14431,1,0,18,1,85,160,1410,94),(14432,1,0,13,1,85,160,1412,94),(14433,1,0,9,1,85,160,1414,94),(14434,1,0,16.5,1,85,160,1418,94),(14435,1,0,13.5,1,85,160,1420,94),(14436,1,0,16,1,85,160,1422,94),(14437,1,0,11,1,85,160,1424,94),(14438,1,0,7,1,85,160,1426,94),(14439,1,0,11.5,1,85,160,1428,94),(14440,1,0,15.5,1,85,160,1430,94),(14441,1,0,7,1,85,160,1432,94),(14442,1,0,18,1,85,160,1434,94),(14443,1,0,13,1,85,160,1438,94),(14444,1,0,14,1,85,160,1440,94),(14445,1,0,8.5,1,85,160,1442,94),(14446,1,0,8.5,1,85,160,1444,94),(14447,1,1,6.5,1,85,160,1400,94),(14448,1,1,9.25,1,85,160,1406,94),(14450,1,0,5.5,1,85,151,1342,91),(14451,1,0,5.5,1,85,151,1344,91),(14452,1,0,4.5,1,85,151,1346,91),(14453,1,0,9.5,1,85,151,1348,91),(14454,1,0,9,1,85,151,1350,91),(14455,1,0,4.5,1,85,151,1352,91),(14456,1,0,9.5,1,85,151,1354,91),(14457,1,0,4.5,1,85,151,1356,91),(14458,1,0,4.25,1,85,151,1358,91),(14459,1,0,8.5,1,85,151,1360,91),(14460,1,0,3.5,1,85,151,1362,91),(14461,1,0,12.5,1,85,151,1364,91),(14462,1,0,7,1,85,151,1366,91),(14463,1,0,6,1,85,151,1368,91),(14464,1,0,7,1,85,151,1370,91),(14465,1,0,5.5,1,85,151,1372,91),(14466,1,0,8.5,1,85,151,1376,91),(14467,1,0,7.75,1,85,151,1378,91),(14468,1,0,5,1,85,151,1380,91),(14469,1,0,4.5,1,85,151,1382,91),(14470,1,0,7.5,1,85,151,1384,91),(14471,1,0,3.5,1,85,151,1386,91),(14472,1,0,3.5,1,85,151,1388,91),(14473,1,0,9.5,1,85,151,1390,91),(14474,1,0,9,1,85,151,1392,91),(14475,1,0,5.5,1,85,151,1394,91),(14476,1,0,6,1,85,151,1396,91),(14477,1,0,7,1,85,151,1398,91),(14478,1,0,7.25,1,85,151,1400,91),(14479,1,0,6,1,85,151,1402,91),(14480,1,0,10,1,85,151,1406,91),(14481,1,0,7,1,85,151,1410,91),(14482,1,0,11.5,1,85,151,1412,91),(14483,1,0,6.5,1,85,151,1414,91),(14484,1,0,5,1,85,151,1416,91),(14485,1,0,10,1,85,151,1418,91),(14486,1,0,4,1,85,151,1420,91),(14487,1,0,7.5,1,85,151,1422,91),(14488,1,0,4.5,1,85,151,1424,91),(14489,1,0,3.75,1,85,151,1426,91),(14490,1,0,3,1,85,151,1428,91),(14491,1,0,5,1,85,151,1430,91),(14492,1,0,3.5,1,85,151,1432,91),(14493,1,0,11,1,85,151,1434,91),(14494,1,0,10.5,1,85,151,1436,91),(14495,1,0,8.5,1,85,151,1438,91),(14496,1,0,8.5,1,85,151,1440,91),(14497,1,0,6,1,85,151,1442,91),(14498,1,0,11,1,85,151,1444,91),(14499,1,0,4,1,85,151,1446,91),(14500,1,0,6,1,85,151,1208,91),(14501,1,0,7.5,1,85,151,1232,91),(14502,1,0,6,1,85,151,1167,91),(14503,1,0,5.5,1,85,151,1177,91),(14504,1,0,4.5,1,85,151,1181,91),(14505,1,0,6.5,1,85,151,1187,91),(14506,1,0,9.5,1,85,151,1199,91),(14507,1,0,6,1,85,151,1201,91),(14508,1,0,5,1,85,151,1105,91),(14509,1,0,9,1,85,151,1221,91),(14510,1,0,6,1,85,151,1227,91),(14511,1,0,3,1,85,151,1129,91),(14512,1,0,4.5,1,85,151,1246,91),(14513,1,0,8,1,85,151,1071,91),(14514,1,0,12,1,85,151,1095,91),(14515,1,0,14.5,1,85,151,1342,93),(14516,1,0,14.5,1,85,151,1344,93),(14517,1,0,14.5,1,85,151,1346,93),(14518,1,0,14.5,1,85,151,1348,93),(14519,1,0,14.5,1,85,151,1350,93),(14520,1,0,14.5,1,85,151,1352,93),(14521,1,0,14.5,1,85,151,1354,93),(14522,1,0,14.5,1,85,151,1356,93),(14523,1,0,14.5,1,85,151,1358,93),(14524,1,0,14.5,1,85,151,1360,93),(14525,1,0,11.25,1,85,151,1362,93),(14526,1,0,11.25,1,85,151,1364,93),(14527,1,0,11.25,1,85,151,1366,93),(14528,1,0,11.25,1,85,151,1368,93),(14529,1,0,11.25,1,85,151,1370,93),(14530,1,0,11.25,1,85,151,1372,93),(14531,1,0,11.25,1,85,151,1374,93),(14532,1,0,11.25,1,85,151,1376,93),(14533,1,0,11.25,1,85,151,1378,93),(14534,1,0,13,1,85,151,1380,93),(14535,1,0,13,1,85,151,1382,93),(14536,1,0,13,1,85,151,1384,93),(14537,1,0,13,1,85,151,1386,93),(14538,1,0,13,1,85,151,1388,93),(14539,1,0,13,1,85,151,1390,93),(14540,1,0,13,1,85,151,1392,93),(14541,1,0,12,1,85,151,1394,93),(14542,1,0,12,1,85,151,1396,93),(14543,1,0,12,1,85,151,1398,93),(14544,1,0,12,1,85,151,1400,93),(14545,1,0,12,1,85,151,1402,93),(14546,1,0,12,1,85,151,1404,93),(14547,1,0,12,1,85,151,1406,93),(14548,1,0,12,1,85,151,1408,93),(14549,1,0,12,1,85,151,1410,93),(14550,1,0,13,1,85,151,1412,93),(14551,1,0,13,1,85,151,1414,93),(14552,1,0,13,1,85,151,1416,93),(14553,1,0,13,1,85,151,1418,93),(14554,1,0,13,1,85,151,1420,93),(14555,1,0,13,1,85,151,1422,93),(14556,1,0,13,1,85,151,1424,93),(14557,1,0,13,1,85,151,1426,93),(14558,1,0,13,1,85,151,1428,93),(14559,1,0,10,1,85,151,1430,93),(14560,1,0,10,1,85,151,1432,93),(14561,1,0,10,1,85,151,1434,93),(14562,1,0,10,1,85,151,1436,93),(14563,1,0,10,1,85,151,1438,93),(14564,1,0,10,1,85,151,1440,93),(14565,1,0,10,1,85,151,1442,93),(14566,1,0,10,1,85,151,1444,93),(14567,1,0,10,1,85,151,1446,93),(14568,1,0,12,1,85,151,1208,93),(14569,1,0,10,1,85,151,1232,93),(14570,1,0,12,1,85,151,1167,93),(14571,1,0,11.25,1,85,151,1181,93),(14572,1,0,11.25,1,85,151,1187,93),(14573,1,0,13,1,85,151,1199,93),(14574,1,0,13,1,85,151,1201,93),(14575,1,0,13,1,85,151,1221,93),(14576,1,0,12,1,85,151,1227,93),(14577,1,0,12,1,85,151,1129,93),(14578,1,0,12,1,85,151,1246,93),(14579,1,0,12,1,85,151,1071,93),(14580,1,0,12,1,85,151,1095,93),(14581,1,0,7.25,1,85,151,1342,94),(14582,1,0,6,1,85,151,1344,94),(14583,1,0,1.5,1,85,151,1346,94),(14584,1,0,10.5,1,85,151,1348,94),(14585,1,0,11,1,85,151,1350,94),(14586,1,0,1.5,1,85,151,1352,94),(14587,1,0,6.5,1,85,151,1354,94),(14588,1,0,3,1,85,151,1356,94),(14589,1,0,6.25,1,85,151,1358,94),(14590,1,0,7.75,1,85,151,1360,94),(14591,1,0,5.75,1,85,151,1362,94),(14592,1,0,7.25,1,85,151,1364,94),(14593,1,0,6,1,85,151,1366,94),(14594,1,0,8.25,1,85,151,1368,94),(14595,1,0,8.5,1,85,151,1370,94),(14596,1,0,10,1,85,151,1372,94),(14597,1,0,5.5,1,85,151,1374,94),(14598,1,0,4.25,1,85,151,1378,94),(14599,1,0,5.75,1,85,151,1380,94),(14600,1,0,4.5,1,85,151,1382,94),(14601,1,0,3.25,1,85,151,1386,94),(14602,1,0,2.25,1,85,151,1388,94),(14603,1,0,8.5,1,85,151,1390,94),(14604,1,0,2.25,1,85,151,1394,94),(14605,1,0,8.75,1,85,151,1396,94),(14606,1,0,8.5,1,85,151,1398,94),(14607,1,0,7.25,1,85,151,1400,94),(14608,1,0,9,1,85,151,1402,94),(14609,1,0,6.75,1,85,151,1406,94),(14610,1,0,7.5,1,85,151,1410,94),(14611,1,0,8.75,1,85,151,1412,94),(14612,1,0,6.25,1,85,151,1414,94),(14613,1,0,7,1,85,151,1416,94),(14614,1,0,7.5,1,85,151,1418,94),(14615,1,0,4.25,1,85,151,1420,94),(14616,1,0,6.75,1,85,151,1422,94),(14617,1,0,2.5,1,85,151,1424,94),(14618,1,0,1.5,1,85,151,1426,94),(14619,1,0,0.5,1,85,151,1428,94),(14620,1,0,6,1,85,151,1430,94),(14621,1,0,5,1,85,151,1432,94),(14622,1,0,8,1,85,151,1434,94),(14623,1,0,9.25,1,85,151,1436,94),(14624,1,0,9,1,85,151,1438,94),(14625,1,0,4,1,85,151,1440,94),(14626,1,0,5,1,85,151,1442,94),(14627,1,0,14.5,1,85,151,1444,94),(14628,1,0,1.5,1,85,151,1446,94),(14629,1,0,6,1,85,151,1208,94),(14630,1,0,6.25,1,85,151,1232,94),(14631,1,0,6.5,1,85,151,1167,94),(14632,1,0,3,1,85,151,1177,94),(14633,1,0,4,1,85,151,1187,94),(14634,1,0,4.75,1,85,151,1199,94),(14635,1,0,3.5,1,85,151,1201,94),(14636,1,0,2.25,1,85,151,1105,94),(14637,1,0,6.75,1,85,151,1221,94),(14638,1,0,4.5,1,85,151,1227,94),(14639,1,0,3.25,1,85,151,1129,94),(14640,1,0,3,1,85,151,1246,94),(14641,1,1,10.5,1,85,151,1342,94),(14642,1,1,11,1,85,151,1344,94),(14643,1,1,0.75,1,85,151,1352,94),(14644,1,1,8,1,85,151,1356,94),(14645,1,1,5.75,1,85,151,1358,94),(14646,1,1,14,1,85,151,1362,94),(14647,1,1,11,1,85,151,1364,94),(14648,1,1,10,1,85,151,1366,94),(14649,1,1,14,1,85,151,1368,94),(14650,1,1,11.25,1,85,151,1370,94),(14651,1,1,11.75,1,85,151,1378,94),(14652,1,1,10.5,1,85,151,1380,94),(14653,1,1,10.75,1,85,151,1382,94),(14654,1,1,1.5,1,85,151,1386,94),(14655,1,1,12.75,1,85,151,1392,94),(14656,1,1,11.75,1,85,151,1396,94),(14657,1,1,14.25,1,85,151,1398,94),(14658,1,1,10.5,1,85,151,1400,94),(14659,1,1,15.5,1,85,151,1402,94),(14660,1,1,12,1,85,151,1406,94),(14661,1,1,11.75,1,85,151,1410,94),(14662,1,1,10.5,1,85,151,1414,94),(14663,1,1,5.75,1,85,151,1420,94),(14664,1,1,10.75,1,85,151,1422,94),(14665,1,1,10,1,85,151,1424,94),(14666,1,1,1.5,1,85,151,1428,94),(14667,1,1,12.75,1,85,151,1430,94),(14668,1,1,8.25,1,85,151,1432,94),(14669,1,1,16.75,1,85,151,1434,94),(14670,1,1,11.5,1,85,151,1438,94),(14671,1,1,11.25,1,85,151,1440,94),(14672,1,1,5,1,85,151,1442,94),(14673,1,1,12,1,85,151,1208,94),(14674,1,1,11.25,1,85,151,1167,94),(14675,1,1,14.25,1,85,151,1181,94),(14676,1,1,11.25,1,85,151,1187,94),(14677,1,1,4.75,1,85,151,1201,94),(14678,1,1,10.5,1,85,151,1221,94),(14679,1,1,4,1,85,151,1227,94),(14680,1,1,6,1,85,151,1129,94),(14681,1,1,2.75,1,85,151,1246,94),(14682,1,1,8,1,85,151,1071,94),(14683,1,1,9.25,1,85,151,1095,94);
/*!40000 ALTER TABLE `NOTE` ENABLE KEYS */;
UNLOCK TABLES;

--
-- Table structure for table `OPTIONS`
--

DROP TABLE IF EXISTS `OPTIONS`;
/*!40101 SET @saved_cs_client     = @@character_set_client */;
/*!40101 SET character_set_client = utf8 */;
CREATE TABLE `OPTIONS` (
  `ID` bigint(20) NOT NULL,
  `ACTIVE` int(11) DEFAULT '1',
  `CODE` varchar(255) DEFAULT NULL,
  `DESCRIPTION` varchar(255) DEFAULT NULL,
  `VERSION` int(11) DEFAULT NULL,
  `DEPARTEMENT_ID` bigint(20) DEFAULT NULL,
  PRIMARY KEY (`ID`),
  UNIQUE KEY `CODE` (`CODE`),
  KEY `FK_OPTIONS_DEPARTEMENT_ID` (`DEPARTEMENT_ID`),
  CONSTRAINT `FK_OPTIONS_DEPARTEMENT_ID` FOREIGN KEY (`DEPARTEMENT_ID`) REFERENCES `DEPARTEMENT` (`ID`)
) ENGINE=InnoDB DEFAULT CHARSET=latin1;
/*!40101 SET character_set_client = @saved_cs_client */;

--
-- Dumping data for table `OPTIONS`
--

LOCK TABLES `OPTIONS` WRITE;
/*!40000 ALTER TABLE `OPTIONS` DISABLE KEYS */;
INSERT INTO `OPTIONS` VALUES (51,1,'INFOTEL','Informatique et Télécommunications',1,8),(52,1,'SAR','Sécurité et Administration Réseaux',1,8),(53,1,'IG','Informatique de Gestion / Analyste Programmeur',1,8),(54,1,'TELCOM','Télécommunications',1,8),(55,1,'GELO','Génie Logiciel',1,8),(56,1,'RESE','Réseaux',1,8),(57,1,'CRYP','Cryptographie',1,8);
/*!40000 ALTER TABLE `OPTIONS` ENABLE KEYS */;
UNLOCK TABLES;

--
-- Table structure for table `PARCOURS`
--

DROP TABLE IF EXISTS `PARCOURS`;
/*!40101 SET @saved_cs_client     = @@character_set_client */;
/*!40101 SET character_set_client = utf8 */;
CREATE TABLE `PARCOURS` (
  `ID` bigint(20) NOT NULL,
  `ACTIVE` int(11) DEFAULT '1',
  `VERSION` int(11) DEFAULT NULL,
  `NIVEAU_ID` bigint(20) DEFAULT NULL,
  `OPTION_ID` bigint(20) DEFAULT NULL,
  PRIMARY KEY (`ID`),
  UNIQUE KEY `UNQ_PARCOURS_0` (`NIVEAU_ID`,`OPTION_ID`),
  KEY `FK_PARCOURS_OPTION_ID` (`OPTION_ID`),
  CONSTRAINT `FK_PARCOURS_NIVEAU_ID` FOREIGN KEY (`NIVEAU_ID`) REFERENCES `NIVEAU` (`ID`),
  CONSTRAINT `FK_PARCOURS_OPTION_ID` FOREIGN KEY (`OPTION_ID`) REFERENCES `OPTIONS` (`ID`)
) ENGINE=InnoDB DEFAULT CHARSET=latin1;
/*!40101 SET character_set_client = @saved_cs_client */;

--
-- Dumping data for table `PARCOURS`
--

LOCK TABLES `PARCOURS` WRITE;
/*!40000 ALTER TABLE `PARCOURS` DISABLE KEYS */;
INSERT INTO `PARCOURS` VALUES (58,1,1,3,51),(59,1,1,4,51),(60,1,1,5,53),(61,1,1,5,52),(62,1,1,5,54),(63,1,1,6,57),(64,1,1,6,56),(65,1,1,6,55),(66,1,1,6,54),(67,1,1,7,57),(68,1,1,7,55),(69,1,1,7,56),(70,1,1,7,54);
/*!40000 ALTER TABLE `PARCOURS` ENABLE KEYS */;
UNLOCK TABLES;

--
-- Table structure for table `PROGRAMME`
--

DROP TABLE IF EXISTS `PROGRAMME`;
/*!40101 SET @saved_cs_client     = @@character_set_client */;
/*!40101 SET character_set_client = utf8 */;
CREATE TABLE `PROGRAMME` (
  `ID` bigint(20) NOT NULL,
  `ACTIVE` int(11) DEFAULT '1',
  `VERSION` int(11) DEFAULT NULL,
  `ANNEEACADEMIQUE_ID` bigint(20) DEFAULT NULL,
  `PARCOURS_ID` bigint(20) DEFAULT NULL,
  `SEMESTRE_ID` bigint(20) DEFAULT NULL,
  `UNITEENSEIGNEMENT_ID` bigint(20) DEFAULT NULL,
  PRIMARY KEY (`ID`),
  UNIQUE KEY `UNQ_PROGRAMME_0` (`SEMESTRE_ID`,`ANNEEACADEMIQUE_ID`,`PARCOURS_ID`,`UNITEENSEIGNEMENT_ID`),
  KEY `FK_PROGRAMME_PARCOURS_ID` (`PARCOURS_ID`),
  KEY `FK_PROGRAMME_ANNEEACADEMIQUE_ID` (`ANNEEACADEMIQUE_ID`),
  KEY `FK_PROGRAMME_UNITEENSEIGNEMENT_ID` (`UNITEENSEIGNEMENT_ID`),
  CONSTRAINT `FK_PROGRAMME_ANNEEACADEMIQUE_ID` FOREIGN KEY (`ANNEEACADEMIQUE_ID`) REFERENCES `ANNEEACADEMIQUE` (`ID`),
  CONSTRAINT `FK_PROGRAMME_PARCOURS_ID` FOREIGN KEY (`PARCOURS_ID`) REFERENCES `PARCOURS` (`ID`),
  CONSTRAINT `FK_PROGRAMME_SEMESTRE_ID` FOREIGN KEY (`SEMESTRE_ID`) REFERENCES `SEMESTRE` (`ID`),
  CONSTRAINT `FK_PROGRAMME_UNITEENSEIGNEMENT_ID` FOREIGN KEY (`UNITEENSEIGNEMENT_ID`) REFERENCES `UNITEENSEIGNEMENT` (`ID`)
) ENGINE=InnoDB DEFAULT CHARSET=latin1;
/*!40101 SET character_set_client = @saved_cs_client */;

--
-- Dumping data for table `PROGRAMME`
--

LOCK TABLES `PROGRAMME` WRITE;
/*!40000 ALTER TABLE `PROGRAMME` DISABLE KEYS */;
INSERT INTO `PROGRAMME` VALUES (851,1,1,86,58,71,453),(852,1,1,86,58,71,501),(853,1,1,86,58,71,502),(854,1,1,86,58,71,503),(855,1,1,86,58,71,504),(856,1,1,86,58,71,505),(857,1,1,86,58,71,506),(858,1,1,86,58,71,507),(859,1,1,86,58,72,508),(860,1,1,86,58,72,509),(861,1,1,86,58,72,510),(862,1,1,86,58,72,511),(863,1,1,86,58,72,512),(864,1,1,86,58,72,513),(865,1,1,86,58,72,514),(866,1,1,86,58,72,515),(867,1,1,86,58,72,516),(868,1,1,86,59,73,517),(869,1,1,86,59,73,518),(870,1,1,86,59,73,519),(871,1,1,86,59,73,520),(872,1,1,86,59,73,521),(873,1,1,86,59,73,522),(874,1,1,86,59,73,523),(875,1,1,86,59,73,524),(876,1,1,86,59,74,525),(877,1,1,86,59,74,526),(878,1,1,86,59,74,527),(879,1,1,86,59,74,528),(880,1,1,86,59,74,529),(881,1,1,86,59,74,530),(882,1,1,86,59,74,531),(883,1,1,86,59,74,532),(884,1,1,86,59,74,533),(885,1,1,86,60,75,553),(886,1,1,86,60,75,570),(887,1,1,86,60,75,651),(888,1,1,86,60,75,571),(889,1,1,86,60,75,652),(890,1,1,86,60,75,653),(891,1,1,86,60,75,654),(892,1,1,86,60,75,655),(893,1,1,86,60,76,656),(894,1,1,86,60,76,657),(895,1,1,86,60,76,658),(896,1,1,86,60,76,659),(897,1,1,86,60,76,660),(898,1,1,86,60,76,661),(899,1,1,86,60,76,662),(900,1,1,86,60,76,663),(901,1,1,86,60,76,664),(951,1,1,86,62,75,551),(952,1,1,86,62,75,554),(953,1,1,86,62,75,555),(954,1,1,86,62,75,556),(955,1,1,86,62,75,557),(956,1,1,86,62,75,558),(957,1,1,86,62,75,559),(958,1,1,86,62,75,560),(959,1,1,86,62,76,561),(960,1,1,86,62,76,562),(961,1,1,86,62,76,563),(962,1,1,86,62,76,564),(963,1,1,86,62,76,565),(964,1,1,86,62,76,566),(965,1,1,86,62,76,567),(966,1,1,86,62,76,568),(967,1,1,86,62,76,569),(8306,1,1,83,58,71,453),(8307,1,1,83,58,71,501),(8308,1,1,83,58,71,502),(8309,1,1,83,58,71,503),(8310,1,1,83,58,71,504),(8311,1,1,83,58,71,505),(8312,1,1,83,58,71,506),(8313,1,1,83,58,71,507),(8314,1,1,83,58,72,508),(8315,1,1,83,58,72,509),(8316,1,1,83,58,72,510),(8317,1,1,83,58,72,511),(8318,1,1,83,58,72,512),(8319,1,1,83,58,72,513),(8320,1,1,83,58,72,514),(8321,1,1,83,58,72,515),(8322,1,1,83,58,72,516),(14698,1,1,85,58,71,453),(14699,1,1,85,58,71,501),(14700,1,1,85,58,71,502),(14701,1,1,85,58,71,503),(14702,1,1,85,58,71,504),(14703,1,1,85,58,71,505),(14704,1,1,85,58,71,506),(14751,1,1,84,58,71,453),(14752,1,1,84,58,71,501),(14753,1,1,84,58,71,502),(14754,1,1,84,58,71,503),(14755,1,1,84,58,71,504),(14756,1,1,84,58,71,505),(14757,1,1,84,58,71,506),(14758,1,1,84,58,71,507),(14759,1,1,84,58,72,508),(14760,1,1,84,58,72,509),(14761,1,1,84,58,72,510),(14762,1,1,84,58,72,511),(14763,1,1,84,58,72,512),(14764,1,1,84,58,72,513),(14765,1,1,84,58,72,514),(14766,1,1,84,58,72,515),(14767,1,1,84,58,72,516),(14768,1,1,85,58,72,508),(14769,1,1,85,58,72,509),(14770,1,1,85,58,72,510),(14771,1,1,85,58,72,511),(14772,1,1,85,58,72,512),(14773,1,1,85,58,72,513),(14774,1,1,85,58,72,514),(14775,1,1,85,58,72,516);
/*!40000 ALTER TABLE `PROGRAMME` ENABLE KEYS */;
UNLOCK TABLES;

--
-- Table structure for table `SEMESTRE`
--

DROP TABLE IF EXISTS `SEMESTRE`;
/*!40101 SET @saved_cs_client     = @@character_set_client */;
/*!40101 SET character_set_client = utf8 */;
CREATE TABLE `SEMESTRE` (
  `ID` bigint(20) NOT NULL,
  `ACTIVE` int(11) DEFAULT '1',
  `INTITULE` varchar(255) DEFAULT NULL,
  `VERSION` int(11) DEFAULT NULL,
  `NIVEAU_ID` bigint(20) DEFAULT NULL,
  PRIMARY KEY (`ID`),
  UNIQUE KEY `INTITULE` (`INTITULE`),
  KEY `FK_SEMESTRE_NIVEAU_ID` (`NIVEAU_ID`),
  CONSTRAINT `FK_SEMESTRE_NIVEAU_ID` FOREIGN KEY (`NIVEAU_ID`) REFERENCES `NIVEAU` (`ID`)
) ENGINE=InnoDB DEFAULT CHARSET=latin1;
/*!40101 SET character_set_client = @saved_cs_client */;

--
-- Dumping data for table `SEMESTRE`
--

LOCK TABLES `SEMESTRE` WRITE;
/*!40000 ALTER TABLE `SEMESTRE` DISABLE KEYS */;
INSERT INTO `SEMESTRE` VALUES (71,1,'Semestre 1',1,3),(72,1,'Semestre 2',1,3),(73,1,'Semestre 3',1,4),(74,1,'Semestre 4',1,4),(75,1,'Semestre 5',1,5),(76,1,'Semestre 6',1,5),(77,1,'Semestre 7',1,6),(78,1,'Semestre 8',1,6),(79,1,'Semestre 9',1,7),(80,1,'Semestre 10',1,7);
/*!40000 ALTER TABLE `SEMESTRE` ENABLE KEYS */;
UNLOCK TABLES;

--
-- Table structure for table `SEQUENCE`
--

DROP TABLE IF EXISTS `SEQUENCE`;
/*!40101 SET @saved_cs_client     = @@character_set_client */;
/*!40101 SET character_set_client = utf8 */;
CREATE TABLE `SEQUENCE` (
  `SEQ_NAME` varchar(50) NOT NULL,
  `SEQ_COUNT` decimal(38,0) DEFAULT NULL,
  PRIMARY KEY (`SEQ_NAME`)
) ENGINE=InnoDB DEFAULT CHARSET=latin1;
/*!40101 SET character_set_client = @saved_cs_client */;

--
-- Dumping data for table `SEQUENCE`
--

LOCK TABLES `SEQUENCE` WRITE;
/*!40000 ALTER TABLE `SEQUENCE` DISABLE KEYS */;
INSERT INTO `SEQUENCE` VALUES ('SEQ_GEN',14850);
/*!40000 ALTER TABLE `SEQUENCE` ENABLE KEYS */;
UNLOCK TABLES;

--
-- Table structure for table `TYPECOURS`
--

DROP TABLE IF EXISTS `TYPECOURS`;
/*!40101 SET @saved_cs_client     = @@character_set_client */;
/*!40101 SET character_set_client = utf8 */;
CREATE TABLE `TYPECOURS` (
  `ID` bigint(20) NOT NULL,
  `ACTIVE` int(11) DEFAULT '1',
  `NOM` varchar(255) DEFAULT NULL,
  `VERSION` int(11) DEFAULT NULL,
  PRIMARY KEY (`ID`),
  UNIQUE KEY `NOM` (`NOM`)
) ENGINE=InnoDB DEFAULT CHARSET=latin1;
/*!40101 SET character_set_client = @saved_cs_client */;

--
-- Dumping data for table `TYPECOURS`
--

LOCK TABLES `TYPECOURS` WRITE;
/*!40000 ALTER TABLE `TYPECOURS` DISABLE KEYS */;
INSERT INTO `TYPECOURS` VALUES (87,1,'UE avec CC TPE et Examen',1),(88,1,'UE projet',1),(89,1,'UE sans TPE',1),(90,1,'UE avec CC, TP, TPE et Examen',1),(154,1,'UE TP',1);
/*!40000 ALTER TABLE `TYPECOURS` ENABLE KEYS */;
UNLOCK TABLES;

--
-- Table structure for table `UNITEENSEIGNEMENT`
--

DROP TABLE IF EXISTS `UNITEENSEIGNEMENT`;
/*!40101 SET @saved_cs_client     = @@character_set_client */;
/*!40101 SET character_set_client = utf8 */;
CREATE TABLE `UNITEENSEIGNEMENT` (
  `ID` bigint(20) NOT NULL,
  `ACTIVE` int(11) DEFAULT '1',
  `CODE` varchar(255) DEFAULT NULL,
  `HASOPTIONALCHOICES` tinyint(1) DEFAULT '0',
  `INTITULE` varchar(255) DEFAULT NULL,
  `VERSION` int(11) DEFAULT NULL,
  `PARCOURS_ID` bigint(20) DEFAULT NULL,
  PRIMARY KEY (`ID`),
  UNIQUE KEY `UNQ_UNITEENSEIGNEMENT_0` (`INTITULE`,`PARCOURS_ID`),
  KEY `FK_UNITEENSEIGNEMENT_PARCOURS_ID` (`PARCOURS_ID`),
  CONSTRAINT `FK_UNITEENSEIGNEMENT_PARCOURS_ID` FOREIGN KEY (`PARCOURS_ID`) REFERENCES `PARCOURS` (`ID`)
) ENGINE=InnoDB DEFAULT CHARSET=latin1;
/*!40101 SET character_set_client = @saved_cs_client */;

--
-- Dumping data for table `UNITEENSEIGNEMENT`
--

LOCK TABLES `UNITEENSEIGNEMENT` WRITE;
/*!40000 ALTER TABLE `UNITEENSEIGNEMENT` DISABLE KEYS */;
INSERT INTO `UNITEENSEIGNEMENT` VALUES (453,1,'ITEL110',0,'Mathématiques 1',1,58),(501,1,'ITEL111',0,'Circuits Logiques 1',2,58),(502,1,'ITEL112',0,'Electronique de base',2,58),(503,1,'ITEL113',0,'Circuits Électriques',2,58),(504,1,'ITEL114',0,'Electromagnétisme 1',3,58),(505,1,'ITEL115',0,'Algorithmique et Programmation',2,58),(506,1,'ITEL116',1,'Mécanique du Point Matériel ou Schéma Électrique',2,58),(507,1,'ITEL117',0,'Communication Scientifique',2,58),(508,1,'ITEL120',0,'Mathématiques 2',2,58),(509,1,'ITEL121',0,'Circuits Logiques 2',2,58),(510,1,'ITEL122',0,'Système d\'exploitation 1',2,58),(511,1,'ITEL123',0,'Algorithmique et Structures de Données',2,58),(512,1,'ITEL124',0,'Réseaux et Technologies Web',2,58),(513,1,'ITEL125',0,'Electromagnétisme 2',2,58),(514,1,'ITEL126',0,'Dessin Technique et Technologie des Matériaux',2,58),(515,1,'ITEL127',0,'Sport et Education Physique',2,58),(516,1,'ITEL128',0,'Stage',2,58),(517,1,'ITEL230',0,'Mathématiques 3',2,59),(518,1,'ITEL231',0,'Architectures des Ordinateurs',2,59),(519,1,'ITEL232',0,'Programmation et Bases de Données',2,59),(520,1,'ITEL233',0,'Electrotechnique',2,59),(521,1,'ITEL234',0,'Signaux et Systèmes',2,59),(522,1,'ITEL235',0,'Communication Analogique',2,59),(523,1,'ITEL236',0,'Communication Technique',2,59),(524,1,'ITEL237',0,'Economie et Droit Civil',2,59),(525,1,'ITEL240',0,'Applications Client / Serveur',2,59),(526,1,'ITEL241',0,'Algorithmique et Programmation Orientée Objets',2,59),(527,1,'ITEL242',0,'Applications Web et Système d\'Exploitation',2,59),(528,1,'ITEL243',0,'Communications Numériques',2,59),(529,1,'ITEL244',0,'Hyperfréquences',2,59),(530,1,'ITEL245',0,'Systèmes Embarqués',2,59),(531,1,'ITEL246',0,'Gestion et Création d\'Entreprises',2,59),(532,1,'ITEL247',0,'Sport et Education Physique',2,59),(533,1,'ITEL248',0,'Stage',2,59),(551,1,'ITEL350',0,'Recherche Opérationnelle et Analyse des Données',1,62),(553,1,'ITEL350',0,'Recherche Opérationnelle et Analyse des Données',1,60),(554,1,'ITEL351',0,'Systèmes Asservis',1,62),(555,1,'ITEL352',0,'Réseaux',1,62),(556,1,'ITEL353',0,'Antenne et Electronique Radiofréquence',1,62),(557,1,'ITEL354',0,'Automatique de Base',1,62),(558,1,'ITEL355',1,'Résistance des Matériaux ou Energie Renouvelable',1,62),(559,1,'ITEL356',0,'Projet Tutoré sur les Systèmes Embarqués',1,62),(560,1,'ITEL357',0,'Gestion et Méthodologie de Recherche',1,62),(561,1,'ITEL360',0,'Radiocommunication 3G',1,62),(562,1,'ITEL361',0,'Planification des Réseaux Intelligents',1,62),(563,1,'ITEL362',0,'Optimisation des Systèmes de Télécommunications',1,62),(564,1,'ITEL363',0,'Sécurité des Systèmes de Télécommunications',1,62),(565,1,'ITEL364',0,'Bases de Communications Analogiques 2',1,62),(566,1,'ITEL365',0,'Electronique et Analyse Numérique',1,62),(567,1,'ITEL366',0,'Projet Tutoré de Simulation des Réseaux de Télécommunications',1,62),(568,1,'ITEL367',0,'Droit',1,62),(569,1,'ITEL368',0,'Stage',1,62),(570,1,'ITEL351',0,'Cryptographie et Théorie des Langages',1,60),(571,1,'ITEL353',0,'Programmation et Infographie',3,60),(651,1,'ITEL352',0,'Réseaux',1,60),(652,1,'ITEL354',0,'Systèmes d\'Information et Bases de Données',2,60),(653,1,'ITEL355',0,'Administration Système',1,60),(654,1,'ITEL356',0,'Mathématiques Financières',1,60),(655,1,'ITEL357',0,'Gestion et Méthodologie de Recherche',1,60),(656,1,'ITEL360',0,'Génie Logiciel et Systèmes Experts',1,60),(657,1,'ITEL361',0,'Algorithmique avancée',3,60),(658,1,'ITEL362',0,'Bases de Données Avancées 2',1,60),(659,1,'ITEL363',0,'Protocoles d\'Applications',1,60),(660,1,'ITEL364',0,'Réseaux et Sécurité des SI',1,60),(661,1,'ITEL365',0,'Projet Tutoré',1,60),(662,1,'ITEL366',0,'Gestion et Comptabilité',1,60),(663,1,'ITEL367',0,'Droit',1,60),(664,1,'ITEL368',0,'Stage',1,60);
/*!40000 ALTER TABLE `UNITEENSEIGNEMENT` ENABLE KEYS */;
UNLOCK TABLES;

--
-- Table structure for table `UNITEENSEIGNEMENT_COURS`
--

DROP TABLE IF EXISTS `UNITEENSEIGNEMENT_COURS`;
/*!40101 SET @saved_cs_client     = @@character_set_client */;
/*!40101 SET character_set_client = utf8 */;
CREATE TABLE `UNITEENSEIGNEMENT_COURS` (
  `cours_ID` bigint(20) NOT NULL,
  `uniteEnseignements_ID` bigint(20) NOT NULL,
  PRIMARY KEY (`cours_ID`,`uniteEnseignements_ID`),
  KEY `FK_UNITEENSEIGNEMENT_COURS_uniteEnseignements_ID` (`uniteEnseignements_ID`),
  CONSTRAINT `FK_UNITEENSEIGNEMENT_COURS_cours_ID` FOREIGN KEY (`cours_ID`) REFERENCES `COURS` (`ID`),
  CONSTRAINT `FK_UNITEENSEIGNEMENT_COURS_uniteEnseignements_ID` FOREIGN KEY (`uniteEnseignements_ID`) REFERENCES `UNITEENSEIGNEMENT` (`ID`)
) ENGINE=InnoDB DEFAULT CHARSET=latin1;
/*!40101 SET character_set_client = @saved_cs_client */;

--
-- Dumping data for table `UNITEENSEIGNEMENT_COURS`
--

LOCK TABLES `UNITEENSEIGNEMENT_COURS` WRITE;
/*!40000 ALTER TABLE `UNITEENSEIGNEMENT_COURS` DISABLE KEYS */;
INSERT INTO `UNITEENSEIGNEMENT_COURS` VALUES (151,453),(152,453),(153,501),(155,502),(156,502),(157,503),(158,504),(159,504),(160,505),(161,505),(162,506),(163,506),(164,507),(165,508),(166,508),(167,509),(168,509),(169,510),(170,511),(171,511),(172,512),(173,512),(174,513),(175,514),(176,514),(204,515),(177,516),(178,517),(179,517),(180,518),(181,519),(182,519),(183,520),(184,520),(185,521),(186,521),(187,522),(188,522),(189,523),(190,524),(191,524),(192,525),(193,526),(194,526),(195,527),(196,527),(197,528),(198,528),(199,529),(200,530),(201,530),(202,531),(203,531),(204,532),(177,533),(206,551),(271,551),(205,553),(206,553),(207,554),(208,554),(209,555),(210,555),(211,555),(212,556),(213,556),(214,557),(215,558),(216,558),(217,559),(218,560),(219,560),(220,561),(221,561),(222,562),(223,562),(224,563),(225,563),(226,564),(227,565),(228,566),(229,566),(230,567),(231,568),(232,568),(177,569),(233,570),(234,570),(235,571),(236,571),(245,571),(210,651),(211,651),(238,652),(239,652),(241,653),(242,654),(218,655),(219,655),(243,656),(244,656),(316,657),(246,658),(224,659),(247,660),(248,660),(249,661),(251,662),(252,662),(231,663),(232,663),(177,664);
/*!40000 ALTER TABLE `UNITEENSEIGNEMENT_COURS` ENABLE KEYS */;
UNLOCK TABLES;
/*!40103 SET TIME_ZONE=@OLD_TIME_ZONE */;

/*!40101 SET SQL_MODE=@OLD_SQL_MODE */;
/*!40014 SET FOREIGN_KEY_CHECKS=@OLD_FOREIGN_KEY_CHECKS */;
/*!40014 SET UNIQUE_CHECKS=@OLD_UNIQUE_CHECKS */;
/*!40101 SET CHARACTER_SET_CLIENT=@OLD_CHARACTER_SET_CLIENT */;
/*!40101 SET CHARACTER_SET_RESULTS=@OLD_CHARACTER_SET_RESULTS */;
/*!40101 SET COLLATION_CONNECTION=@OLD_COLLATION_CONNECTION */;
/*!40111 SET SQL_NOTES=@OLD_SQL_NOTES */;

-- Dump completed on 2015-07-29 14:46:27
