-- phpMyAdmin SQL Dump
-- version 4.0.10deb1
-- http://www.phpmyadmin.net
--
-- Client: localhost
-- Généré le: Sam 07 Mars 2015 à 13:31
-- Version du serveur: 5.5.41-0ubuntu0.14.04.1
-- Version de PHP: 5.5.9-1ubuntu4.6

SET SQL_MODE = "NO_AUTO_VALUE_ON_ZERO";
SET time_zone = "+00:00";


/*!40101 SET @OLD_CHARACTER_SET_CLIENT=@@CHARACTER_SET_CLIENT */;
/*!40101 SET @OLD_CHARACTER_SET_RESULTS=@@CHARACTER_SET_RESULTS */;
/*!40101 SET @OLD_COLLATION_CONNECTION=@@COLLATION_CONNECTION */;
/*!40101 SET NAMES utf8 */;

--
-- Base de données: `notes`
--

-- --------------------------------------------------------

--
-- Structure de la table `ANNEEACADEMIQUE`
--


--
-- Contenu de la table `ANNEEACADEMIQUE`
--

INSERT INTO `ANNEEACADEMIQUE` (`ID`, `DEBUT`, `FIN`, `VERSION`, `ACTIVE`) VALUES
(951, '2014-09-01', '2015-08-31', 1, 1),
(952, '2013-09-02', '2014-08-29', 1, 1);

-- --------------------------------------------------------

--
-- Structure de la table `COURS`
--

--
-- Contenu de la table `COURS`
--

INSERT INTO `COURS` (`ID`, `CREDIT`, `INTITULE`, `VERSION`, `TYPECOURS_ID`, `ACTIVE`) VALUES
(1151, 6, 'ITEL301', 1, NULL, 1);

-- --------------------------------------------------------

--
-- Structure de la table `CYCLES`
--

--
-- Contenu de la table `CYCLES`
--

INSERT INTO `CYCLES` (`ID`, `NOM`, `VERSION`, `ACTIVE`) VALUES
(652, 'Master', 1, 1),
(751, 'Licence', 2, 1);

-- --------------------------------------------------------

--
-- Structure de la table `DEPARTEMENT`
--


--
-- Contenu de la table `DEPARTEMENT`
--

INSERT INTO `DEPARTEMENT` (`ID`, `CODE`, `DESCRIPTION`, `VERSION`, `ACTIVE`) VALUES
(51, 'ENREN', 'Energies Renouvelables', 3, 1),
(101, 'SCIENV', 'Sciences Environnementales', 1, 1),
(401, 'INFOTEL', 'Informatique et Télécommunication', 9, 1),
(402, 'HYMAE', 'Hydraulique et Maitrise des Eaux', 1, 1),
(451, 'SCISOD', 'Sciences Sociales pour le Developpement', 1, 1),
(801, 'TRAMARH', 'Traitement des Matériaux Architecture et Habitat', 2, 1),
(1001, 'AGEPD', 'AGEPD', 1, 0);

-- --------------------------------------------------------

--
-- Structure de la table `ENSEIGNANT`
--

-- --------------------------------------------------------

--
-- Structure de la table `ENSEIGNEMENT`
--


-- --------------------------------------------------------

--
-- Structure de la table `ENSEIGNEMENT_ENSEIGNANT`
--

-- --------------------------------------------------------

--
-- Structure de la table `ETUDIANT`
--

--
-- Contenu de la table `ETUDIANT`
--

INSERT INTO `ETUDIANT` (`ID`, `DATEDENAISSANCE`, `EMAIL`, `GENRE`, `LIEUDENAISSANCE`, `MATRICULE`, `NOM`, `NUMEROTELEPHONE`, `VERSION`, `ACTIVE`) VALUES
(1, '1989-03-28', NULL, 0, 'YEMKOUT', '09K015S', 'ABOUNA PIERRE EMMANUEL CHRISTEL', NULL, 1, 1),
(2, '1992-09-12', NULL, 0, 'DOUALARÉ MAROUA', '09K032S', 'AMADOU BAKARI', NULL, 1, 1),
(3, '1988-08-17', NULL, 0, 'AKONETYE', '09K042S', 'ASSAM ENGOZO''O WILFRIED', NULL, 1, 1),
(4, '1987-05-04', NULL, 0, 'Douala', '09K047S', 'AZEBAZE BOGNEN LIONEL', NULL, 1, 1),
(5, '1989-04-06', NULL, 0, 'YAOUNDÉ', '09K053S', 'BASSEDOL AKDOWA BANBANE', NULL, 1, 1),
(6, '1988-09-19', NULL, 0, 'N''DJAMENA', '09K093S', 'DENIS BOLLA  YOSSIA', NULL, 1, 1),
(7, '1989-10-22', NULL, 0, 'GAROUA', '09K099S', 'DIKOUE DANGWE RODRIGUE- ROLAND', NULL, 1, 1),
(8, '1990-03-20', NULL, 0, 'KOUSSÉRI', '09K103S', 'DJARMAI LAMNA JONAS', NULL, 1, 1),
(9, '1986-02-27', NULL, 0, 'BANGEM', '09K126S', 'ETEH PHILIP EWANE', NULL, 1, 1),
(10, '1987-11-19', NULL, 0, 'GALIM', '09K137S', 'FOMBEN MBOKOUOKO EDMOND', NULL, 1, 1),
(11, '1984-08-19', NULL, 0, 'NGAOUNDÉRÉ', '09K142S', 'GADJI  Paul', NULL, 1, 1),
(12, '1986-10-01', NULL, 0, 'TCHOLLIRÉ', '09K147S', 'GBANKEPP OUMAROU AUGUSTIN', NULL, 1, 1),
(13, '1988-05-11', NULL, 1, 'GALIM TIGNERE', '09K156S', 'HALIMATOU JEANNE D''ARC', NULL, 1, 1),
(14, '1991-10-05', NULL, 0, 'FOUMBOT', '09K183S', 'KAMKUIE NGOMSEU CHRISTIAN', NULL, 1, 1),
(15, '1990-10-31', NULL, 0, 'MOULVOUDAYE', '09K194S', 'KOUARE LOUKAS', NULL, 1, 1),
(16, '1989-02-05', NULL, 0, 'YAOUNDE', '09K199S', 'LAWALI RABIOU', NULL, 1, 1),
(18, '1989-01-01', NULL, 0, 'MAKABAYE', '09K211S', 'MANA BIENVENU', NULL, 1, 1),
(19, '1988-05-20', NULL, 0, 'YAOUNDE', '09K223S', 'MBINGOWO ERIC ', NULL, 1, 1),
(20, '1987-10-11', NULL, 0, 'GASCHIGA', '09K243S', 'MOHAMADOU YOUNOUSSA YOUNOUSSA', NULL, 1, 1),
(21, '1984-03-17', NULL, 0, 'ENONGAL', '09K248S', 'MOTO EMVANA STEPHANE', NULL, 1, 1),
(22, '1987-12-14', NULL, 0, 'GAROUA', '09K250S', 'MOUSSA YAYA', NULL, 1, 1),
(23, '1990-08-10', NULL, 0, 'NKOL-MVOLAN', '09K254S', 'MPAH II LANDRY DIEU-MERCI', NULL, 1, 1),
(24, '1987-09-03', NULL, 0, 'PINYIN', '09K256S', 'MULUH KENNETH TENENG', NULL, 1, 1),
(25, '1990-07-20', NULL, 1, 'MVOUTESSI', '09K259S', 'NADIA INABOKE DIANE-ROSINE', NULL, 1, 1),
(26, '1990-12-01', NULL, 1, 'YAOUNDE', '09K269S', 'NGAIMA MBALMI  WADANG', NULL, 1, 1),
(27, '1983-12-20', NULL, 0, 'BOGO', '09K270S', 'NGAM A BENG MARCEL WILLYAM', NULL, 1, 1),
(28, '1991-03-20', NULL, 0, 'YAOUNDE', '09K286S', 'NGUILOG CHARLES ', NULL, 1, 1),
(29, '1983-02-25', NULL, 0, 'KOUDANDEN', '09K290S', 'NKADA NKADA  JEAN BAPTISTE', NULL, 1, 1),
(30, '1991-03-07', NULL, 0, 'BAMENDA', '09K296S', 'NKONGHO MAC ARTHUR NKONGHO', NULL, 1, 1),
(31, '1990-04-12', NULL, 0, 'GAROUA', '09K319S', 'PASSANG GAMALIEL', NULL, 1, 1),
(32, '1990-09-10', NULL, 1, 'BERTOUA', '09K322S', 'PIEDJOU NTCHMBA ALINE', NULL, 1, 1),
(33, '1992-03-29', NULL, 0, 'MBALMAYO', '09K331S', 'SAMPA MEKA PIERRE EMMANUEL', NULL, 1, 1),
(34, '1990-09-17', NULL, 0, 'NGAOUNDÉRÉ', '09K337S', 'SIMEN NGAHA DIDIER CEDRID', NULL, 1, 1),
(35, '1986-03-18', NULL, 0, 'GAROUA', '09K355S', 'TCHOUBO ALBERT', NULL, 1, 1),
(36, '1989-08-19', NULL, 0, 'YAOUNDÉ', '09K367S', 'TSOBENG TSAFACK  HERBIN', NULL, 1, 1),
(38, '1986-08-08', NULL, 0, 'MEIGANGA', '09K385S', 'YARO DJEMBA MOUSSA', NULL, 1, 1),
(39, '1988-02-10', NULL, 1, 'YAOUNDE', '09K387S', 'YEUKOU WANDJI RITA', NULL, 1, 1),
(40, '1987-06-11', NULL, 0, 'YAOUNDE', '09K388S', 'YOMBA RONALD', NULL, 1, 1),
(41, '1987-05-08', NULL, 1, 'MAROUA', '09K391S', 'ZANNOUBA NASSOUROU', NULL, 1, 1),
(42, '1989-09-09', NULL, 0, 'DSCHANG', '09K393S', 'NDONGMO TONZEU ALEX LUCHAIRE', NULL, 1, 1),
(43, '1990-01-02', NULL, 0, 'YAOUNDE', '09K395S', 'NDJOMO  EKO RODRIGUE ARMEL', NULL, 1, 1),
(44, '1989-02-11', NULL, 0, 'SANGMELIMA', '09K399S', 'MENDOU''A MENGOMEZA ADONYS', NULL, 1, 1),
(45, '1985-02-12', NULL, 0, 'DOUKOULA', '09K400S', 'DAAWE DAVID', NULL, 1, 1),
(46, '1993-05-30', NULL, 0, 'MBALMAYO', '09K416S', 'NGOUNOU TIECHE KEVIN IVAN', NULL, 1, 1),
(47, '1991-01-13', NULL, 0, 'GODIGONG', '10S007S', 'ABBA JEREMIE', NULL, 1, 1),
(48, '1991-02-25', NULL, 0, 'DOUALA', '10S029S', 'AMBASSA BIKELE STEVE ROMEO', NULL, 1, 1),
(49, '1992-09-19', NULL, 1, 'GAROUA', '10S035S', 'ASMAOU HAMADOU', NULL, 1, 1),
(50, '1991-08-31', NULL, 0, 'GUIDER', '10S038S', 'AWE KOSGA CHRISTIAN', NULL, 1, 1),
(51, '1993-01-05', NULL, 0, 'YAOUNDE', '10S042S', 'AYISSI AYISSI ANTOINE ULRICH', NULL, 1, 1),
(52, '1982-09-15', NULL, 0, 'TOKOMBERE', '10S047S', 'BABA YAOUA ', NULL, 1, 1),
(53, '1984-04-29', NULL, 0, 'PETTE', '10S050S', 'BAKO KISITO', NULL, 1, 1),
(54, '1987-02-23', NULL, 0, 'DOUALA', '10S053S', 'BANGMO TCHOUTCHO JEAN-PAUL', NULL, 1, 1),
(55, '1989-06-30', NULL, 1, 'NGAOUNDERE', '10S058S', 'BENAZIR IYA', NULL, 1, 1),
(56, '1989-01-18', NULL, 1, 'MINDIF', '10S081S', 'DAWAI SYLVIE', NULL, 1, 1),
(57, '1987-03-25', NULL, 0, 'WAZA', '10S099S', 'DJONFANBE ABDELSALAM DASSOUZE', NULL, 1, 1),
(58, '1989-01-20', NULL, 0, 'BATCHAM', '10S102S', 'DJOUDA LATEU RICHARD', NULL, 1, 1),
(59, '1993-02-06', NULL, 0, 'DOUALA', '10S130S', 'FOTSO GHOMDIM BRICE ALBIN', NULL, 1, 1),
(60, '1982-09-20', NULL, 0, 'LDAMTSAI?MOKOLO', '10S143S', 'HAIDAK DEMNEO ', NULL, 1, 1),
(62, '1991-05-10', NULL, 0, 'DJARENGOL KODEK', '10S150S', 'HAMIDOU YAYA YAYA', NULL, 1, 1),
(63, '1991-09-09', NULL, 1, 'LAGDO', '10S165S', 'ISAOURA BENITE', NULL, 1, 1),
(64, '1990-04-13', NULL, 0, 'MBOUDA', '10S201S', 'LAPPA ZALEWO BERTRICK', NULL, 1, 1),
(65, '1992-11-03', NULL, 0, 'MAROUA', '10S213S', 'MAHAMAT SALI', NULL, 1, 1),
(66, '1991-03-05', NULL, 1, 'CDS LAINDE', '10S215S', 'MAIAWE HOUMWA CARINE', NULL, 1, 1),
(67, '1989-12-07', NULL, 0, 'GUIDER', '10S246S', 'MOHAMADOU BADAMASSI SAIDOU', NULL, 1, 1),
(68, '1989-09-11', NULL, 0, 'BALEL', '10S248S', 'MOHAMADOU LAMINOU', NULL, 1, 1),
(69, '1988-05-18', NULL, 0, 'IDOOL BELEL', '10S252S', 'MOHAMAN AHMAN', NULL, 1, 1),
(70, '1990-07-12', NULL, 0, 'YAOUNDE', '10S262S', 'MVILAKO ELAME STEVE', NULL, 1, 1),
(71, '1993-08-20', NULL, 0, 'LARA', '10S266S', 'NAH WASSOUO NICOLAS', NULL, 1, 1),
(72, '1986-08-21', NULL, 0, 'MBANDJOCK', '10S272S', 'NDOMYA DOMINIQUE', NULL, 1, 1),
(73, '1991-07-15', NULL, 0, 'NDOUNGUE', '10S294S', 'NJOCK NJOME JEAN MARC ', NULL, 1, 1),
(74, '1988-04-22', NULL, 0, 'MBO', '10S295S', 'NJUMANVOUI NSOUNFON CYRILLE RONY', NULL, 1, 1),
(75, '1991-06-02', NULL, 0, 'PENKA MICHEL', '10S301S', 'NONGNI GUIMESON FRANCIS GILDAS', NULL, 1, 1),
(76, '1990-08-17', NULL, 0, 'NGAOUNDERE', '10S304S', 'NOUREDINE ABBO ', NULL, 1, 1),
(77, '1989-04-14', NULL, 0, 'YAOUNDE', '10S308S', 'NYA YAKAM FABRICE DONALD', NULL, 1, 1),
(78, '1989-03-06', NULL, 0, 'NGONG', '10S335S', 'SOBILI TEMOA MELKICEDECK', NULL, 1, 1),
(79, '1986-08-10', NULL, 0, 'DOUVAR', '10S353S', 'TCHIDEME MARTIN KALDA ANDRE', NULL, 1, 1),
(80, '1990-08-06', NULL, 0, 'BAFOUSSAM', '10S377S', 'WANDEU NOUPIE FIDELE', NULL, 1, 1),
(81, '1987-03-14', NULL, 1, 'MAROUA', '10S379S', 'WILIDA JACQUELINE', NULL, 1, 1),
(82, '1991-07-05', NULL, 0, 'GASCHIGA', '10S394S', 'YOUSSOUFOU HAMIDOU ', NULL, 1, 1),
(83, '1990-01-16', NULL, 0, 'MBE', '10S409S', 'MEKOMOU KEJEMTO WILLIAM', NULL, 1, 1),
(84, '1991-01-25', NULL, 0, 'NGAOUNDÉRÉ', '10S415S', 'NGOZO DJIDÉRÉ VINCENT', NULL, 1, 1),
(85, '1990-01-04', NULL, 0, 'GAROUA', '10S426S', 'AMADOU SIDDIKI', NULL, 1, 1),
(86, '1985-03-15', NULL, 0, 'LARA', '10S432S', 'WADJOU SERGE', NULL, 1, 1),
(87, '1981-04-07', NULL, 0, 'GAROUA', '11V039S', 'ASSIDAKAI ALAPHA ALI', NULL, 1, 1),
(88, '1984-01-27', NULL, 0, 'MIMBANG', '11V086S', 'BISSO HENRI JEAN', NULL, 1, 1),
(89, '1984-11-27', NULL, 0, 'MAROUA', '11V102S', 'DJAKAOU SALATOU SEVERIN', NULL, 1, 1),
(90, '1986-06-28', NULL, 0, 'MANJO', '11V158S', 'FOTSING  HERVÉ PASCAL', NULL, 1, 1),
(91, '1986-07-11', NULL, 1, 'EBOLOWA', '11V160S', 'YIKOUA NOUMESSI BRUNETTE', NULL, 1, 1),
(92, '1987-04-26', NULL, 0, 'BAPI', '11V197S', 'NONO FOKOU ACHILLE', NULL, 1, 1),
(93, '1987-05-18', NULL, 0, 'NKOT-ABANG', '11V202S', 'ANANGA ATEBA JEAN BERTRAND', NULL, 1, 1),
(94, '1987-07-09', NULL, 0, 'GAROUA', '11V209S', 'OUSMANOU MAMOUDOU', NULL, 1, 1),
(95, '1987-08-04', NULL, 0, 'YAOUNDE', '11V212S', 'ABEGA LIONEL HERMAN', NULL, 1, 1),
(96, '1987-10-31', NULL, 1, 'DOUALA', '11V222S', 'JIONGO KITIO  GWLDYS', NULL, 1, 1),
(97, '1987-12-02', NULL, 0, 'DOUALA', '11V228S', 'NGATCHEU SIEWE FABRICE', NULL, 1, 1),
(98, '1988-02-19', NULL, 0, 'MAROUA', '11V237S', 'DOURWE JEAN CLAUDE', NULL, 1, 1),
(99, '1988-03-05', NULL, 0, 'BAFOUSSAM', '11V239S', 'NWAFO WOM NDIEGAM MAMA', NULL, 1, 1),
(100, '1988-06-14', NULL, 0, 'MUNDEMBA', '11V255S', 'HIDAMA II ELISEE', NULL, 1, 1),
(101, '1988-11-04', NULL, 0, 'NDIKOKO-NDIKI', '11V274S', 'BANAKEN BELBOM ANDRE ROGER', NULL, 1, 1),
(102, '1989-01-12', NULL, 0, 'BIBIA', '11V283S', 'NGALLY MIMBIANG ALOYS DUOVANY', NULL, 1, 1),
(103, '1989-02-27', NULL, 0, 'NDOUNGUE', '11V288S', 'NJIELIEU LUCKY STERGE', NULL, 1, 1),
(104, '1989-03-03', NULL, 0, 'KRIBI', '11V289S', 'KWENDJEU DJAMEN DANIS DU ROLE', NULL, 1, 1),
(105, '1989-04-19', NULL, 0, 'LIBREVILLE', '11V296S', 'TCHEUKO EMANI CYRIAQUE THIERRY', NULL, 1, 1),
(106, '1989-05-19', NULL, 0, 'GUIDER', '11V298S', 'MOHAMADOU AWAL ', NULL, 1, 1),
(107, '1989-05-22', NULL, 0, 'GAROUA', '11V299S', 'MOHAMADOU HAMIDOULLAH', NULL, 1, 1),
(108, '1989-07-08', NULL, 0, 'OBALA', '11V306S', 'AWONO ONGUENE DOMINIQUE', NULL, 1, 1),
(109, '1989-08-17', NULL, 0, 'NGAOUNDERE', '11V309S', 'MOHAMADOU YOUSSOUF', NULL, 1, 1),
(110, '1989-09-14', NULL, 0, 'GAROUA', '11V312S', 'DADI ROLAND', NULL, 1, 1),
(111, '1989-10-22', NULL, 1, 'LOUM', '11V319S', 'MAGNIDA CECILE TATIANA', NULL, 1, 1),
(112, '1990-04-30', NULL, 1, 'MAROUA', '11V343S', 'MAIBASWA MAN-YKRE', NULL, 1, 1),
(113, '1990-05-13', NULL, 1, 'MOKOLO', '11V344S', 'DAGUIDAM DELPHINE', NULL, 1, 1),
(114, '1990-05-15', NULL, 0, 'DSCHANG', '11V345S', 'PATALE EVER JUNIOR', NULL, 1, 1),
(115, '1990-05-16', NULL, 0, 'DOUALA', '11V346S', 'DATCHI  LEOUE RODRIGUE FRANKLIN', NULL, 1, 1),
(116, '1990-06-12', NULL, 0, 'Kossewa - Maroua', '11V348S', 'JEREMIE MAMZOUAI ', NULL, 1, 1),
(117, '1990-08-14', NULL, 0, 'SOULEDE', '11V354S', 'BABGAI RAPHAEL GUIDEKE', NULL, 1, 1),
(118, '1990-08-27', NULL, 0, 'BODO  MAKARY', '11V356S', 'WA  ARA  LIMANGANA HASSANA', NULL, 1, 1),
(119, '1990-09-22', NULL, 0, 'KENTZOU', '11V360S', 'IDRISSOU KASSIMOU', NULL, 1, 1),
(120, '1990-12-08', NULL, 0, 'DOUKOULA', '11V371S', 'PELYANG EMMANUEL', NULL, 1, 1),
(121, '1991-01-19', NULL, 1, 'MBALMAYO', '11V377S', 'MAJU TATCHUM EUGENIE', NULL, 1, 1),
(122, '1991-01-22', NULL, 0, 'DOUALA', '11V378S', 'MOYAP SIEWE JEAN RENE', NULL, 1, 1),
(123, '1991-02-03', NULL, 1, 'DOUALA', '11V380S', 'SILIYA WANN KISSI', NULL, 1, 1),
(124, '1991-02-05', NULL, 0, 'BAZOU', '11V381S', 'KEPSEU KAMENI JASPERS', NULL, 1, 1),
(125, '1991-02-10', NULL, 0, 'NJOMBE', '11V383S', 'EKANKANG  NTOUBA MARTIN', NULL, 1, 1),
(126, '1991-04-05', NULL, 1, 'NJONE', '11V389S', 'BEKOU MAPO OUEMBA ERVIE CORINA', NULL, 1, 1),
(127, '1991-06-07', NULL, 1, 'YAOUNDE', '11V395S', 'MASSOGUEM KAMDEM LIDWINE ARANCE', NULL, 1, 1),
(128, '1991-06-19', NULL, 0, 'YAOUNDE', '11V396S', 'KOUENEZI NAMEKONG JOEL JOSPIN', NULL, 1, 1),
(129, '1991-08-09', NULL, 0, 'FOUMBAN', '11V398S', 'TANEKEU MELI IGOR', NULL, 1, 1),
(130, '1991-08-12', NULL, 1, 'MAROUA', '11V399S', 'SAMIRA MOHAMAN SANI ', NULL, 1, 1),
(131, '1991-11-06', NULL, 1, 'GAROUA', '11V405S', 'FATIME MALOUM ', NULL, 1, 1),
(132, '1992-01-26', NULL, 1, 'BANGANGTE', '11V409S', 'AYEMELE PAKA LINDA', NULL, 1, 1),
(133, '1992-03-31', NULL, 0, 'NKONGSAMBA', '11V412S', 'TEGUIA NKOUNGAN NIKEL MAUREEN', NULL, 1, 1),
(134, '1992-06-25', NULL, 0, 'GAROUA', '11V417S', 'SUINA NAINA PROSPER', NULL, 1, 1),
(135, '1992-08-03', NULL, 0, 'BANGWA', '11V421S', 'MBOUOGNONG PEFIENERE DORIMENE', NULL, 1, 1),
(136, '1992-08-31', NULL, 0, 'YAGOUA', '11V424S', 'GOLSIA KAIMISSINA ARISTIDE', NULL, 1, 1),
(137, '1992-09-12', NULL, 0, 'EBOLOWA', '11V427S', 'NKWEWO NGOUFO GEDEON GHISLAIN', NULL, 1, 1),
(138, '1992-11-06', NULL, 0, 'YAOUNDÉ', '11V430S', 'FOTSO TAGNE LIONEL YVAN', NULL, 1, 1),
(139, '1992-12-12', NULL, 0, 'DOUALA', '11V432S', 'POUEMO MONGANG ISAAC ADRIEN', NULL, 1, 1),
(140, '1992-12-28', NULL, 1, 'TIGA', '11V433S', 'MAÎNOUE MAKAÎNET FLORENCE', NULL, 1, 1),
(141, '1993-01-21', NULL, 0, 'BUEA', '11V434S', 'KENFACK DJEUFACK VALMY-ROI', NULL, 1, 1),
(142, '1993-06-08', NULL, 1, 'MELONG I', '11V437S', 'METCHOMNOU FOGANG INGRID STROBEL', NULL, 1, 1),
(143, '1990-01-06', NULL, 1, 'ENDOM', '11V475S', 'LEMA NOAH BERNADETTE', NULL, 1, 1),
(144, '1988-06-23', NULL, 0, 'YAOUNDE', '11V489S', 'ESSOKOLOK OLEMBE SEDRICK FREDY', NULL, 1, 1),
(145, '1987-03-03', NULL, 0, 'DOUALA', '11V506S', 'TCHEUMEGOU RUFIN HERVE', NULL, 1, 1),
(146, '1993-06-03', NULL, 0, 'YAOUNDE', '11V518S', 'MGBATOU DARYL', NULL, 1, 1),
(147, '1990-09-16', NULL, 0, 'DOUALA', '12X006S', 'NGOUMENI   JEAN PIERRE', NULL, 1, 1),
(148, '1995-10-15', NULL, 0, 'DOUALA', '12X008S', 'FOTSO DEFFO  PEGGY PEREZ', NULL, 1, 1),
(149, '1995-01-18', NULL, 1, 'YAOUNDÉ', '12X020S', 'KUITCHE DJOUMESSAP  BARBARA', NULL, 1, 1),
(150, '1994-12-06', NULL, 0, 'DOUALA', '12X023S', 'KONE POFOURA  ESAIE', NULL, 1, 1),
(151, '1994-10-25', NULL, 1, 'LAINDE', '12X024S', 'MAIGNOWA BAMO', NULL, 1, 1),
(152, '1994-10-10', NULL, 1, 'YAOUNDÉ', '12X026S', 'MAHPEHKA KODJO', NULL, 1, 1),
(153, '1994-06-21', NULL, 0, 'MAROUA', '12X031S', 'GONG TCHOING  RODOLPHE', NULL, 1, 1),
(154, '1994-02-14', NULL, 0, 'BAFOUSSAM', '12X040S', 'FEUWO FEUTSEU  CYRILLE JOEL', NULL, 1, 1),
(155, '1993-11-10', NULL, 1, 'YAGOUA', '12X045S', 'HADJA HELIMATA  GOUSKRO', NULL, 1, 1),
(156, '1993-08-29', NULL, 0, 'YAOUNDÉ', '12X052S', 'MOUSTAPHA ABBAGADI  ALKALI AHMAT', NULL, 1, 1),
(157, '1993-04-03', NULL, 0, 'BERTOUA', '12X076S', 'FEUDJIO TSAGUE  ARMEL FERRY', NULL, 1, 1),
(158, '1993-03-14', NULL, 0, 'DOUALA', '12X078S', 'SONKENG   SYLVAIN', NULL, 1, 1),
(159, '1993-03-09', NULL, 0, 'YAOUNDE', '12X079S', 'TAKOUTSING YENDE   WILLY HAROLD', NULL, 1, 1),
(160, '1993-02-17', NULL, 1, 'MAROUA', '12X081S', 'ZOUBEIDA OUMAROU', NULL, 1, 1),
(161, '1993-02-10', NULL, 1, 'PENJA', '12X082S', 'NGOUNE TONLEU  BILL CLAIRE', NULL, 1, 1),
(162, '1993-01-13', NULL, 0, 'NJOMBE', '12X085S', 'TENKEU SAYOU  ARMEL DONALD', NULL, 1, 1),
(163, '1993-01-05', NULL, 0, 'BANGANGTE', '12X086S', 'DJIOSSEU TIODO  AUDREY', NULL, 1, 1),
(164, '1992-12-01', NULL, 1, 'MAYO ENDALLA', '12X094S', 'AMINA PAZEU', NULL, 1, 1),
(165, '1992-07-28', NULL, 1, 'GAROUA', '12X107S', 'ZOUBAYDAT  DAHIROU', NULL, 1, 1),
(166, '1992-07-19', NULL, 1, 'YAOUNDÉ', '12X110S', 'GONKENE TCHOUAWI  VIVIANE', NULL, 1, 1),
(167, '1992-07-04', NULL, 1, 'MBO BANDJOUN', '12X112S', 'DJEPANG CHENKEP  LUSIANNE', NULL, 1, 1),
(168, '1992-05-11', NULL, 0, 'YAOUNDE', '12X117S', 'HOMDIM TCHUENTEU JOEL LANDRY', NULL, 1, 1),
(169, '1992-03-03', NULL, 0, 'DOUALA', '12X122S', 'ABDOUL KARIMOU  HAMADOU TALLA', NULL, 1, 1),
(170, '1992-02-16', NULL, 0, 'BIKOK', '12X123S', 'NDONG ENGOZO''O  BORIS GAEL', NULL, 1, 1),
(171, '1992-01-17', NULL, 0, 'YAGOUA', '12X129S', 'TOLOBA  YOUSSOUFA', NULL, 1, 1),
(172, '1991-10-27', NULL, 0, 'NGAOUNDERE', '12X139S', 'AHMADOU BATCHI', NULL, 1, 1),
(173, '1991-09-15', NULL, 0, 'YAOUNDÉ', '12X146S', 'BALLA MEKONGO  JOSEPH AUBIN', NULL, 1, 1),
(174, '1991-07-03', NULL, 0, 'YAOUNDÉ', '12X155S', 'DONGUE  OLIVIER', NULL, 1, 1),
(175, '1991-06-21', NULL, 0, 'DOUALA', '12X156S', 'TENE HAPPI  VIRGIL', NULL, 1, 1),
(176, '1991-05-13', NULL, 1, 'YAOUNDE', '12X166S', 'MAKAM SIMO YOLANDE LAURE', NULL, 1, 1),
(177, '1991-04-23', NULL, 0, 'YAOUNDÉ', '12X169S', 'BELLO YERE  FIDELE', NULL, 1, 1),
(178, '1991-03-12', NULL, 0, 'DOUALA', '12X177S', 'TCHOGNIA KOM  THIERRY FABRICE', NULL, 1, 1),
(179, '1991-01-26', NULL, 0, 'BANDJOUN', '12X185S', 'TEN0 FREDY PATRICK', NULL, 1, 1),
(180, '1990-12-16', NULL, 0, 'GAWAR-MOKOLO', '12X190S', 'YOUSSOUF', NULL, 1, 1),
(181, '1990-12-06', NULL, 0, 'GALIM', '12X193S', 'TSAGUE KENNE  LANDRY', NULL, 1, 1),
(182, '1987-04-30', NULL, 0, 'MBOUDA', '12X194S', 'NGOUAH FOMEKONG LA PAIX', NULL, 1, 1),
(183, '1990-09-13', NULL, 1, 'YAOUNDE', '12X209S', 'ENANGUE AYISSI  LOUISE-AGNES TATIANA', NULL, 1, 1),
(184, '1985-03-14', NULL, 0, 'N''DJAMENA', '12X212S', 'HISSEIN OUMAR ZIBER', NULL, 1, 1),
(185, '1990-08-13', NULL, 0, 'MELOND I', '12X215S', 'NGOUADJEU LEKANE  RODIN BERTHELOT', NULL, 1, 1),
(186, '1990-07-05', NULL, 0, 'MARO', '12X220S', 'MAMSOAL NDADJINYAM     ISRAEL', NULL, 1, 1),
(187, '1990-06-21', NULL, 0, 'NGUELEMENDOUGA', '12X222S', 'DOUMTSOP MELI  FRANCK WALTER', NULL, 1, 1),
(188, '1990-05-24', NULL, 0, 'MAROUA', '12X228S', 'MOHAMED ABDOURAMAN', NULL, 1, 1),
(190, '1990-05-02', NULL, 0, 'DSCHANG', '12X234S', 'MEWA TIYO  ANTOINE', NULL, 1, 1),
(191, '1990-03-06', NULL, 0, 'YAOUNDÉ', '12X243S', 'MAMBOU NOUYADJE SOPHONIE', NULL, 1, 1),
(192, '1990-02-19', NULL, 0, 'BAFOUSSAM', '12X245S', 'OUAFO KENGNE WILLIAMS STEVE', NULL, 1, 1),
(193, '1990-01-21', NULL, 1, 'NYASSAR NDERE', '12X252S', 'FADIMATOU ISSA', NULL, 1, 1),
(194, '1989-12-14', NULL, 1, 'NDOUNGUE', '12X263S', 'WANTCHE EDIMOMENE BONANYAKA', NULL, 1, 1),
(195, '1989-10-08', NULL, 0, 'DOUALA', '12X266S', 'NKOUDJOU TAGHEU GHISLAIN ARNAUD', NULL, 1, 1),
(196, '1989-10-03', NULL, 0, 'KAELE', '12X267S', 'TAIWE DJONGA  FREDERIC', NULL, 1, 1),
(197, '1989-09-19', NULL, 1, 'MELONG', '12X270S', 'DOMMO KENGNI THERESE', NULL, 1, 1),
(198, '1989-06-09', NULL, 0, 'DOUALA', '12X283S', 'LEMOTIO TEMATIO HUGUES PATRICE', NULL, 1, 1),
(199, '1989-05-18', NULL, 0, 'DOUALA', '12X288S', 'BAKOA YETNA  JEAN PATRICK', NULL, 1, 1),
(200, '1989-05-11', NULL, 0, 'MAROUA', '12X290S', 'DJARYANG  DECARTES', NULL, 1, 1),
(201, '1989-04-17', NULL, 0, 'BANGOUA', '12X294S', 'NGANTCHA  SUSCIL HALIDA', NULL, 1, 1),
(202, '1989-03-27', NULL, 0, 'DOUALA', '12X300S', 'ABA PAMBE ALAIN', NULL, 1, 1),
(203, '1989-03-17', NULL, 0, 'BAFIA', '12X303S', 'NOUBIAP NOMSI  ROUMUALD', NULL, 1, 1),
(204, '1989-03-07', NULL, 1, 'MELONG I', '12X305S', 'KATEU KENFACK  LEOPOLDE GAELLE', NULL, 1, 1),
(205, '1972-09-19', NULL, 0, 'MAROUA', '12X311S', 'MAMOUDOU NDONDI', NULL, 1, 1),
(206, '1989-01-23', NULL, 0, 'AWING', '12X314S', 'PEZOH  OMEGA FRU', NULL, 1, 1),
(207, '1988-11-21', NULL, 0, 'BELEL', '12X329S', 'GOLEVED GAYGAY  GREGOIRE', NULL, 1, 1),
(208, '1988-10-21', NULL, 1, 'MONATELE', '12X335S', 'NTCHUINDJANG DJEUNOU DONNA DASTINE', NULL, 1, 1),
(209, '1982-01-31', NULL, 0, 'BONGOR', '12X342S', 'DOMASSALBAYE DOUMOUN', NULL, 1, 1),
(210, '1988-08-31', NULL, 0, 'YAOUNDÉ', '12X344S', 'KENMOGNE NGUIEGAING WILLY JACKSON', NULL, 1, 1),
(211, '1988-08-17', NULL, 0, 'GAROUA', '12X349S', 'SALI  AHMADOU', NULL, 1, 1),
(212, '1987-09-21', NULL, 0, 'NGAOUNDERE', '12X350S', 'ATRUNLAYE TCHENEM', NULL, 1, 1),
(213, '1988-06-29', NULL, 0, 'BAMENDA', '12X354S', 'BOGNE KAMDEM CALICE ARMAND', NULL, 1, 1),
(214, '1988-06-13', NULL, 0, 'BOUMNYEBELM', '12X361S', 'WONYOU MINKA PIERRE DIEUDONNÉ', NULL, 1, 1),
(215, '1988-03-03', NULL, 0, 'MBANGA', '12X379S', 'DJONTU TAJOUO  FRANCOIS ACHILLE', NULL, 1, 1),
(216, '1988-02-10', NULL, 0, 'DOUALA', '12X384S', 'GOUNOU TCHUISSEU  SEVERIN', NULL, 1, 1),
(217, '1988-01-16', NULL, 0, 'MOUNDOU', '12X390S', 'MBAILESSI NDOKADJE RODRIGUE', NULL, 1, 1),
(218, '1988-01-12', NULL, 0, 'MAROUA', '12X391S', 'HOUKOULAM FIRMIN', NULL, 1, 1),
(219, '1988-01-07', NULL, 0, 'NJOMBE', '12X392S', 'KAMGA NGAMENI  MICHEL FRANCK', NULL, 1, 1),
(220, '1980-02-21', NULL, 0, 'BETOLO', '12X397S', 'NADJIRESSEM  BONIFACE', NULL, 1, 1),
(221, '1991-09-02', NULL, 0, 'LELEM-MAGUETE', '12X414S', 'TSAFACK HERMANN', NULL, 1, 1),
(222, '1987-04-17', NULL, 0, 'BANKA-BAFANG', '12X425S', 'NOUPOUE RODRIGUE', NULL, 1, 1),
(223, '1987-05-01', NULL, 0, 'GOLONGHINI', '12X432S', 'MANG-EGRE', NULL, 1, 1),
(224, '1986-12-23', NULL, 1, 'ENONGAL', '12X455S', 'ALLOUM CORINNE NADEGE', NULL, 1, 1),
(225, '1986-12-17', NULL, 0, 'BAIGOM', '12X456S', 'NGNAWEN SAMUEL VERMON', NULL, 1, 1),
(226, '1986-12-12', NULL, 0, 'NGAOUNDERE', '12X457S', 'DJAMA JEAN-MARC', NULL, 1, 1),
(227, '1986-12-02', NULL, 0, 'KONDJALA-GORE', '12X459S', 'NDILGOTO NANGUIOM  GERARD', NULL, 1, 1),
(228, '1990-08-23', NULL, 0, 'LA MATERNITE DE MORA', '12X467S', 'GEBKI KABE CHRISTIAN', NULL, 1, 1),
(229, '1986-08-05', NULL, 0, 'MBOUDA', '12X472S', 'PENKA SAADEU MAURICE', NULL, 1, 1),
(230, '1988-02-01', NULL, 0, 'BALEMBO', '12X490S', 'WOUWO LEUDEM DAVID', NULL, 1, 1),
(231, '1985-10-10', NULL, 0, 'AFADE', '12X497S', 'GUEIME ABADAM', NULL, 1, 1),
(232, '1985-08-06', NULL, 0, 'EDEA', '12X503S', 'BENDI NGUIMBOUS   PATRICE', NULL, 1, 1),
(233, '1985-04-29', NULL, 0, 'FONGO TONGO', '12X511S', 'AZAMBOU NJIMGUE  MARCEL BILLYN', NULL, 1, 1),
(234, '1984-03-30', NULL, 0, 'DOUALA', '12X546S', 'METO''O   EMERY LEROY', NULL, 1, 1),
(235, '1983-07-19', NULL, 0, 'BAFOUSSAM', '12X556S', 'TATIAGOUM K ERIC', NULL, 1, 1),
(236, '1983-04-10', NULL, 0, 'NKOTENG', '12X560S', 'DITOUAMO  BARNABAS', NULL, 1, 1),
(237, '1982-02-06', NULL, 0, 'GAROUA', '12X578S', 'MAMOUDOU', NULL, 1, 1),
(238, '1981-11-02', NULL, 0, 'MAROUA', '12X586S', 'HAMADOU YAYA', NULL, 1, 1),
(239, '1975-03-25', NULL, 0, 'DSCHANG', '12X588S', 'KONTCHOU TCHUISSI  JOEL OSCAR', NULL, 1, 1),
(240, '1987-07-08', NULL, 0, 'BAFOUSSAM', '12X603S', 'NDASSI DJIATSA  ACCEL', NULL, 1, 1),
(241, '1979-04-23', NULL, 0, 'NGUTI', '12X610S', 'LEUBOU MOHTO RODRIGUE', NULL, 1, 1),
(242, '1978-12-27', NULL, 0, 'MAROUA', '12X614S', 'MAHAMAT', NULL, 1, 1),
(243, '1977-02-08', NULL, 0, 'YAOUNDE', '12X627S', 'LISSOM RICHARD', NULL, 1, 1),
(244, '1981-10-05', NULL, 0, 'BAFOUSSAM', '12X638S', 'KOUNTCHOU KOUAM GEORGES ALAIN', NULL, 1, 1),
(245, '1967-07-11', NULL, 0, 'DSCHANG', '12X663S', 'BESSALA II  FABIEN', NULL, 1, 1),
(246, '1984-04-27', NULL, 0, 'MAMFE', '12X683S', 'EMENI COLLINS ENGEAU', NULL, 1, 1),
(247, '1992-02-06', NULL, 0, 'AWAE CENTRE', '12X688S', 'NGAH MBE OLIVIER', NULL, 1, 1),
(248, '1987-11-25', NULL, 0, 'BABOUANTOU', '12X691S', 'TANAWA KOLOKO XAVIER', NULL, 1, 1),
(249, '1986-02-27', NULL, 0, 'YAOUNDE', '12X694S', 'TOUMBA GERMAIN', NULL, 1, 1),
(252, '1997-08-22', NULL, 1, 'SANTA AKUM', '13Z026S', 'NGUESUH STELLA  NYAMUKONG', NULL, 1, 1),
(253, '1995-11-22', NULL, 0, 'BAFOUSSAM', '13Z039S', 'DARI MBOBE COLLINS', NULL, 1, 1),
(254, '1995-10-08', NULL, 0, 'GAROUA', '13Z042S', 'ABOUBAKAR AHMADOU', NULL, 1, 1),
(255, '1995-09-20', NULL, 1, 'MAROUA', '13Z043S', 'MOUNIRA IDRISSOU LIMAN TOUKOUR', NULL, 1, 1),
(256, '1995-09-19', NULL, 0, 'MBOUDA', '13Z044S', 'TABOUA KAMTA BASIL', NULL, 1, 1),
(257, '1995-03-17', NULL, 0, 'TOUMAKA -BABADJOU', '13Z053S', 'ATEMGOUA BRUMEL', NULL, 1, 1),
(258, '1994-10-02', NULL, 1, 'DSCHANG', '13Z068S', 'AMEZATIO TANANZONG PRISCA ODE', NULL, 1, 1),
(259, '1994-08-15', NULL, 0, 'TCHATIBALI', '13Z075S', 'WANGBA CELESTIN', NULL, 1, 1),
(260, '1994-08-04', NULL, 0, 'SEMTO', '13Z079S', 'KOUAM TAMO JEAN JULES', NULL, 1, 1),
(261, '1994-07-08', NULL, 0, 'NGAOUNDERE', '13Z082S', 'TALE KENFACK MAXIME PAVEX', NULL, 1, 1),
(262, '1994-06-14', NULL, 0, 'BAMENDOU', '13Z086S', 'SILATSA TCHATCHUM JOVIAL', NULL, 1, 1),
(263, '1994-06-14', NULL, 1, 'SANTA', '13Z087S', 'AZEFACK SHEIRLLY NYAMUKONG', NULL, 1, 1),
(264, '1994-05-22', NULL, 0, 'Guider', '13Z090S', 'BIROUE ISAAC', NULL, 1, 1),
(265, '1994-05-10', NULL, 0, 'MBOUDA', '13Z093S', 'TCHINDA GOUFFO THIERRY', NULL, 1, 1),
(266, '1994-05-09', NULL, 0, 'TIGA', '13Z094S', 'FEGUE EMBOLO ARMEL VIANNEY', NULL, 1, 1),
(267, '1994-04-30', NULL, 0, 'KOUSSERI', '13Z095S', 'GUEIME MADAM ALIFA', NULL, 1, 1),
(268, '1994-01-04', NULL, 0, 'ABONG-MBANG', '13Z115S', 'MPA NGUELE FERNAND', NULL, 1, 1),
(269, '1993-09-15', NULL, 0, 'BABADJOU', '13Z132S', 'TAGNIKEU TOUOYEM THIERRY', NULL, 1, 1),
(270, '1993-09-12', NULL, 0, 'YAOUNDE', '13Z133S', 'NGONO ONANA STEPHANE FLORIDE', NULL, 1, 1),
(271, '1993-09-04', NULL, 0, 'YAOUNDÉ', '13Z135S', 'EKORO NGA OLINGA ALAIN ARMEL', NULL, 1, 1),
(272, '1993-08-08', NULL, 0, 'ATTA', '13Z141S', 'DJOUSSAM NGUE PAULIN', NULL, 1, 1),
(273, '1993-08-06', NULL, 0, 'BAFOUSSAM', '13Z142S', 'FOTIE TCHOMTCHOUA THIERRY SERGIO', NULL, 1, 1),
(274, '1993-08-01', NULL, 0, 'NGAOUNDERE', '13Z143S', 'MADI VONDOU ARABO', NULL, 1, 1),
(275, '1993-07-30', NULL, 0, 'TOULOUM', '13Z144S', 'MOBARA PIERRE', NULL, 1, 1),
(276, '1993-07-03', NULL, 0, 'SOULEDE', '13Z150S', 'ABRAHAM WEFE', NULL, 1, 1),
(277, '1984-05-19', NULL, 0, 'NGAOUNDERE', '13Z151S', 'FONGANG CHENDJOU ALAIN CHRISTIAN', NULL, 1, 1),
(278, '1993-04-09', NULL, 0, 'DSCHANG', '13Z160S', 'SOKEING HYDIL AICARD', NULL, 1, 1),
(279, '1993-01-24', NULL, 0, 'YAOUNDE', '13Z170S', 'NNANGA EDOA MOISE MACAIRE', NULL, 1, 1),
(280, '1993-01-14', NULL, 0, 'MOKOLO', '13Z173S', 'DOUPOM YAYA DIEUDONNE', NULL, 1, 1),
(281, '1993-01-02', NULL, 0, 'SANGMELIMA', '13Z175S', 'NDAMKOU TANKE PASCAL BRONDON', NULL, 1, 1),
(282, '1992-08-28', NULL, 0, 'NGOUMOU', '13Z190S', 'MBALLA FRANCIS ANICET', NULL, 1, 1),
(283, '1992-05-28', NULL, 0, 'BANSOA', '13Z202S', 'TCHASSI FONGANG CHRISTUS', NULL, 1, 1),
(284, '1992-04-11', NULL, 0, 'N''DJAMENA', '13Z214S', 'NGODJI FULBERT', NULL, 1, 1),
(285, '1992-04-04', NULL, 0, 'KAMPALA MADA', '13Z216S', 'GARAKCHEM ATEUK', NULL, 1, 1),
(286, '1992-04-02', NULL, 1, 'PENKA MICHEL', '13Z217S', 'METSIGUIE MERLEINE IRENE', NULL, 1, 1),
(287, '1992-03-09', NULL, 0, 'YAOUNDE', '13Z223S', 'MBA MESSI DIEUDONNE LANDRY', NULL, 1, 1),
(288, '1992-02-15', NULL, 0, 'KOUNDOUL', '13Z224S', 'YOUSSOUF OUSMAN', NULL, 1, 1),
(289, '1992-02-11', NULL, 0, 'EDEA', '13Z226S', 'ESSOME  MBEM JEAN  ROMEO', NULL, 1, 1),
(290, '1992-01-04', NULL, 0, 'FEGMIMBANG II', '13Z239S', 'MESSI SERGE VALERY', NULL, 1, 1),
(291, '1991-12-22', NULL, 0, 'OKOK', '13Z241S', 'EDOUGA JEAN PATRICK', NULL, 1, 1),
(292, '1991-10-06', NULL, 0, 'NGAOUNDERE', '13Z257S', 'DARI TALANDI', NULL, 1, 1),
(293, '1991-09-21', NULL, 0, 'BAFOUSSAM', '13Z261S', 'FOGUE TADIE YUL  GODWILL', NULL, 1, 1),
(294, '1991-08-05', NULL, 0, 'GAROUA', '13Z266S', 'ISMAILA ABDOULAYE', NULL, 1, 1),
(295, '1991-08-03', NULL, 1, 'YAOUNDE', '13Z268S', 'ESSANA NTEDE CHRISTELLE LAETITIA', NULL, 1, 1),
(296, '1991-05-25', NULL, 0, 'YAOUNDE', '13Z277S', 'GUEMKAM SIMO PHILIPPE FABRICE', NULL, 1, 1),
(297, '1991-03-12', NULL, 0, 'DOUALA', '13Z292S', 'ABALINTSINA PIERRE STEVE', NULL, 1, 1),
(298, '1991-03-07', NULL, 0, 'MOKOLO', '13Z293S', 'NGAROUA MARCEL BOUBA', NULL, 1, 1),
(299, '1991-01-30', NULL, 0, 'FOUMBAN', '13Z298S', 'WOTCHUENG TEUSSIDO HERMANN', NULL, 1, 1),
(300, '1991-01-19', NULL, 0, 'ENONGAL', '13Z300S', 'TALOM TCHUENKAM JOEL WILLIANO', NULL, 1, 1),
(301, '1990-11-03', NULL, 0, 'MBALMAYO', '13Z313S', 'ABANDA JOSEPH CLAUDE', NULL, 1, 1),
(302, '1990-10-25', NULL, 0, 'MAROUA', '13Z315S', 'LIWA ARMAND', NULL, 1, 1),
(303, '1990-10-02', NULL, 0, 'AKONOLINGA', '13Z320S', 'NGOUDJOU FOSSI GUY VALERE', NULL, 1, 1),
(304, '1990-09-21', NULL, 0, 'MBALMAYO', '13Z324S', 'KANEMBANG STEPHANE', NULL, 1, 1),
(305, '1990-08-16', NULL, 0, 'NGAOUNDERE', '13Z334S', 'SODEA MOÏNAM WILLY', NULL, 1, 1),
(306, '1990-07-02', NULL, 1, 'NGAOUNDERE', '13Z340S', 'NZEKET NJOYA ALIMA', NULL, 1, 1),
(307, '1990-06-12', NULL, 0, 'SATEIGNA I', '13Z345S', 'NGUEDOUBOUM TATIGA ROLAND', NULL, 1, 1),
(308, '1986-03-04', NULL, 0, 'EDEA', '13Z359S', 'KOUEMO NGUEGOUE JOEL', NULL, 1, 1),
(309, '1990-02-09', NULL, 0, 'BATCHAM', '13Z362S', 'NAMEKONG DAGHA SINCLAIR ', NULL, 1, 1),
(310, '1990-01-07', NULL, 1, 'DJA-BANDJOUN', '13Z368S', 'MENO NONO AUDE', NULL, 1, 1),
(311, '1990-01-03', NULL, 0, 'BABADJOU TOUMAKA', '13Z370S', 'NGUIMEYA TSOFACK BAUDOIN', NULL, 1, 1),
(312, '1989-11-29', NULL, 0, 'YAOUNDE', '13Z376S', 'HAPPY NOUFELE JONATHAN', NULL, 1, 1),
(313, '1989-10-30', NULL, 0, 'NKOL''OSSAN', '13Z382S', 'ETOGO ONANA EDOUARD', NULL, 1, 1),
(314, '1989-10-20', NULL, 0, 'DOUALA', '13Z383S', 'MASSODA GOUETH JACQUES', NULL, 1, 1),
(315, '1989-09-16', NULL, 0, 'MELONG', '13Z387S', 'ESSELEM CORNEILLE', NULL, 1, 1),
(316, '1989-06-12', NULL, 0, 'GAROUA', '13Z399S', 'BOUBAKARI HAMADOU', NULL, 1, 1),
(317, '1989-05-12', NULL, 0, 'NGAOUNDERE', '13Z405S', 'ABDOUL AZIZ HAMADOU', NULL, 1, 1),
(318, '1988-08-12', NULL, 0, 'YAOUNDE', '13Z435S', 'TCHAWOU CYRUS', NULL, 1, 1),
(319, '1988-08-06', NULL, 0, 'GAROUA', '13Z437S', 'NGOTCHE FOTSO ROLAND MARC', NULL, 1, 1),
(320, '1988-03-30', NULL, 0, 'BANGANG', '13Z456S', 'BIEMEWOU YONTA JEAN', NULL, 1, 1),
(321, '1988-03-08', NULL, 0, 'DOUALA', '13Z459S', 'FINYOM TOUKAM JOSEPH FABRICE', NULL, 1, 1),
(322, '1988-03-04', NULL, 0, 'FOUMBAN', '13Z461S', 'NDAM CHRISTIN GERAUD', NULL, 1, 1),
(323, '1988-01-06', NULL, 0, 'DJIDOMA-KAELE', '13Z468S', 'LAYIE PAUL', NULL, 1, 1),
(324, '1987-11-02', NULL, 0, 'NDOUNGUE', '13Z474S', 'YOUNKAP NINA DUPLEX', NULL, 1, 1),
(325, '1987-03-16', NULL, 0, 'DOUALA', '13Z503S', 'NGASSAM NJIKE WILLIAM BRIDGE', NULL, 1, 1),
(326, '1987-02-13', NULL, 0, 'DSCHANG', '13Z507S', 'TEUFACK NAGUE FABRICE', NULL, 1, 1),
(327, '1986-12-04', NULL, 0, 'N''DJAMENA', '13Z515S', 'DJODET NDILBE GERARD', NULL, 1, 1),
(328, '1986-11-23', NULL, 0, 'NKONGSAMBA', '13Z516S', 'KAMSU NGUEMMOGNE FABRICE', NULL, 1, 1),
(329, '1986-07-26', NULL, 0, 'DOUALA', '13Z530S', 'TCHOTANEU  NGATCHA GIRESSE', NULL, 1, 1),
(330, '1986-06-28', NULL, 0, 'DOUALA', '13Z533S', 'MBONDJO BANGKWE PIERRE ERNEST', NULL, 1, 1),
(331, '1985-09-07', NULL, 0, 'NJISSE', '13Z555S', 'GHAKOUPEN MOUNCHIKPOU ETIENNE', NULL, 1, 1),
(332, '1985-05-10', NULL, 0, 'DOUALA', '13Z563S', 'ZEH EKOUMOU VIANEY', NULL, 1, 1),
(333, '1986-04-15', NULL, 0, 'BANDJOUN', '13Z566S', 'TAPE JEAN CALVIN', NULL, 1, 1),
(334, '1984-12-21', NULL, 0, 'BANDJOUN', '13Z572S', 'EWANE JULES-ALFRED', NULL, 1, 1),
(335, '1984-05-28', NULL, 0, 'AKONOLINGA', '13Z583S', 'TSALA MODO SIMEON BODOUIN', NULL, 1, 1),
(336, '1984-05-12', NULL, 0, 'YENDE', '13Z584S', 'BASSIROU MOHAMET', NULL, 1, 1),
(337, '1984-04-05', NULL, 0, 'BIRAGUIRKOU', '13Z587S', 'DJETATOROUMBAYE JEAN-CLAIR', NULL, 1, 1),
(338, '1983-02-01', NULL, 1, 'MBANGA', '13Z602S', 'SALAMATOU AZIMI', NULL, 1, 1),
(339, '1981-02-04', NULL, 0, 'NGAOUNDERE', '13Z617S', 'DJODDA WANIE BLAISE', NULL, 1, 1),
(340, '1979-03-21', NULL, 0, 'BAMENDA', '13Z634S', 'YAZEU FEUYAN FRÉDERIC', NULL, 1, 1),
(341, '1978-05-22', NULL, 0, 'BAMENDA', '13Z640S', 'NGOUNDI NGOUNDI JOSEPH', NULL, 1, 1),
(342, '1978-03-08', NULL, 0, 'NGAOUNDERE', '13Z641S', 'YAYA BAKARI', NULL, 1, 1),
(343, '1973-07-21', NULL, 0, 'MBOUDA', '13Z665S', 'FONGANG MOGNE SIMPLICE BERTRAND', NULL, 1, 1),
(344, '1971-01-01', NULL, 0, 'KOURBI GUIDIGUIS', '13Z672S', 'AMADOU DJAMBE', NULL, 1, 1),
(345, '1992-02-14', NULL, 0, 'KYABE', '13Z690S', 'SOUSSIA KAINI', NULL, 1, 1),
(346, '1974-01-01', NULL, 0, 'BEKIA', '13Z698S', 'DJIMADOUM JANVIER', NULL, 1, 1),
(347, '1990-04-02', NULL, 0, 'DOUALA', '13Z707S', 'YOUEGAN  NGAMENI RODRIGUE  GERBO', NULL, 1, 1),
(348, '1986-01-09', NULL, 0, 'BAFOUSSAM', '13Z712S', 'TEWE FOKA PHILIPPE', NULL, 1, 1),
(349, '1977-03-09', NULL, 0, 'YAOUNDE', '13Z714S', 'YAMGUEP TCHUIGUEP DAGUERRE', NULL, 1, 1),
(350, '1992-04-02', NULL, 0, 'TONGA', '13Z717S', 'TOMOU MEKOMOU JULES FERRY', NULL, 1, 1),
(351, '1987-05-05', NULL, 1, 'DOUALA', '13Z718S', 'MATCHUENDOM ARLETE-NINA', NULL, 1, 1),
(352, '1989-11-10', NULL, 0, 'YAOUNDE', '13Z724S', 'IBRAHIM BOUBA', NULL, 1, 1),
(353, '1990-10-18', NULL, 0, 'AFADE', '13Z728S', 'ADAM ABBA ABAICHO', NULL, 1, 1),
(354, '1990-09-06', NULL, 0, 'BANYO', '13Z732S', 'BETBERO ROSWILO YANNICK', NULL, 1, 1),
(355, '1991-06-14', NULL, 0, 'ENDOM', '13Z736S', 'ATANGANA NOAH VALERE', NULL, 1, 1),
(356, '1986-11-25', NULL, 0, 'DOUALA', '13Z740S', 'NOUKAM FABRICE TCHEKSON', NULL, 1, 1),
(357, '1987-07-10', NULL, 0, 'NTEINGUE', '13Z741S', 'KUEFOUET MAURICE CALVIN', NULL, 1, 1),
(358, '1991-03-12', NULL, 0, 'DOUALA', '13Z742S', 'TCHOGNIA KOM THIERRY FABRICE', NULL, 1, 1),
(359, '1991-05-02', NULL, 0, 'MBOUDA', '13Z743S', 'VONDAB KONGUE STEPHANE BORIS', NULL, 1, 1),
(360, '1991-07-09', NULL, 1, 'TOBAGNE', '13Z759S', 'EMBINENG CARINE', NULL, 1, 1),
(361, '1981-01-19', NULL, 0, 'BANKA', '13Z760S', 'TCHEUTOU HERVE MICHEL', NULL, 1, 1),
(362, '1988-02-10', NULL, 0, 'Mindif', '13Z764S', 'NENTCHE SYLVAIN', NULL, 1, 1),
(363, '1994-09-28', NULL, 0, 'YAOUNDE', '13Z765S', 'TAMDJOKOUE KETCHAPA ADRIEN', NULL, 1, 1),
(364, '1995-06-27', NULL, 1, 'DOUALA', '13Z769S', 'KADJE YOUDOM MERCEDES K.', NULL, 1, 1),
(365, '1992-05-24', NULL, 0, 'DOUALA', '13Z770S', 'NGOUMO ZEBAZE ALEX FLORIAN', NULL, 1, 1),
(366, '1982-11-17', NULL, 0, 'YAOUNDE', '13Z772S', 'NIMKAM KAYO CHRISTIAN', NULL, 1, 1),
(367, '1992-05-06', NULL, 0, 'BALOUM', '13Z773S', 'TEFEUDONG EVADAS', NULL, 1, 1),
(368, '1991-06-04', NULL, 0, 'GAROUA', '13Z785S', 'SOULEMANOU SALI', NULL, 1, 1),
(369, '1992-01-03', NULL, 0, 'N''LOHE', '13Z789S', 'CHIMI LOWE GUITOU DELINEL', NULL, 1, 1),
(370, '1992-06-07', NULL, 0, 'PENJA', '13Z792S', 'NGANDEU DJOSSIE SUZAN S.', NULL, 1, 1);

-- --------------------------------------------------------

--
-- Structure de la table `EVALUATION`
--

CREATE TABLE IF NOT EXISTS `EVALUATION` (
  `ID` bigint(20) NOT NULL,
  `CODE` varchar(255) DEFAULT NULL,
  `DESCRIPTION` varchar(255) DEFAULT NULL,
  `VERSION` int(11) DEFAULT NULL,
  `ACTIVE` int(11) DEFAULT '1',
  PRIMARY KEY (`ID`)
) ENGINE=InnoDB DEFAULT CHARSET=latin1;

-- --------------------------------------------------------

--
-- Structure de la table `EVALUATIONDETAILS`
--


-- --------------------------------------------------------

--
-- Structure de la table `INSCRIPTION`
--


--
-- Contenu de la table `INSCRIPTION`
--

INSERT INTO `INSCRIPTION` (`ID`, `VERSION`, `ANNEEACADEMIQUE_ID`, `ETUDIANT_ID`, `PARCOURS_ID`, `ACTIVE`) VALUES
(1, 1, 951, 1, 1, 1),
(2, 1, 951, 2, 1, 1),
(3, 1, 951, 3, 1, 1),
(4, 1, 951, 4, 1, 1),
(5, 1, 951, 5, 1, 1),
(6, 1, 951, 6, 1, 1),
(7, 1, 951, 7, 1, 1),
(8, 1, 951, 8, 1, 1),
(9, 1, 951, 9, 1, 1),
(10, 1, 951, 10, 1, 1),
(11, 1, 951, 11, 1, 1),
(12, 1, 951, 12, 1, 1),
(13, 1, 951, 13, 1, 1),
(14, 1, 951, 14, 1, 1),
(15, 1, 951, 15, 1, 1),
(16, 1, 951, 16, 1, 1),
(18, 1, 951, 18, 2, 1),
(19, 1, 951, 19, 2, 1),
(20, 1, 951, 20, 2, 1),
(21, 1, 951, 21, 2, 1),
(22, 1, 951, 22, 2, 1),
(23, 1, 951, 23, 2, 1),
(24, 1, 951, 24, 2, 1),
(25, 1, 951, 25, 2, 1),
(26, 1, 951, 26, 2, 1),
(27, 1, 951, 27, 2, 1),
(28, 1, 951, 28, 2, 1),
(29, 1, 951, 29, 2, 1),
(30, 1, 951, 30, 2, 1),
(31, 1, 951, 31, 2, 1),
(32, 1, 951, 32, 2, 1),
(33, 1, 951, 33, 2, 1),
(34, 1, 951, 34, 2, 1),
(35, 1, 951, 35, 2, 1),
(36, 1, 951, 36, 2, 1),
(38, 1, 951, 38, 3, 1),
(39, 1, 951, 39, 3, 1),
(40, 1, 951, 40, 3, 1),
(41, 1, 951, 41, 3, 1),
(42, 1, 951, 42, 3, 1),
(43, 1, 951, 43, 3, 1),
(44, 1, 951, 44, 3, 1),
(45, 1, 951, 45, 3, 1),
(46, 1, 951, 46, 3, 1),
(47, 1, 951, 47, 3, 1),
(48, 1, 951, 48, 3, 1),
(49, 1, 951, 49, 3, 1),
(50, 1, 951, 50, 3, 1),
(51, 1, 951, 51, 3, 1),
(52, 1, 951, 52, 3, 1),
(53, 1, 951, 53, 3, 1),
(54, 1, 951, 54, 3, 1),
(55, 1, 951, 55, 3, 1),
(56, 1, 951, 56, 3, 1),
(57, 1, 951, 57, 3, 1),
(58, 1, 951, 58, 3, 1),
(59, 1, 951, 59, 3, 1),
(60, 1, 951, 60, 3, 1),
(62, 1, 951, 62, 4, 1),
(63, 1, 951, 63, 4, 1),
(64, 1, 951, 64, 4, 1),
(65, 1, 951, 65, 4, 1),
(66, 1, 951, 66, 4, 1),
(67, 1, 951, 67, 4, 1),
(68, 1, 951, 68, 4, 1),
(69, 1, 951, 69, 4, 1),
(70, 1, 951, 70, 4, 1),
(71, 1, 951, 71, 4, 1),
(72, 1, 951, 72, 4, 1),
(73, 1, 951, 73, 4, 1),
(74, 1, 951, 74, 4, 1),
(75, 1, 951, 75, 4, 1),
(76, 1, 951, 76, 4, 1),
(77, 1, 951, 77, 4, 1),
(78, 1, 951, 78, 4, 1),
(79, 1, 951, 79, 4, 1),
(80, 1, 951, 80, 4, 1),
(81, 1, 951, 81, 4, 1),
(82, 1, 951, 82, 4, 1),
(83, 1, 951, 83, 4, 1),
(84, 1, 951, 84, 4, 1),
(85, 1, 951, 85, 4, 1),
(86, 1, 951, 86, 4, 1),
(87, 1, 951, 87, 4, 1),
(88, 1, 951, 88, 4, 1),
(89, 1, 951, 89, 4, 1),
(90, 1, 951, 90, 5, 1),
(91, 1, 951, 91, 5, 1),
(92, 1, 951, 92, 5, 1),
(93, 1, 951, 93, 5, 1),
(94, 1, 951, 94, 5, 1),
(95, 1, 951, 95, 5, 1),
(96, 1, 951, 96, 5, 1),
(97, 1, 951, 97, 5, 1),
(98, 1, 951, 98, 5, 1),
(99, 1, 951, 99, 5, 1),
(100, 1, 951, 100, 5, 1),
(101, 1, 951, 101, 5, 1),
(102, 1, 951, 102, 5, 1),
(103, 1, 951, 103, 5, 1),
(104, 1, 951, 104, 5, 1),
(105, 1, 951, 105, 5, 1),
(106, 1, 951, 106, 5, 1),
(107, 1, 951, 107, 5, 1),
(108, 1, 951, 108, 5, 1),
(109, 1, 951, 109, 5, 1),
(110, 1, 951, 110, 5, 1),
(111, 1, 951, 111, 5, 1),
(112, 1, 951, 112, 5, 1),
(113, 1, 951, 113, 5, 1),
(114, 1, 951, 114, 5, 1),
(115, 1, 951, 115, 5, 1),
(116, 1, 951, 116, 5, 1),
(117, 1, 951, 117, 5, 1),
(118, 1, 951, 118, 5, 1),
(119, 1, 951, 119, 5, 1),
(120, 1, 951, 120, 5, 1),
(121, 1, 951, 121, 5, 1),
(122, 1, 951, 122, 5, 1),
(123, 1, 951, 123, 5, 1),
(124, 1, 951, 124, 5, 1),
(125, 1, 951, 125, 5, 1),
(126, 1, 951, 126, 5, 1),
(127, 1, 951, 127, 5, 1),
(128, 1, 951, 128, 5, 1),
(129, 1, 951, 129, 6, 1),
(130, 1, 951, 130, 6, 1),
(131, 1, 951, 131, 6, 1),
(132, 1, 951, 132, 6, 1),
(133, 1, 951, 133, 6, 1),
(134, 1, 951, 134, 6, 1),
(135, 1, 951, 135, 6, 1),
(136, 1, 951, 136, 6, 1),
(137, 1, 951, 137, 6, 1),
(138, 1, 951, 138, 6, 1),
(139, 1, 951, 139, 6, 1),
(140, 1, 951, 140, 6, 1),
(141, 1, 951, 141, 6, 1),
(142, 1, 951, 142, 6, 1),
(143, 1, 951, 143, 6, 1),
(144, 1, 951, 144, 6, 1),
(145, 1, 951, 145, 6, 1),
(146, 1, 951, 146, 6, 1),
(147, 1, 951, 147, 6, 1),
(148, 1, 951, 148, 6, 1),
(149, 1, 951, 149, 6, 1),
(150, 1, 951, 150, 6, 1),
(151, 1, 951, 151, 6, 1),
(152, 1, 951, 152, 6, 1),
(153, 1, 951, 153, 6, 1),
(154, 1, 951, 154, 6, 1),
(155, 1, 951, 155, 6, 1),
(156, 1, 951, 156, 6, 1),
(157, 1, 951, 157, 6, 1),
(158, 1, 951, 158, 6, 1),
(159, 1, 951, 159, 6, 1),
(160, 1, 951, 160, 6, 1),
(161, 1, 951, 161, 6, 1),
(162, 1, 951, 162, 6, 1),
(163, 1, 951, 163, 6, 1),
(164, 1, 951, 164, 6, 1),
(165, 1, 951, 165, 6, 1),
(166, 1, 951, 166, 6, 1),
(167, 1, 951, 167, 6, 1),
(168, 1, 951, 168, 6, 1),
(169, 1, 951, 169, 6, 1),
(170, 1, 951, 170, 6, 1),
(171, 1, 951, 171, 6, 1),
(172, 1, 951, 172, 6, 1),
(173, 1, 951, 173, 6, 1),
(174, 1, 951, 174, 6, 1),
(175, 1, 951, 175, 6, 1),
(176, 1, 951, 176, 6, 1),
(177, 1, 951, 177, 6, 1),
(178, 1, 951, 178, 6, 1),
(179, 1, 951, 179, 6, 1),
(180, 1, 951, 180, 6, 1),
(181, 1, 951, 181, 6, 1),
(182, 1, 951, 182, 6, 1),
(183, 1, 951, 183, 6, 1),
(184, 1, 951, 184, 6, 1),
(185, 1, 951, 185, 6, 1),
(186, 1, 951, 186, 7, 1),
(187, 1, 951, 187, 7, 1),
(188, 1, 951, 188, 7, 1),
(189, 1, 951, 189, 7, 1),
(190, 1, 951, 190, 7, 1),
(191, 1, 951, 191, 7, 1),
(192, 1, 951, 192, 7, 1),
(193, 1, 951, 193, 7, 1),
(194, 1, 951, 194, 7, 1),
(195, 1, 951, 195, 7, 1),
(196, 1, 951, 196, 7, 1),
(197, 1, 951, 197, 7, 1),
(198, 1, 951, 198, 7, 1),
(199, 1, 951, 199, 7, 1),
(200, 1, 951, 200, 7, 1),
(201, 1, 951, 201, 7, 1),
(202, 1, 951, 202, 7, 1),
(203, 1, 951, 203, 7, 1),
(204, 1, 951, 204, 7, 1),
(205, 1, 951, 205, 7, 1),
(206, 1, 951, 206, 7, 1),
(207, 1, 951, 207, 7, 1),
(208, 1, 951, 208, 7, 1),
(209, 1, 951, 209, 7, 1),
(210, 1, 951, 210, 7, 1),
(211, 1, 951, 211, 7, 1),
(212, 1, 951, 212, 7, 1),
(213, 1, 951, 213, 7, 1),
(214, 1, 951, 214, 7, 1),
(215, 1, 951, 215, 7, 1),
(216, 1, 951, 216, 7, 1),
(217, 1, 951, 217, 7, 1),
(218, 1, 951, 218, 7, 1),
(219, 1, 951, 219, 7, 1),
(220, 1, 951, 220, 7, 1),
(221, 1, 951, 221, 7, 1),
(222, 1, 951, 222, 7, 1),
(223, 1, 951, 223, 7, 1),
(224, 1, 951, 224, 7, 1),
(225, 1, 951, 225, 7, 1),
(226, 1, 951, 226, 7, 1),
(227, 1, 951, 227, 7, 1),
(228, 1, 951, 228, 7, 1),
(229, 1, 951, 229, 7, 1),
(230, 1, 951, 230, 7, 1),
(231, 1, 951, 231, 7, 1),
(232, 1, 951, 232, 7, 1),
(233, 1, 951, 233, 7, 1),
(234, 1, 951, 234, 7, 1),
(235, 1, 951, 235, 7, 1),
(236, 1, 951, 236, 8, 1),
(237, 1, 951, 237, 8, 1),
(238, 1, 951, 238, 8, 1),
(239, 1, 951, 239, 8, 1),
(240, 1, 951, 240, 8, 1),
(241, 1, 951, 241, 8, 1),
(242, 1, 951, 242, 8, 1),
(243, 1, 951, 243, 8, 1),
(244, 1, 951, 244, 8, 1),
(245, 1, 951, 245, 8, 1),
(246, 1, 951, 246, 8, 1),
(247, 1, 951, 247, 8, 1),
(248, 1, 951, 248, 8, 1),
(249, 1, 951, 249, 8, 1),
(252, 1, 951, 252, 9, 1),
(253, 1, 951, 253, 9, 1),
(254, 1, 951, 254, 9, 1),
(255, 1, 951, 255, 9, 1),
(256, 1, 951, 256, 9, 1),
(257, 1, 951, 257, 9, 1),
(258, 1, 951, 258, 9, 1),
(259, 1, 951, 259, 9, 1),
(260, 1, 951, 260, 9, 1),
(261, 1, 951, 261, 9, 1),
(262, 1, 951, 262, 9, 1),
(263, 1, 951, 263, 9, 1),
(264, 1, 951, 264, 9, 1),
(265, 1, 951, 265, 9, 1),
(266, 1, 951, 266, 9, 1),
(267, 1, 951, 267, 9, 1),
(268, 1, 951, 268, 9, 1),
(269, 1, 951, 269, 9, 1),
(270, 1, 951, 270, 9, 1),
(271, 1, 951, 271, 9, 1),
(272, 1, 951, 272, 9, 1),
(273, 1, 951, 273, 9, 1),
(274, 1, 951, 274, 9, 1),
(275, 1, 951, 275, 9, 1),
(276, 1, 951, 276, 9, 1),
(277, 1, 951, 277, 9, 1),
(278, 1, 951, 278, 9, 1),
(279, 1, 951, 279, 9, 1),
(280, 1, 951, 280, 9, 1),
(281, 1, 951, 281, 9, 1),
(282, 1, 951, 282, 9, 1),
(283, 1, 951, 283, 9, 1),
(284, 1, 951, 284, 10, 1),
(285, 1, 951, 285, 10, 1),
(286, 1, 951, 286, 10, 1),
(287, 1, 951, 287, 10, 1),
(288, 1, 951, 288, 10, 1),
(289, 1, 951, 289, 10, 1),
(290, 1, 951, 290, 10, 1),
(291, 1, 951, 291, 10, 1),
(292, 1, 951, 292, 10, 1),
(293, 1, 951, 293, 10, 1),
(294, 1, 951, 294, 10, 1),
(295, 1, 951, 295, 10, 1),
(296, 1, 951, 296, 10, 1),
(297, 1, 951, 297, 10, 1),
(298, 1, 951, 298, 10, 1),
(299, 1, 951, 299, 10, 1),
(300, 1, 951, 300, 10, 1),
(301, 1, 951, 301, 10, 1),
(302, 1, 951, 302, 10, 1),
(303, 1, 951, 303, 10, 1),
(304, 1, 951, 304, 10, 1),
(305, 1, 951, 305, 10, 1),
(306, 1, 951, 306, 10, 1),
(307, 1, 951, 307, 10, 1),
(308, 1, 951, 308, 10, 1),
(309, 1, 951, 309, 10, 1),
(310, 1, 951, 310, 10, 1),
(311, 1, 951, 311, 10, 1),
(312, 1, 951, 312, 10, 1),
(313, 1, 951, 313, 10, 1),
(314, 1, 951, 314, 10, 1),
(315, 1, 951, 315, 10, 1),
(316, 1, 951, 316, 10, 1),
(317, 1, 951, 317, 10, 1),
(318, 1, 951, 318, 10, 1),
(319, 1, 951, 319, 10, 1),
(320, 1, 951, 320, 10, 1),
(321, 1, 951, 321, 10, 1),
(322, 1, 951, 322, 10, 1),
(323, 1, 951, 323, 10, 1),
(324, 1, 951, 324, 10, 1),
(325, 1, 951, 325, 10, 1),
(326, 1, 951, 326, 10, 1),
(327, 1, 951, 327, 10, 1),
(328, 1, 951, 328, 10, 1),
(329, 1, 951, 329, 10, 1),
(330, 1, 951, 330, 10, 1),
(331, 1, 951, 331, 10, 1),
(332, 1, 951, 332, 10, 1),
(333, 1, 951, 333, 10, 1),
(334, 1, 951, 334, 10, 1),
(335, 1, 951, 335, 10, 1),
(336, 1, 951, 336, 10, 1),
(337, 1, 951, 337, 10, 1),
(338, 1, 951, 338, 10, 1),
(339, 1, 951, 339, 10, 1),
(340, 1, 951, 340, 10, 1),
(341, 1, 951, 341, 10, 1),
(342, 1, 951, 342, 10, 1),
(343, 1, 951, 343, 10, 1),
(344, 1, 951, 344, 10, 1),
(345, 1, 951, 345, 10, 1),
(346, 1, 951, 346, 10, 1),
(347, 1, 951, 347, 10, 1),
(348, 1, 951, 348, 10, 1),
(349, 1, 951, 349, 10, 1),
(350, 1, 951, 350, 10, 1),
(351, 1, 951, 351, 10, 1),
(352, 1, 951, 352, 10, 1),
(353, 1, 951, 353, 10, 1),
(354, 1, 951, 354, 10, 1),
(355, 1, 951, 355, 11, 1),
(356, 1, 951, 356, 11, 1),
(357, 1, 951, 357, 11, 1),
(358, 1, 951, 358, 11, 1),
(359, 1, 951, 359, 11, 1),
(360, 1, 951, 360, 11, 1),
(361, 1, 951, 361, 11, 1),
(362, 1, 951, 362, 11, 1),
(363, 1, 951, 363, 11, 1),
(364, 1, 951, 364, 11, 1),
(365, 1, 951, 365, 11, 1),
(366, 1, 951, 366, 11, 1),
(367, 1, 951, 367, 11, 1),
(368, 1, 951, 368, 11, 1),
(369, 1, 951, 369, 11, 1),
(370, 1, 951, 370, 11, 1);

-- --------------------------------------------------------

--
-- Structure de la table `NIVEAU`
--


--
-- Contenu de la table `NIVEAU`
--

INSERT INTO `NIVEAU` (`ID`, `CODE`, `VERSION`, `CYCLE_ID`, `ACTIVE`) VALUES
(851, 'Licence 1', 1, 751, 1),
(852, 'Licence 2', 1, 751, 1),
(853, 'Licence 3', 1, 751, 1),
(854, 'Master 1', 1, 652, 1),
(855, 'Master 2', 1, 652, 1);

-- --------------------------------------------------------

--
-- Structure de la table `NOTE`
--


-- --------------------------------------------------------

--
-- Structure de la table `OPTIONS`
--


--
-- Contenu de la table `OPTIONS`
--

INSERT INTO `OPTIONS` (`ID`, `CODE`, `DESCRIPTION`, `VERSION`, `DEPARTEMENT_ID`, `ACTIVE`) VALUES
(905, 'Informatique et Télécommunications', 'Informatique et Télécommunications', 1, 401, 0),
(906, 'Informatique de Gestion', 'Informatique de Gestion', 1, 401, 0),
(907, 'Télécommunications', 'Télécommunications', 1, 51, 0),
(908, 'Securité et Administration Réseaux', 'Securité et Administration Réseaux', 1, 401, 0),
(909, 'Génie Logiciel', 'Génie Logiciel', 1, 401, 0),
(910, 'Reseaux', 'Reseaux', 1, 401, 0);

-- --------------------------------------------------------

--
-- Structure de la table `PARCOURS`
--


--
-- Contenu de la table `PARCOURS`
--

INSERT INTO `PARCOURS` (`ID`, `VERSION`, `NIVEAU_ID`, `OPTION_ID`, `ACTIVE`) VALUES
(1, 1, 851, 905, 1),
(2, 1, 852, 905, 1),
(3, 1, 853, 906, 1),
(4, 1, 853, 907, 1),
(5, 1, 853, 908, 1),
(6, 1, 854, 907, 1),
(7, 1, 854, 909, 1),
(8, 1, 854, 910, 1),
(9, 1, 855, 907, 1),
(10, 1, 855, 909, 1),
(11, 1, 855, 910, 1);

-- --------------------------------------------------------

--
-- Structure de la table `PARCOURS_UNITEENSEIGNEMENT`
--


-- --------------------------------------------------------

--
-- Structure de la table `PROGRAMME`
--


-- --------------------------------------------------------

--
-- Structure de la table `SEMESTRE`
--


--
-- Contenu de la table `SEMESTRE`
--

INSERT INTO `SEMESTRE` (`ID`, `INTITULE`, `VERSION`, `NIVEAU_ID`, `ACTIVE`) VALUES
(901, 'Semestre 1', 1, 851, 0),
(902, 'Semestre 2', 1, 851, 0),
(903, 'Semestre 3', 1, 852, 0),
(904, 'Semestre 4', 1, 852, 0);

-- --------------------------------------------------------

--
-- Structure de la table `SEQUENCE`
--

--
-- Contenu de la table `SEQUENCE`
--

INSERT INTO `SEQUENCE` (`SEQ_NAME`, `SEQ_COUNT`) VALUES
('SEQ_GEN', 1200);

-- --------------------------------------------------------

--
-- Structure de la table `TYPECOURS`
--

-- --------------------------------------------------------

--
-- Structure de la table `UNITEENSEIGNEMENT`
--

-- --------------------------------------------------------

--
-- Structure de la table `UNITEENSEIGNEMENT_COURS`
--


--
-- Contraintes pour les tables exportées
--

--
-- Contraintes pour la table `COURS`
--

--

/*!40101 SET CHARACTER_SET_CLIENT=@OLD_CHARACTER_SET_CLIENT */;
/*!40101 SET CHARACTER_SET_RESULTS=@OLD_CHARACTER_SET_RESULTS */;
/*!40101 SET COLLATION_CONNECTION=@OLD_COLLATION_CONNECTION */;
