-- MySQL dump 10.13  Distrib 5.5.41, for debian-linux-gnu (i686)
--
-- Host: localhost    Database: notes
-- ------------------------------------------------------
-- Server version	5.5.41-0ubuntu0.14.04.1

/*!40101 SET @OLD_CHARACTER_SET_CLIENT=@@CHARACTER_SET_CLIENT */;
/*!40101 SET @OLD_CHARACTER_SET_RESULTS=@@CHARACTER_SET_RESULTS */;
/*!40101 SET @OLD_COLLATION_CONNECTION=@@COLLATION_CONNECTION */;
/*!40101 SET NAMES utf8 */;
/*!40103 SET @OLD_TIME_ZONE=@@TIME_ZONE */;
/*!40103 SET TIME_ZONE='+00:00' */;
/*!40014 SET @OLD_UNIQUE_CHECKS=@@UNIQUE_CHECKS, UNIQUE_CHECKS=0 */;
/*!40014 SET @OLD_FOREIGN_KEY_CHECKS=@@FOREIGN_KEY_CHECKS, FOREIGN_KEY_CHECKS=0 */;
/*!40101 SET @OLD_SQL_MODE=@@SQL_MODE, SQL_MODE='NO_AUTO_VALUE_ON_ZERO' */;
/*!40111 SET @OLD_SQL_NOTES=@@SQL_NOTES, SQL_NOTES=0 */;

--
-- Current Database: `notes`
--

CREATE DATABASE /*!32312 IF NOT EXISTS*/ `notes` /*!40100 DEFAULT CHARACTER SET latin1 */;

USE `notes`;

--
-- Table structure for table `ANNEEACADEMIQUE`
--

DROP TABLE IF EXISTS `ANNEEACADEMIQUE`;
/*!40101 SET @saved_cs_client     = @@character_set_client */;
/*!40101 SET character_set_client = utf8 */;
CREATE TABLE `ANNEEACADEMIQUE` (
  `ID` bigint(20) NOT NULL,
  `ACTIVE` int(11) DEFAULT '1',
  `DEBUT` date DEFAULT NULL,
  `FIN` date DEFAULT NULL,
  `VERSION` int(11) DEFAULT NULL,
  PRIMARY KEY (`ID`)
) ENGINE=InnoDB DEFAULT CHARSET=latin1;
/*!40101 SET character_set_client = @saved_cs_client */;

--
-- Dumping data for table `ANNEEACADEMIQUE`
--

LOCK TABLES `ANNEEACADEMIQUE` WRITE;
/*!40000 ALTER TABLE `ANNEEACADEMIQUE` DISABLE KEYS */;
INSERT INTO `ANNEEACADEMIQUE` VALUES (101,1,'2014-09-01','2015-08-31',1);
/*!40000 ALTER TABLE `ANNEEACADEMIQUE` ENABLE KEYS */;
UNLOCK TABLES;

--
-- Table structure for table `COURS`
--

DROP TABLE IF EXISTS `COURS`;
/*!40101 SET @saved_cs_client     = @@character_set_client */;
/*!40101 SET character_set_client = utf8 */;
CREATE TABLE `COURS` (
  `ID` bigint(20) NOT NULL,
  `ACTIVE` int(11) DEFAULT '1',
  `CREDIT` int(11) DEFAULT NULL,
  `INTITULE` varchar(255) DEFAULT NULL,
  `VERSION` int(11) DEFAULT NULL,
  `TYPECOURS_ID` bigint(20) DEFAULT NULL,
  PRIMARY KEY (`ID`),
  UNIQUE KEY `INTITULE` (`INTITULE`),
  KEY `FK_COURS_TYPECOURS_ID` (`TYPECOURS_ID`),
  CONSTRAINT `FK_COURS_TYPECOURS_ID` FOREIGN KEY (`TYPECOURS_ID`) REFERENCES `TYPECOURS` (`ID`)
) ENGINE=InnoDB DEFAULT CHARSET=latin1;
/*!40101 SET character_set_client = @saved_cs_client */;

--
-- Dumping data for table `COURS`
--

LOCK TABLES `COURS` WRITE;
/*!40000 ALTER TABLE `COURS` DISABLE KEYS */;
INSERT INTO `COURS` VALUES (14,1,4,'Algorithmique et Programmation',1,12);
/*!40000 ALTER TABLE `COURS` ENABLE KEYS */;
UNLOCK TABLES;

--
-- Table structure for table `CYCLES`
--

DROP TABLE IF EXISTS `CYCLES`;
/*!40101 SET @saved_cs_client     = @@character_set_client */;
/*!40101 SET character_set_client = utf8 */;
CREATE TABLE `CYCLES` (
  `ID` bigint(20) NOT NULL,
  `ACTIVE` int(11) DEFAULT '1',
  `NOM` varchar(255) DEFAULT NULL,
  `VERSION` int(11) DEFAULT NULL,
  PRIMARY KEY (`ID`),
  UNIQUE KEY `NOM` (`NOM`)
) ENGINE=InnoDB DEFAULT CHARSET=latin1;
/*!40101 SET character_set_client = @saved_cs_client */;

--
-- Dumping data for table `CYCLES`
--

LOCK TABLES `CYCLES` WRITE;
/*!40000 ALTER TABLE `CYCLES` DISABLE KEYS */;
INSERT INTO `CYCLES` VALUES (102,1,'Licence',1),(151,1,'Master',1);
/*!40000 ALTER TABLE `CYCLES` ENABLE KEYS */;
UNLOCK TABLES;

--
-- Table structure for table `DEPARTEMENT`
--

DROP TABLE IF EXISTS `DEPARTEMENT`;
/*!40101 SET @saved_cs_client     = @@character_set_client */;
/*!40101 SET character_set_client = utf8 */;
CREATE TABLE `DEPARTEMENT` (
  `ID` bigint(20) NOT NULL,
  `ACTIVE` int(11) DEFAULT '1',
  `CODE` varchar(255) DEFAULT NULL,
  `DESCRIPTION` varchar(255) DEFAULT NULL,
  `VERSION` int(11) DEFAULT NULL,
  PRIMARY KEY (`ID`),
  UNIQUE KEY `CODE` (`CODE`)
) ENGINE=InnoDB DEFAULT CHARSET=latin1;
/*!40101 SET character_set_client = @saved_cs_client */;

--
-- Dumping data for table `DEPARTEMENT`
--

LOCK TABLES `DEPARTEMENT` WRITE;
/*!40000 ALTER TABLE `DEPARTEMENT` DISABLE KEYS */;
INSERT INTO `DEPARTEMENT` VALUES (51,1,'ENREN','Energies Renouvelables',3),(101,1,'SCIENV','Sciences Environnementales',1),(156,1,'AGEPD','Agriculture Elevage et Produits Derivés',1),(157,1,'CHP','Climatologie Hydrologie et Pedologie',1),(301,1,'GTC','Génie du Textile et Cuir',1),(302,1,'BEARSPA','Beaux Arts et Sciences du Patrimoine',1),(401,1,'INFOTEL','Informatique et Télécommunications',10),(402,1,'HYMAE','Hydraulique et Maitrise des Eaux',2),(451,1,'SCISOD','Sciences Sociales pour le Developpement',1),(514,0,'tt','Toto',2),(601,0,'sdfc','ergrfd',2),(602,0,'vince','vince',2),(603,0,'dev','dev',2),(801,1,'TRAMARH','Traitement des Matériaux Architecture et Habitat',2);
/*!40000 ALTER TABLE `DEPARTEMENT` ENABLE KEYS */;
UNLOCK TABLES;

--
-- Table structure for table `ENSEIGNANT`
--

DROP TABLE IF EXISTS `ENSEIGNANT`;
/*!40101 SET @saved_cs_client     = @@character_set_client */;
/*!40101 SET character_set_client = utf8 */;
CREATE TABLE `ENSEIGNANT` (
  `ID` bigint(20) NOT NULL,
  `ACTIVE` int(11) DEFAULT '1',
  `NOM` varchar(255) DEFAULT NULL,
  `VERSION` int(11) DEFAULT NULL,
  PRIMARY KEY (`ID`)
) ENGINE=InnoDB DEFAULT CHARSET=latin1;
/*!40101 SET character_set_client = @saved_cs_client */;

--
-- Dumping data for table `ENSEIGNANT`
--

LOCK TABLES `ENSEIGNANT` WRITE;
/*!40000 ALTER TABLE `ENSEIGNANT` DISABLE KEYS */;
INSERT INTO `ENSEIGNANT` VALUES (235,1,'Douwe Vincent',1);
/*!40000 ALTER TABLE `ENSEIGNANT` ENABLE KEYS */;
UNLOCK TABLES;

--
-- Table structure for table `ENSEIGNEMENT`
--

DROP TABLE IF EXISTS `ENSEIGNEMENT`;
/*!40101 SET @saved_cs_client     = @@character_set_client */;
/*!40101 SET character_set_client = utf8 */;
CREATE TABLE `ENSEIGNEMENT` (
  `ID` bigint(20) NOT NULL,
  `ACTIVE` int(11) DEFAULT '1',
  `VERSION` int(11) DEFAULT NULL,
  `ANNEEACADEMIQUE_ID` bigint(20) DEFAULT NULL,
  `COURS_ID` bigint(20) DEFAULT NULL,
  PRIMARY KEY (`ID`),
  KEY `FK_ENSEIGNEMENT_COURS_ID` (`COURS_ID`),
  KEY `FK_ENSEIGNEMENT_ANNEEACADEMIQUE_ID` (`ANNEEACADEMIQUE_ID`),
  CONSTRAINT `FK_ENSEIGNEMENT_ANNEEACADEMIQUE_ID` FOREIGN KEY (`ANNEEACADEMIQUE_ID`) REFERENCES `ANNEEACADEMIQUE` (`ID`),
  CONSTRAINT `FK_ENSEIGNEMENT_COURS_ID` FOREIGN KEY (`COURS_ID`) REFERENCES `COURS` (`ID`)
) ENGINE=InnoDB DEFAULT CHARSET=latin1;
/*!40101 SET character_set_client = @saved_cs_client */;

--
-- Dumping data for table `ENSEIGNEMENT`
--

LOCK TABLES `ENSEIGNEMENT` WRITE;
/*!40000 ALTER TABLE `ENSEIGNEMENT` DISABLE KEYS */;
INSERT INTO `ENSEIGNEMENT` VALUES (510,1,1,101,NULL);
/*!40000 ALTER TABLE `ENSEIGNEMENT` ENABLE KEYS */;
UNLOCK TABLES;

--
-- Table structure for table `ENSEIGNEMENT_ENSEIGNANT`
--

DROP TABLE IF EXISTS `ENSEIGNEMENT_ENSEIGNANT`;
/*!40101 SET @saved_cs_client     = @@character_set_client */;
/*!40101 SET character_set_client = utf8 */;
CREATE TABLE `ENSEIGNEMENT_ENSEIGNANT` (
  `Enseignement_ID` bigint(20) NOT NULL,
  `enseignants_ID` bigint(20) NOT NULL,
  `enseignements_ID` bigint(20) NOT NULL,
  PRIMARY KEY (`Enseignement_ID`,`enseignants_ID`),
  KEY `FK_ENSEIGNEMENT_ENSEIGNANT_enseignants_ID` (`enseignants_ID`),
  CONSTRAINT `FK_ENSEIGNEMENT_ENSEIGNANT_enseignants_ID` FOREIGN KEY (`enseignants_ID`) REFERENCES `ENSEIGNANT` (`ID`),
  CONSTRAINT `FK_ENSEIGNEMENT_ENSEIGNANT_Enseignement_ID` FOREIGN KEY (`Enseignement_ID`) REFERENCES `ENSEIGNEMENT` (`ID`)
) ENGINE=InnoDB DEFAULT CHARSET=latin1;
/*!40101 SET character_set_client = @saved_cs_client */;

--
-- Dumping data for table `ENSEIGNEMENT_ENSEIGNANT`
--

LOCK TABLES `ENSEIGNEMENT_ENSEIGNANT` WRITE;
/*!40000 ALTER TABLE `ENSEIGNEMENT_ENSEIGNANT` DISABLE KEYS */;
/*!40000 ALTER TABLE `ENSEIGNEMENT_ENSEIGNANT` ENABLE KEYS */;
UNLOCK TABLES;

--
-- Table structure for table `ETUDIANT`
--

DROP TABLE IF EXISTS `ETUDIANT`;
/*!40101 SET @saved_cs_client     = @@character_set_client */;
/*!40101 SET character_set_client = utf8 */;
CREATE TABLE `ETUDIANT` (
  `ID` bigint(20) NOT NULL,
  `ACTIVE` int(11) DEFAULT '1',
  `DATEDENAISSANCE` date DEFAULT NULL,
  `EMAIL` varchar(255) DEFAULT NULL,
  `GENRE` int(11) DEFAULT NULL,
  `LIEUDENAISSANCE` varchar(255) DEFAULT NULL,
  `MATRICULE` varchar(255) DEFAULT NULL,
  `NOM` varchar(255) DEFAULT NULL,
  `NUMEROTELEPHONE` varchar(255) DEFAULT NULL,
  `VERSION` int(11) DEFAULT NULL,
  PRIMARY KEY (`ID`),
  UNIQUE KEY `MATRICULE` (`MATRICULE`)
) ENGINE=InnoDB DEFAULT CHARSET=latin1;
/*!40101 SET character_set_client = @saved_cs_client */;

--
-- Dumping data for table `ETUDIANT`
--

LOCK TABLES `ETUDIANT` WRITE;
/*!40000 ALTER TABLE `ETUDIANT` DISABLE KEYS */;
INSERT INTO `ETUDIANT` VALUES (201,1,'1994-06-19',NULL,0,' BODO','14A436S','ABAKAR ABASS',NULL,1),(203,1,'1988-01-12',NULL,0,'BIBEMI','14A107S','ABBA FRANCOIS',NULL,1),(205,1,'1992-06-20',NULL,0,'BAHIGRA','14A330S','ABDOU HATIKIYA',NULL,1),(207,1,'1992-10-13',NULL,0,'MAROUA','14A347S','ABDOUL BASSIT ABDOU',NULL,1),(209,1,'1989-05-31',NULL,0,'LOGONE BIRNI','14A161S','ABDOUL MOUMOUNI ABBA',NULL,1),(211,1,'1992-03-08',NULL,0,'DJARENGOL KODEK','14A311S','ABDOUL-AZIZE ALIOUM',NULL,1),(213,1,'1991-04-05',NULL,0,'GUIRVIZA','14A269S','ABDOULAYE MANA',NULL,1),(215,1,'1994-09-12',NULL,0,'MEDINA-AFADE','14A445S','ABDOULKADRE MOUSSA',NULL,1),(217,1,'1988-08-20',NULL,0,'GAROUA','14A131S','ABDOULRAHMANI HAMADOU',NULL,1),(219,1,'1996-10-24',NULL,0,'LAGDO','14A495S','ABDOULRAMANE ABOU DJAFAR',NULL,1),(221,1,'1993-12-22',NULL,0,'KOUSSERI','14A412S','ABDOURAMANE ADOUM IDRISSA',NULL,1),(223,1,'1995-01-11',NULL,0,'YAOUNDE','14A454S','ABOMO ONAMBELE STEPHANE SIMPLICE',NULL,1),(225,1,'1985-01-29',NULL,0,'MAROUA','11V108S','ABOUBACKRI MAMSOUR',NULL,1),(227,1,'1983-01-01',NULL,0,'BAIZIDI-YAGOUA','14A510S','ABOUSSALAYE MARCEL',NULL,1),(229,1,'1987-12-22',NULL,1,'YAOUNDE','14A103S','ADA RIHANATOU',NULL,1);
/*!40000 ALTER TABLE `ETUDIANT` ENABLE KEYS */;
UNLOCK TABLES;

--
-- Table structure for table `EVALUATION`
--

DROP TABLE IF EXISTS `EVALUATION`;
/*!40101 SET @saved_cs_client     = @@character_set_client */;
/*!40101 SET character_set_client = utf8 */;
CREATE TABLE `EVALUATION` (
  `ID` bigint(20) NOT NULL,
  `ACTIVE` int(11) DEFAULT '1',
  `CODE` varchar(255) DEFAULT NULL,
  `DESCRIPTION` varchar(255) DEFAULT NULL,
  `VERSION` int(11) DEFAULT NULL,
  `ISEXAM` tinyint(1) DEFAULT '0',
  PRIMARY KEY (`ID`)
) ENGINE=InnoDB DEFAULT CHARSET=latin1;
/*!40101 SET character_set_client = @saved_cs_client */;

--
-- Dumping data for table `EVALUATION`
--

LOCK TABLES `EVALUATION` WRITE;
/*!40000 ALTER TABLE `EVALUATION` DISABLE KEYS */;
INSERT INTO `EVALUATION` VALUES (501,1,'CC','Controle Continu',1,0),(502,1,'TPE','Travail Personnel Encadre',1,0),(503,1,'TP','Travaux Pratiques',1,0),(651,1,'EE','Examen Ecrit',1,1);
/*!40000 ALTER TABLE `EVALUATION` ENABLE KEYS */;
UNLOCK TABLES;

--
-- Table structure for table `EVALUATIONDETAILS`
--

DROP TABLE IF EXISTS `EVALUATIONDETAILS`;
/*!40101 SET @saved_cs_client     = @@character_set_client */;
/*!40101 SET character_set_client = utf8 */;
CREATE TABLE `EVALUATIONDETAILS` (
  `ID` bigint(20) NOT NULL,
  `ACTIVE` int(11) DEFAULT '1',
  `POURCENTAGE` int(11) DEFAULT NULL,
  `VERSION` int(11) DEFAULT NULL,
  `EVALUATION_ID` bigint(20) DEFAULT NULL,
  `TYPECOURS_ID` bigint(20) DEFAULT NULL,
  PRIMARY KEY (`ID`),
  KEY `FK_EVALUATIONDETAILS_TYPECOURS_ID` (`TYPECOURS_ID`),
  KEY `FK_EVALUATIONDETAILS_EVALUATION_ID` (`EVALUATION_ID`),
  CONSTRAINT `FK_EVALUATIONDETAILS_EVALUATION_ID` FOREIGN KEY (`EVALUATION_ID`) REFERENCES `EVALUATION` (`ID`),
  CONSTRAINT `FK_EVALUATIONDETAILS_TYPECOURS_ID` FOREIGN KEY (`TYPECOURS_ID`) REFERENCES `TYPECOURS` (`ID`)
) ENGINE=InnoDB DEFAULT CHARSET=latin1;
/*!40101 SET character_set_client = @saved_cs_client */;

--
-- Dumping data for table `EVALUATIONDETAILS`
--

LOCK TABLES `EVALUATIONDETAILS` WRITE;
/*!40000 ALTER TABLE `EVALUATIONDETAILS` DISABLE KEYS */;
INSERT INTO `EVALUATIONDETAILS` VALUES (503,1,53,2,651,12),(504,1,30,1,501,12),(505,1,20,1,502,12),(701,1,60,2,503,13),(702,1,40,1,651,13),(703,1,5,1,501,13);
/*!40000 ALTER TABLE `EVALUATIONDETAILS` ENABLE KEYS */;
UNLOCK TABLES;

--
-- Table structure for table `INSCRIPTION`
--

DROP TABLE IF EXISTS `INSCRIPTION`;
/*!40101 SET @saved_cs_client     = @@character_set_client */;
/*!40101 SET character_set_client = utf8 */;
CREATE TABLE `INSCRIPTION` (
  `ID` bigint(20) NOT NULL,
  `ACTIVE` int(11) DEFAULT '1',
  `VERSION` int(11) DEFAULT NULL,
  `ANNEEACADEMIQUE_ID` bigint(20) DEFAULT NULL,
  `ETUDIANT_ID` bigint(20) DEFAULT NULL,
  `PARCOURS_ID` bigint(20) DEFAULT NULL,
  PRIMARY KEY (`ID`),
  KEY `FK_INSCRIPTION_ETUDIANT_ID` (`ETUDIANT_ID`),
  KEY `FK_INSCRIPTION_PARCOURS_ID` (`PARCOURS_ID`),
  KEY `FK_INSCRIPTION_ANNEEACADEMIQUE_ID` (`ANNEEACADEMIQUE_ID`),
  CONSTRAINT `FK_INSCRIPTION_ANNEEACADEMIQUE_ID` FOREIGN KEY (`ANNEEACADEMIQUE_ID`) REFERENCES `ANNEEACADEMIQUE` (`ID`),
  CONSTRAINT `FK_INSCRIPTION_ETUDIANT_ID` FOREIGN KEY (`ETUDIANT_ID`) REFERENCES `ETUDIANT` (`ID`),
  CONSTRAINT `FK_INSCRIPTION_PARCOURS_ID` FOREIGN KEY (`PARCOURS_ID`) REFERENCES `PARCOURS` (`ID`)
) ENGINE=InnoDB DEFAULT CHARSET=latin1;
/*!40101 SET character_set_client = @saved_cs_client */;

--
-- Dumping data for table `INSCRIPTION`
--

LOCK TABLES `INSCRIPTION` WRITE;
/*!40000 ALTER TABLE `INSCRIPTION` DISABLE KEYS */;
INSERT INTO `INSCRIPTION` VALUES (202,1,1,101,201,8),(204,1,1,101,203,5),(206,1,1,101,205,8),(208,1,1,101,207,7),(210,1,1,101,209,6),(212,1,1,101,211,4),(214,1,1,101,213,8),(216,1,1,101,215,8),(218,1,1,101,217,10),(220,1,1,101,219,4),(222,1,1,101,221,3),(224,1,1,101,223,3),(226,1,1,101,225,12),(228,1,1,101,227,9),(230,1,1,101,229,10),(231,1,1,101,201,13),(232,1,1,101,203,14),(233,1,1,101,205,13);
/*!40000 ALTER TABLE `INSCRIPTION` ENABLE KEYS */;
UNLOCK TABLES;

--
-- Table structure for table `NIVEAU`
--

DROP TABLE IF EXISTS `NIVEAU`;
/*!40101 SET @saved_cs_client     = @@character_set_client */;
/*!40101 SET character_set_client = utf8 */;
CREATE TABLE `NIVEAU` (
  `ID` bigint(20) NOT NULL,
  `ACTIVE` int(11) DEFAULT '1',
  `CODE` varchar(255) DEFAULT NULL,
  `VERSION` int(11) DEFAULT NULL,
  `CYCLE_ID` bigint(20) DEFAULT NULL,
  PRIMARY KEY (`ID`),
  UNIQUE KEY `CODE` (`CODE`),
  KEY `FK_NIVEAU_CYCLE_ID` (`CYCLE_ID`),
  CONSTRAINT `FK_NIVEAU_CYCLE_ID` FOREIGN KEY (`CYCLE_ID`) REFERENCES `CYCLES` (`ID`)
) ENGINE=InnoDB DEFAULT CHARSET=latin1;
/*!40101 SET character_set_client = @saved_cs_client */;

--
-- Dumping data for table `NIVEAU`
--

LOCK TABLES `NIVEAU` WRITE;
/*!40000 ALTER TABLE `NIVEAU` DISABLE KEYS */;
INSERT INTO `NIVEAU` VALUES (103,1,'Licence 1',1,102),(152,1,'Licence 2',1,102),(153,1,'Licence 3',3,102),(154,1,'Master 1',1,151),(155,1,'Master 2',1,151);
/*!40000 ALTER TABLE `NIVEAU` ENABLE KEYS */;
UNLOCK TABLES;

--
-- Table structure for table `NOTE`
--

DROP TABLE IF EXISTS `NOTE`;
/*!40101 SET @saved_cs_client     = @@character_set_client */;
/*!40101 SET character_set_client = utf8 */;
CREATE TABLE `NOTE` (
  `ID` bigint(20) NOT NULL AUTO_INCREMENT,
  `ACTIVE` int(11) DEFAULT '1',
  `sessions` int(11) DEFAULT NULL,
  `VALEUR` double DEFAULT NULL,
  `VERSION` int(11) DEFAULT NULL,
  `ANNEEACADEMIQUE_ID` bigint(20) DEFAULT NULL,
  `COURS_ID` bigint(20) DEFAULT NULL,
  `ETUDIANT_ID` bigint(20) DEFAULT NULL,
  `EVALUATION_ID` bigint(20) DEFAULT NULL,
  PRIMARY KEY (`ID`),
  KEY `FK_NOTE_EVALUATION_ID` (`EVALUATION_ID`),
  KEY `FK_NOTE_ETUDIANT_ID` (`ETUDIANT_ID`),
  KEY `FK_NOTE_ANNEEACADEMIQUE_ID` (`ANNEEACADEMIQUE_ID`),
  KEY `FK_NOTE_COURS_ID` (`COURS_ID`),
  CONSTRAINT `FK_NOTE_ANNEEACADEMIQUE_ID` FOREIGN KEY (`ANNEEACADEMIQUE_ID`) REFERENCES `ANNEEACADEMIQUE` (`ID`),
  CONSTRAINT `FK_NOTE_COURS_ID` FOREIGN KEY (`COURS_ID`) REFERENCES `COURS` (`ID`),
  CONSTRAINT `FK_NOTE_ETUDIANT_ID` FOREIGN KEY (`ETUDIANT_ID`) REFERENCES `ETUDIANT` (`ID`),
  CONSTRAINT `FK_NOTE_EVALUATION_ID` FOREIGN KEY (`EVALUATION_ID`) REFERENCES `EVALUATION` (`ID`)
) ENGINE=InnoDB AUTO_INCREMENT=79 DEFAULT CHARSET=latin1;
/*!40101 SET character_set_client = @saved_cs_client */;

--
-- Dumping data for table `NOTE`
--

LOCK TABLES `NOTE` WRITE;
/*!40000 ALTER TABLE `NOTE` DISABLE KEYS */;
INSERT INTO `NOTE` VALUES (30,1,0,13,1,101,14,201,501),(31,1,0,2,1,101,14,203,501),(32,1,0,7.5,1,101,14,205,501),(33,1,0,11,1,101,14,207,501),(34,1,0,10.5,1,101,14,209,501),(35,1,0,16,1,101,14,211,501),(36,1,0,15,1,101,14,213,501),(37,1,0,8,1,101,14,215,501),(38,1,0,19,1,101,14,217,501),(39,1,0,10,1,101,14,219,501),(40,1,0,19,1,101,14,221,501),(41,1,0,18.5,1,101,14,223,501),(42,1,0,5,1,101,14,225,501),(43,1,0,8.5,1,101,14,227,501),(44,1,0,4.5,1,101,14,229,501),(45,1,0,6,1,101,14,201,502),(46,1,0,9,1,101,14,203,502),(47,1,0,6.5,1,101,14,205,502),(48,1,0,14.5,1,101,14,207,502),(49,1,0,14.5,1,101,14,209,502),(50,1,0,8.5,1,101,14,211,502),(51,1,0,9,1,101,14,213,502),(52,1,0,8,1,101,14,215,502),(53,1,0,12,1,101,14,217,502),(54,1,0,10,1,101,14,219,502),(55,1,0,16.5,1,101,14,221,502),(56,1,0,16,1,101,14,223,502),(57,1,0,0.5,1,101,14,201,651),(58,1,0,17,1,101,14,203,651),(59,1,0,12,1,101,14,205,651),(60,1,0,9,1,101,14,207,651),(61,1,0,13,1,101,14,209,651),(62,1,0,12,1,101,14,211,651),(63,1,0,16.5,1,101,14,213,651),(64,1,0,13,1,101,14,215,651),(65,1,0,2.5,1,101,14,217,651),(66,1,0,10,1,101,14,219,651),(67,1,0,16.5,1,101,14,221,651),(68,1,0,15.5,1,101,14,223,651),(69,1,0,3.5,1,101,14,225,651),(70,1,0,8,1,101,14,227,651),(71,1,0,1.5,1,101,14,229,651),(72,1,1,19,1,101,14,209,651),(73,1,1,4,1,101,14,211,651),(74,1,1,12,1,101,14,213,651),(75,1,1,9,1,101,14,215,651),(76,1,1,8.5,1,101,14,217,651),(77,1,1,15.5,1,101,14,219,651),(78,1,1,17.5,1,101,14,221,651);
/*!40000 ALTER TABLE `NOTE` ENABLE KEYS */;
UNLOCK TABLES;

--
-- Table structure for table `OPTIONS`
--

DROP TABLE IF EXISTS `OPTIONS`;
/*!40101 SET @saved_cs_client     = @@character_set_client */;
/*!40101 SET character_set_client = utf8 */;
CREATE TABLE `OPTIONS` (
  `ID` bigint(20) NOT NULL,
  `ACTIVE` int(11) DEFAULT '1',
  `CODE` varchar(255) DEFAULT NULL,
  `DESCRIPTION` varchar(255) DEFAULT NULL,
  `VERSION` int(11) DEFAULT NULL,
  `DEPARTEMENT_ID` bigint(20) DEFAULT NULL,
  PRIMARY KEY (`ID`),
  UNIQUE KEY `CODE` (`CODE`),
  KEY `FK_OPTIONS_DEPARTEMENT_ID` (`DEPARTEMENT_ID`),
  CONSTRAINT `FK_OPTIONS_DEPARTEMENT_ID` FOREIGN KEY (`DEPARTEMENT_ID`) REFERENCES `DEPARTEMENT` (`ID`)
) ENGINE=InnoDB DEFAULT CHARSET=latin1;
/*!40101 SET character_set_client = @saved_cs_client */;

--
-- Dumping data for table `OPTIONS`
--

LOCK TABLES `OPTIONS` WRITE;
/*!40000 ALTER TABLE `OPTIONS` DISABLE KEYS */;
INSERT INTO `OPTIONS` VALUES (10,0,'IG','Informatique de Gestion',2,401),(11,1,'GELO','Génie Logiciel',1,401),(158,1,'ENREN','Energies Renouvelables',1,51),(159,1,'INFOTEL','Informatique et Télécommunications',1,401),(160,1,'CLIM','Climatologie',1,157),(161,1,'PAA','Productions Animales et Aquaculture',1,156),(162,1,'GENENV','Genie de l\'Environnement',1,101),(163,1,'EDEN','Education Environnementale',1,101),(164,1,'AGEPD','Agriculture Elevage et Produits Derivés',1,156),(311,1,'RESE','Réseaux',1,401),(312,1,'CRYP','Cryptographie',1,401),(313,1,'TELE','Télécommunications',1,401),(314,1,'SEAD','Sécurité et Administration Réseaux',1,401),(315,1,'DEPO','Déchets et Pollution',1,101),(316,1,'DEREN','Desertification et Ressources Humaines',1,101),(317,1,'PV','Productions Végétales',1,156),(318,1,'AGRAL','Agro-Alimentaire',1,156),(319,1,'EAME','Economie Agricole et Management des Entreprises',1,156),(320,1,'PEDO','Pedologie',1,157),(321,1,'HYDO','Hydrologie',1,157),(351,1,'BEAR','Beaux Arts',1,302),(352,1,'SCPA','Sciences du Patrimoine',1,302),(353,1,'STMO','Stylisme et Modélisme',1,302);
/*!40000 ALTER TABLE `OPTIONS` ENABLE KEYS */;
UNLOCK TABLES;

--
-- Table structure for table `PARCOURS`
--

DROP TABLE IF EXISTS `PARCOURS`;
/*!40101 SET @saved_cs_client     = @@character_set_client */;
/*!40101 SET character_set_client = utf8 */;
CREATE TABLE `PARCOURS` (
  `ID` bigint(20) NOT NULL AUTO_INCREMENT,
  `ACTIVE` int(11) DEFAULT '1',
  `VERSION` int(11) DEFAULT NULL,
  `NIVEAU_ID` bigint(20) DEFAULT NULL,
  `OPTION_ID` bigint(20) DEFAULT NULL,
  PRIMARY KEY (`ID`),
  KEY `FK_PARCOURS_OPTION_ID` (`OPTION_ID`),
  KEY `FK_PARCOURS_NIVEAU_ID` (`NIVEAU_ID`),
  CONSTRAINT `FK_PARCOURS_NIVEAU_ID` FOREIGN KEY (`NIVEAU_ID`) REFERENCES `NIVEAU` (`ID`),
  CONSTRAINT `FK_PARCOURS_OPTION_ID` FOREIGN KEY (`OPTION_ID`) REFERENCES `OPTIONS` (`ID`)
) ENGINE=InnoDB AUTO_INCREMENT=509 DEFAULT CHARSET=latin1;
/*!40101 SET character_set_client = @saved_cs_client */;

--
-- Dumping data for table `PARCOURS`
--

LOCK TABLES `PARCOURS` WRITE;
/*!40000 ALTER TABLE `PARCOURS` DISABLE KEYS */;
INSERT INTO `PARCOURS` VALUES (1,1,1,153,10),(3,1,1,103,158),(4,1,1,103,159),(5,1,1,103,160),(6,1,1,103,162),(7,1,1,103,163),(8,1,1,103,164),(9,1,1,153,161),(10,1,1,154,11),(11,1,1,155,11),(12,1,1,154,158),(13,1,1,152,164),(14,1,1,152,160),(506,0,1,103,320),(507,0,1,103,320),(508,0,1,152,320);
/*!40000 ALTER TABLE `PARCOURS` ENABLE KEYS */;
UNLOCK TABLES;

--
-- Table structure for table `PARCOURS_UNITEENSEIGNEMENT`
--

DROP TABLE IF EXISTS `PARCOURS_UNITEENSEIGNEMENT`;
/*!40101 SET @saved_cs_client     = @@character_set_client */;
/*!40101 SET character_set_client = utf8 */;
CREATE TABLE `PARCOURS_UNITEENSEIGNEMENT` (
  `parcours_ID` bigint(20) NOT NULL,
  `uniteEnseignements_ID` bigint(20) NOT NULL,
  PRIMARY KEY (`parcours_ID`,`uniteEnseignements_ID`),
  KEY `PARCOURS_UNITEENSEIGNEMENT_uniteEnseignements_ID` (`uniteEnseignements_ID`),
  CONSTRAINT `FK_PARCOURS_UNITEENSEIGNEMENT_parcours_ID` FOREIGN KEY (`parcours_ID`) REFERENCES `PARCOURS` (`ID`),
  CONSTRAINT `PARCOURS_UNITEENSEIGNEMENT_uniteEnseignements_ID` FOREIGN KEY (`uniteEnseignements_ID`) REFERENCES `UNITEENSEIGNEMENT` (`ID`)
) ENGINE=InnoDB DEFAULT CHARSET=latin1;
/*!40101 SET character_set_client = @saved_cs_client */;

--
-- Dumping data for table `PARCOURS_UNITEENSEIGNEMENT`
--

LOCK TABLES `PARCOURS_UNITEENSEIGNEMENT` WRITE;
/*!40000 ALTER TABLE `PARCOURS_UNITEENSEIGNEMENT` DISABLE KEYS */;
/*!40000 ALTER TABLE `PARCOURS_UNITEENSEIGNEMENT` ENABLE KEYS */;
UNLOCK TABLES;

--
-- Table structure for table `PROGRAMME`
--

DROP TABLE IF EXISTS `PROGRAMME`;
/*!40101 SET @saved_cs_client     = @@character_set_client */;
/*!40101 SET character_set_client = utf8 */;
CREATE TABLE `PROGRAMME` (
  `ID` bigint(20) NOT NULL,
  `ACTIVE` int(11) DEFAULT '1',
  `VERSION` int(11) DEFAULT NULL,
  `ANNEEACADEMIQUE_ID` bigint(20) DEFAULT NULL,
  `PARCOURS_ID` bigint(20) DEFAULT NULL,
  `UNITEENSEIGNEMENT_ID` bigint(20) DEFAULT NULL,
  `SEMESTRE_ID` bigint(20) DEFAULT NULL,
  PRIMARY KEY (`ID`),
  KEY `FK_PROGRAMME_PARCOURS_ID` (`PARCOURS_ID`),
  KEY `FK_PROGRAMME_ANNEEACADEMIQUE_ID` (`ANNEEACADEMIQUE_ID`),
  KEY `FK_PROGRAMME_UNITEENSEIGNEMENT_ID` (`UNITEENSEIGNEMENT_ID`),
  KEY `FK_PROGRAMME_SEMESTRE_ID` (`SEMESTRE_ID`),
  CONSTRAINT `FK_PROGRAMME_ANNEEACADEMIQUE_ID` FOREIGN KEY (`ANNEEACADEMIQUE_ID`) REFERENCES `ANNEEACADEMIQUE` (`ID`),
  CONSTRAINT `FK_PROGRAMME_PARCOURS_ID` FOREIGN KEY (`PARCOURS_ID`) REFERENCES `PARCOURS` (`ID`),
  CONSTRAINT `FK_PROGRAMME_SEMESTRE_ID` FOREIGN KEY (`SEMESTRE_ID`) REFERENCES `SEMESTRE` (`ID`),
  CONSTRAINT `FK_PROGRAMME_UNITEENSEIGNEMENT_ID` FOREIGN KEY (`UNITEENSEIGNEMENT_ID`) REFERENCES `UNITEENSEIGNEMENT` (`ID`)
) ENGINE=InnoDB DEFAULT CHARSET=latin1;
/*!40101 SET character_set_client = @saved_cs_client */;

--
-- Dumping data for table `PROGRAMME`
--

LOCK TABLES `PROGRAMME` WRITE;
/*!40000 ALTER TABLE `PROGRAMME` DISABLE KEYS */;
INSERT INTO `PROGRAMME` VALUES (509,0,2,NULL,NULL,NULL,236),(511,1,1,101,1,234,236),(512,0,2,NULL,NULL,NULL,236),(513,0,2,NULL,NULL,NULL,236),(515,0,2,NULL,NULL,NULL,236),(516,0,2,NULL,NULL,NULL,236),(551,1,1,101,5,451,236),(552,1,1,101,14,234,236);
/*!40000 ALTER TABLE `PROGRAMME` ENABLE KEYS */;
UNLOCK TABLES;

--
-- Table structure for table `SEMESTRE`
--

DROP TABLE IF EXISTS `SEMESTRE`;
/*!40101 SET @saved_cs_client     = @@character_set_client */;
/*!40101 SET character_set_client = utf8 */;
CREATE TABLE `SEMESTRE` (
  `ID` bigint(20) NOT NULL,
  `ACTIVE` int(11) DEFAULT '1',
  `INTITULE` varchar(255) DEFAULT NULL,
  `VERSION` int(11) DEFAULT NULL,
  `NIVEAU_ID` bigint(20) DEFAULT NULL,
  PRIMARY KEY (`ID`),
  KEY `FK_SEMESTRE_NIVEAU_ID` (`NIVEAU_ID`),
  CONSTRAINT `FK_SEMESTRE_NIVEAU_ID` FOREIGN KEY (`NIVEAU_ID`) REFERENCES `NIVEAU` (`ID`)
) ENGINE=InnoDB DEFAULT CHARSET=latin1;
/*!40101 SET character_set_client = @saved_cs_client */;

--
-- Dumping data for table `SEMESTRE`
--

LOCK TABLES `SEMESTRE` WRITE;
/*!40000 ALTER TABLE `SEMESTRE` DISABLE KEYS */;
INSERT INTO `SEMESTRE` VALUES (236,1,'Semestre 1',1,103),(237,1,'Semestre 2',1,103),(303,1,'Semestre 3',1,152),(304,1,'Semestre 4',1,152),(305,1,'Semestre 5',1,153),(306,1,'Semestre 6',1,153),(307,1,'Semestre 7',1,154),(308,1,'Semestre 8',1,154),(309,1,'Semestre 9',1,155),(310,1,'Semestre 10',1,155);
/*!40000 ALTER TABLE `SEMESTRE` ENABLE KEYS */;
UNLOCK TABLES;

--
-- Table structure for table `SEQUENCE`
--

DROP TABLE IF EXISTS `SEQUENCE`;
/*!40101 SET @saved_cs_client     = @@character_set_client */;
/*!40101 SET character_set_client = utf8 */;
CREATE TABLE `SEQUENCE` (
  `SEQ_NAME` varchar(50) NOT NULL,
  `SEQ_COUNT` decimal(38,0) DEFAULT NULL,
  PRIMARY KEY (`SEQ_NAME`)
) ENGINE=InnoDB DEFAULT CHARSET=latin1;
/*!40101 SET character_set_client = @saved_cs_client */;

--
-- Dumping data for table `SEQUENCE`
--

LOCK TABLES `SEQUENCE` WRITE;
/*!40000 ALTER TABLE `SEQUENCE` DISABLE KEYS */;
INSERT INTO `SEQUENCE` VALUES ('SEQ_GEN',750);
/*!40000 ALTER TABLE `SEQUENCE` ENABLE KEYS */;
UNLOCK TABLES;

--
-- Table structure for table `TYPECOURS`
--

DROP TABLE IF EXISTS `TYPECOURS`;
/*!40101 SET @saved_cs_client     = @@character_set_client */;
/*!40101 SET character_set_client = utf8 */;
CREATE TABLE `TYPECOURS` (
  `ID` bigint(20) NOT NULL,
  `ACTIVE` int(11) DEFAULT '1',
  `NOM` varchar(255) DEFAULT NULL,
  `VERSION` int(11) DEFAULT NULL,
  PRIMARY KEY (`ID`)
) ENGINE=InnoDB DEFAULT CHARSET=latin1;
/*!40101 SET character_set_client = @saved_cs_client */;

--
-- Dumping data for table `TYPECOURS`
--

LOCK TABLES `TYPECOURS` WRITE;
/*!40000 ALTER TABLE `TYPECOURS` DISABLE KEYS */;
INSERT INTO `TYPECOURS` VALUES (12,1,'UE avec CC TPE et Examen',1),(13,1,'UE Projet',1);
/*!40000 ALTER TABLE `TYPECOURS` ENABLE KEYS */;
UNLOCK TABLES;

--
-- Table structure for table `UNITEENSEIGNEMENT`
--

DROP TABLE IF EXISTS `UNITEENSEIGNEMENT`;
/*!40101 SET @saved_cs_client     = @@character_set_client */;
/*!40101 SET character_set_client = utf8 */;
CREATE TABLE `UNITEENSEIGNEMENT` (
  `ID` bigint(20) NOT NULL,
  `ACTIVE` int(11) DEFAULT '1',
  `CODE` varchar(255) DEFAULT NULL,
  `INTITULE` varchar(255) DEFAULT NULL,
  `VERSION` int(11) DEFAULT NULL,
  PRIMARY KEY (`ID`)
) ENGINE=InnoDB DEFAULT CHARSET=latin1;
/*!40101 SET character_set_client = @saved_cs_client */;

--
-- Dumping data for table `UNITEENSEIGNEMENT`
--

LOCK TABLES `UNITEENSEIGNEMENT` WRITE;
/*!40000 ALTER TABLE `UNITEENSEIGNEMENT` DISABLE KEYS */;
INSERT INTO `UNITEENSEIGNEMENT` VALUES (234,1,'ITEL101','Mathématiques 1',3),(401,1,'ITEL 102','Bases de données',2),(451,1,'ITEL103','fdnfdhdfn',1);
/*!40000 ALTER TABLE `UNITEENSEIGNEMENT` ENABLE KEYS */;
UNLOCK TABLES;

--
-- Table structure for table `UNITEENSEIGNEMENT_COURS`
--

DROP TABLE IF EXISTS `UNITEENSEIGNEMENT_COURS`;
/*!40101 SET @saved_cs_client     = @@character_set_client */;
/*!40101 SET character_set_client = utf8 */;
CREATE TABLE `UNITEENSEIGNEMENT_COURS` (
  `courses_ID` bigint(20) NOT NULL,
  `uniteEnseignements_ID` bigint(20) NOT NULL,
  PRIMARY KEY (`courses_ID`,`uniteEnseignements_ID`),
  KEY `FK_UNITEENSEIGNEMENT_COURS_uniteEnseignements_ID` (`uniteEnseignements_ID`),
  CONSTRAINT `FK_UNITEENSEIGNEMENT_COURS_courses_ID` FOREIGN KEY (`courses_ID`) REFERENCES `COURS` (`ID`),
  CONSTRAINT `FK_UNITEENSEIGNEMENT_COURS_uniteEnseignements_ID` FOREIGN KEY (`uniteEnseignements_ID`) REFERENCES `UNITEENSEIGNEMENT` (`ID`)
) ENGINE=InnoDB DEFAULT CHARSET=latin1;
/*!40101 SET character_set_client = @saved_cs_client */;

--
-- Dumping data for table `UNITEENSEIGNEMENT_COURS`
--

LOCK TABLES `UNITEENSEIGNEMENT_COURS` WRITE;
/*!40000 ALTER TABLE `UNITEENSEIGNEMENT_COURS` DISABLE KEYS */;
INSERT INTO `UNITEENSEIGNEMENT_COURS` VALUES (14,234),(14,401),(14,451);
/*!40000 ALTER TABLE `UNITEENSEIGNEMENT_COURS` ENABLE KEYS */;
UNLOCK TABLES;
/*!40103 SET TIME_ZONE=@OLD_TIME_ZONE */;

/*!40101 SET SQL_MODE=@OLD_SQL_MODE */;
/*!40014 SET FOREIGN_KEY_CHECKS=@OLD_FOREIGN_KEY_CHECKS */;
/*!40014 SET UNIQUE_CHECKS=@OLD_UNIQUE_CHECKS */;
/*!40101 SET CHARACTER_SET_CLIENT=@OLD_CHARACTER_SET_CLIENT */;
/*!40101 SET CHARACTER_SET_RESULTS=@OLD_CHARACTER_SET_RESULTS */;
/*!40101 SET COLLATION_CONNECTION=@OLD_COLLATION_CONNECTION */;
/*!40111 SET SQL_NOTES=@OLD_SQL_NOTES */;

-- Dump completed on 2015-04-05  1:22:22
